age,weight_kg,height_cm,bmi,has_diabetes,has_hypertension,rh_negative,age_group,bmi_category,blood_type,medical_history,risk
21,70.1,169,24.54,0,0,0,1,1,B_POS,aucun,FAIBLE
19,50.6,156,20.8,0,0,0,0,1,O_POS,aucun,FAIBLE
22,63.4,170,21.95,0,0,1,1,1,O_NEG,aucun,FAIBLE
19,52.1,151,22.84,0,0,1,0,1,AB_NEG,aucun,FAIBLE
26,63.8,170,22.07,0,0,1,1,1,A_NEG,aucun,FAIBLE
26,59.5,174,19.66,0,0,0,1,1,B_POS,aucun,FAIBLE
26,63.3,177,20.21,0,0,1,1,1,AB_NEG,aucun,FAIBLE
28,57.4,168,20.33,0,0,1,2,1,B_NEG,aucun,FAIBLE
17,52.2,154,22.0,0,0,0,0,1,AB_POS,aucun,FAIBLE
16,57.3,153,24.47,0,0,1,0,1,AB_NEG,aucun,FAIBLE
23,55.8,175,18.22,0,0,1,1,0,B_NEG,aucun,FAIBLE
26,53.6,156,22.01,0,0,1,1,1,O_NEG,aucun,FAIBLE
28,53.5,166,19.41,0,0,1,2,1,O_NEG,aucun,FAIBLE
28,45.7,155,19.04,0,0,1,2,1,B_NEG,aucun,FAIBLE
29,64.8,167,23.24,0,0,1,2,1,A_NEG,aucun,FAIBLE
18,60.8,163,22.88,0,0,0,0,1,O_POS,aucun,FAIBLE
21,55.9,177,17.83,0,0,1,1,0,O_NEG,aucun,FAIBLE
27,59.9,167,21.49,0,0,1,1,1,O_NEG,aucun,FAIBLE
26,67.4,177,21.52,0,0,0,1,1,A_POS,aucun,FAIBLE
27,39.6,150,17.62,0,0,0,1,0,A_POS,aucun,FAIBLE
26,43.2,157,17.54,0,0,0,1,0,B_POS,aucun,FAIBLE
22,53.9,152,23.35,0,0,0,1,1,B_POS,aucun,FAIBLE
21,56.2,175,18.36,0,0,0,1,0,O_POS,aucun,FAIBLE
26,41.5,151,18.21,0,0,0,1,0,O_POS,aucun,FAIBLE
22,54.3,154,22.9,0,0,1,1,1,O_NEG,aucun,FAIBLE
17,45.8,150,20.33,0,0,0,0,1,O_POS,aucun,FAIBLE
15,51.4,154,21.65,0,0,0,0,1,O_POS,aucun,FAIBLE
25,56.8,158,22.76,0,0,1,1,1,A_NEG,aucun,FAIBLE
27,50.0,168,17.73,0,0,0,1,0,O_POS,aucun,FAIBLE
27,74.2,181,22.65,0,0,0,1,1,AB_POS,aucun,FAIBLE
27,62.1,164,23.09,1,0,1,1,1,B_NEG,diabete,FAIBLE
21,70.1,176,22.64,1,0,1,1,1,B_NEG,diabete,FAIBLE
27,71.1,179,22.19,0,0,1,1,1,AB_NEG,aucun,FAIBLE
26,53.4,161,20.58,0,0,1,1,1,AB_NEG,aucun,FAIBLE
24,71.4,172,24.13,1,0,0,1,1,O_POS,diabete,FAIBLE
15,67.5,174,22.29,0,0,0,0,1,A_POS,aucun,FAIBLE
23,40.6,152,17.55,0,0,1,1,0,O_NEG,aucun,FAIBLE
28,53.7,154,22.62,0,0,1,2,1,A_NEG,aucun,FAIBLE
29,61.6,176,19.89,0,0,1,2,1,O_NEG,aucun,FAIBLE
18,49.5,166,17.98,0,1,1,0,0,A_NEG,hypertension,FAIBLE
28,51.5,156,21.18,0,0,0,2,1,A_POS,aucun,FAIBLE
22,53.7,166,19.47,0,0,1,1,1,A_NEG,aucun,FAIBLE
20,57.9,172,19.56,0,0,0,1,1,A_POS,aucun,FAIBLE
28,48.9,151,21.43,0,1,1,2,1,A_NEG,hypertension,FAIBLE
21,42.4,153,18.1,0,0,1,1,0,O_NEG,aucun,FAIBLE
29,48.6,155,20.22,0,1,1,2,1,B_NEG,hypertension,FAIBLE
20,60.3,160,23.54,0,0,1,1,1,O_NEG,aucun,FAIBLE
26,58.5,176,18.88,0,0,0,1,1,AB_POS,aucun,FAIBLE
26,59.3,176,19.13,0,0,1,1,1,A_NEG,aucun,FAIBLE
17,63.6,169,22.27,1,0,1,0,1,B_NEG,diabete,FAIBLE
22,69.9,181,21.33,0,0,1,1,1,O_NEG,aucun,FAIBLE
26,55.5,174,18.34,0,0,0,1,0,O_POS,aucun,FAIBLE
24,44.3,152,19.19,0,0,1,1,1,O_NEG,aucun,FAIBLE
23,61.2,169,21.42,1,1,1,1,1,A_NEG,diabete_hypertension,FAIBLE
28,56.1,161,21.63,0,0,1,2,1,O_NEG,aucun,FAIBLE
23,50.1,158,20.08,0,0,1,1,1,O_NEG,aucun,FAIBLE
18,61.3,173,20.49,0,0,0,0,1,A_POS,aucun,FAIBLE
25,51.5,166,18.7,0,0,1,1,1,AB_NEG,aucun,FAIBLE
28,46.8,152,20.25,0,0,0,2,1,A_POS,aucun,FAIBLE
27,52.1,167,18.69,0,0,1,1,1,A_NEG,aucun,FAIBLE
17,67.7,165,24.86,0,0,1,0,1,B_NEG,aucun,FAIBLE
15,52.9,163,19.91,0,0,1,0,1,B_NEG,aucun,FAIBLE
22,55.6,156,22.83,0,0,1,1,1,O_NEG,aucun,FAIBLE
26,62.6,176,20.22,0,0,0,1,1,O_POS,aucun,FAIBLE
28,59.4,155,24.74,0,0,0,2,1,B_POS,aucun,FAIBLE
25,72.4,176,23.38,0,0,1,1,1,AB_NEG,aucun,FAIBLE
29,78.3,181,23.89,0,0,1,2,1,B_NEG,aucun,FAIBLE
17,41.4,153,17.68,0,0,0,0,0,A_POS,aucun,FAIBLE
26,65.7,177,20.98,1,0,1,1,1,AB_NEG,diabete,FAIBLE
17,55.2,177,17.61,0,0,1,0,0,O_NEG,aucun,FAIBLE
28,62.8,170,21.73,0,0,1,2,1,B_NEG,aucun,FAIBLE
29,64.5,178,20.35,0,0,0,2,1,O_POS,aucun,FAIBLE
17,66.4,181,20.26,1,0,1,0,1,A_NEG,diabete,FAIBLE
24,50.2,152,21.72,0,0,1,1,1,O_NEG,aucun,FAIBLE
29,58.9,171,20.15,0,0,0,2,1,O_POS,aucun,FAIBLE
16,70.4,175,22.98,0,0,0,0,1,A_POS,aucun,FAIBLE
20,58.8,165,21.59,0,0,1,1,1,A_NEG,aucun,FAIBLE
17,66.7,167,23.92,0,0,0,0,1,AB_POS,aucun,FAIBLE
21,67.1,174,22.15,0,0,1,1,1,B_NEG,aucun,FAIBLE
28,48.7,165,17.88,0,0,0,2,0,B_POS,aucun,FAIBLE
26,41.5,151,18.2,0,0,0,1,0,O_POS,aucun,FAIBLE
17,56.5,174,18.65,0,0,1,0,1,AB_NEG,aucun,FAIBLE
24,54.3,175,17.73,0,0,1,1,0,B_NEG,aucun,FAIBLE
29,62.8,171,21.47,0,0,0,2,1,AB_POS,aucun,FAIBLE
19,59.8,177,19.1,0,0,0,0,1,AB_POS,aucun,FAIBLE
20,49.7,162,18.94,0,0,1,1,1,AB_NEG,aucun,FAIBLE
21,56.4,157,22.87,0,1,0,1,1,AB_POS,hypertension,FAIBLE
24,57.0,179,17.8,0,0,1,1,0,O_NEG,aucun,FAIBLE
26,55.4,175,18.08,0,0,0,1,0,AB_POS,aucun,FAIBLE
28,61.1,172,20.67,0,0,1,2,1,B_NEG,aucun,FAIBLE
24,57.1,175,18.66,0,0,1,1,1,A_NEG,aucun,FAIBLE
20,51.3,165,18.85,0,0,0,1,1,AB_POS,aucun,FAIBLE
27,54.4,156,22.36,0,0,0,1,1,AB_POS,aucun,FAIBLE
21,44.7,152,19.33,0,0,1,1,1,O_NEG,aucun,FAIBLE
20,60.6,174,20.03,0,0,1,1,1,B_NEG,aucun,FAIBLE
15,76.4,179,23.83,0,0,1,0,1,B_NEG,aucun,FAIBLE
24,64.7,175,21.14,0,0,0,1,1,O_POS,aucun,FAIBLE
28,71.5,179,22.31,0,0,1,2,1,A_NEG,aucun,FAIBLE
19,41.8,153,17.84,0,0,0,0,0,O_POS,aucun,FAIBLE
17,64.9,175,21.21,0,0,1,0,1,O_NEG,aucun,FAIBLE
18,49.1,165,18.02,1,0,0,0,0,O_POS,diabete,FAIBLE
26,72.8,181,22.21,0,0,1,1,1,B_NEG,aucun,FAIBLE
16,51.4,152,22.26,0,0,0,0,1,A_POS,aucun,FAIBLE
25,52.5,154,22.13,0,1,0,1,1,A_POS,hypertension,FAIBLE
24,48.5,160,18.95,0,0,0,1,1,AB_POS,aucun,FAIBLE
28,40.6,151,17.79,0,0,1,2,0,A_NEG,aucun,FAIBLE
15,60.8,175,19.86,0,0,1,0,1,A_NEG,aucun,FAIBLE
28,44.3,151,19.43,0,0,0,2,1,O_POS,aucun,FAIBLE
19,61.8,167,22.15,0,0,0,0,1,AB_POS,aucun,FAIBLE
23,71.3,170,24.66,0,0,1,1,1,B_NEG,aucun,FAIBLE
23,70.2,173,23.47,0,0,0,1,1,A_POS,aucun,FAIBLE
18,54.0,167,19.35,0,0,1,0,1,O_NEG,aucun,FAIBLE
28,78.1,181,23.85,0,0,0,2,1,A_POS,aucun,FAIBLE
21,58.3,174,19.26,1,0,1,1,1,AB_NEG,diabete,FAIBLE
28,67.4,169,23.62,0,0,1,2,1,AB_NEG,aucun,FAIBLE
17,49.3,166,17.9,1,0,0,0,0,AB_POS,diabete,FAIBLE
26,49.6,158,19.86,0,0,1,1,1,AB_NEG,aucun,FAIBLE
18,59.7,168,21.15,0,0,1,0,1,O_NEG,aucun,FAIBLE
17,51.7,161,19.93,0,0,0,0,1,B_POS,aucun,FAIBLE
19,68.9,172,23.28,0,0,0,0,1,O_POS,aucun,FAIBLE
24,54.9,175,17.93,0,0,0,1,0,O_POS,aucun,FAIBLE
17,63.7,172,21.54,0,0,0,0,1,B_POS,aucun,FAIBLE
26,57.8,158,23.14,0,0,1,1,1,B_NEG,aucun,FAIBLE
20,50.3,156,20.65,0,0,1,1,1,O_NEG,aucun,FAIBLE
16,70.4,176,22.73,0,0,0,0,1,AB_POS,aucun,FAIBLE
20,61.5,168,21.8,0,0,0,1,1,AB_POS,aucun,FAIBLE
18,67.5,166,24.51,0,0,0,0,1,A_POS,aucun,FAIBLE
18,54.6,155,22.74,0,0,0,0,1,B_POS,aucun,FAIBLE
20,50.2,156,20.64,0,0,1,1,1,A_NEG,aucun,FAIBLE
28,44.8,152,19.38,0,0,1,2,1,A_NEG,aucun,FAIBLE
24,52.5,169,18.38,0,0,0,1,0,AB_POS,aucun,FAIBLE
21,50.7,150,22.54,0,1,1,1,1,B_NEG,hypertension,FAIBLE
29,61.4,177,19.61,0,0,1,2,1,O_NEG,aucun,FAIBLE
19,56.3,155,23.44,0,1,0,0,1,AB_POS,hypertension,FAIBLE
27,64.8,164,24.09,1,0,1,1,1,AB_NEG,diabete,FAIBLE
26,45.9,154,19.37,0,1,0,1,1,B_POS,hypertension,FAIBLE
16,59.6,164,22.16,0,0,1,0,1,AB_NEG,aucun,FAIBLE
15,65.5,170,22.66,1,0,0,0,1,B_POS,diabete,FAIBLE
23,50.1,160,19.58,0,0,1,1,1,O_NEG,aucun,FAIBLE
20,47.4,161,18.29,0,0,0,1,0,AB_POS,aucun,FAIBLE
26,49.0,153,20.93,0,0,1,1,1,A_NEG,aucun,FAIBLE
26,63.2,177,20.17,0,1,1,1,1,B_NEG,hypertension,FAIBLE
20,69.6,180,21.47,0,0,0,1,1,A_POS,aucun,FAIBLE
27,61.1,177,19.51,1,0,0,1,1,AB_POS,diabete,FAIBLE
27,58.9,155,24.53,0,0,1,1,1,O_NEG,aucun,FAIBLE
23,41.3,151,18.11,0,0,1,1,0,AB_NEG,aucun,FAIBLE
27,42.0,154,17.7,0,0,0,1,0,A_POS,aucun,FAIBLE
16,81.2,181,24.79,0,0,0,0,1,B_POS,aucun,FAIBLE
29,74.7,174,24.68,0,0,0,2,1,B_POS,aucun,FAIBLE
15,40.5,151,17.77,0,0,0,0,0,O_POS,aucun,FAIBLE
21,54.3,155,22.62,1,1,0,1,1,AB_POS,diabete_hypertension,FAIBLE
20,49.9,152,21.61,0,0,0,1,1,AB_POS,aucun,FAIBLE
24,51.3,159,20.3,0,0,0,1,1,AB_POS,aucun,FAIBLE
28,55.3,150,24.56,0,0,0,2,1,AB_POS,aucun,FAIBLE
15,63.7,166,23.1,0,0,1,0,1,A_NEG,aucun,FAIBLE
22,54.7,156,22.47,0,0,1,1,1,A_NEG,aucun,FAIBLE
17,61.3,176,19.78,0,0,0,0,1,A_POS,aucun,FAIBLE
19,76.9,179,23.99,0,0,0,0,1,A_POS,aucun,FAIBLE
29,55.4,164,20.61,0,0,0,2,1,AB_POS,aucun,FAIBLE
16,48.8,160,19.08,0,0,1,0,1,AB_NEG,aucun,FAIBLE
16,52.9,155,22.0,0,0,1,0,1,A_NEG,aucun,FAIBLE
25,68.3,168,24.19,0,0,1,1,1,B_NEG,aucun,FAIBLE
15,72.5,173,24.24,0,0,1,0,1,AB_NEG,aucun,FAIBLE
17,67.6,166,24.53,0,0,1,0,1,B_NEG,aucun,FAIBLE
15,58.6,159,23.19,0,0,1,0,1,B_NEG,aucun,FAIBLE
16,50.8,155,21.15,0,0,0,0,1,AB_POS,aucun,FAIBLE
25,54.5,165,20.03,0,0,0,1,1,O_POS,aucun,FAIBLE
21,50.7,165,18.62,0,0,1,1,1,AB_NEG,aucun,FAIBLE
18,55.8,157,22.65,0,0,0,0,1,A_POS,aucun,FAIBLE
17,69.5,176,22.44,0,0,1,0,1,A_NEG,aucun,FAIBLE
17,66.6,168,23.58,0,0,1,0,1,A_NEG,aucun,FAIBLE
27,53.1,171,18.16,0,0,0,1,0,A_POS,aucun,FAIBLE
26,73.9,175,24.12,0,0,0,1,1,A_POS,aucun,FAIBLE
27,55.1,176,17.79,0,0,0,1,0,A_POS,aucun,FAIBLE
20,57.3,164,21.29,1,0,0,1,1,B_POS,diabete,FAIBLE
27,53.9,166,19.55,0,0,0,1,1,A_POS,aucun,FAIBLE
17,78.6,178,24.8,0,0,0,0,1,O_POS,aucun,FAIBLE
20,58.7,163,22.08,0,0,0,1,1,O_POS,aucun,FAIBLE
16,47.1,162,17.96,0,0,0,0,0,B_POS,aucun,FAIBLE
21,55.7,152,24.12,0,0,1,1,1,AB_NEG,aucun,FAIBLE
26,62.8,162,23.92,0,0,1,1,1,AB_NEG,aucun,FAIBLE
29,63.9,181,19.49,0,0,0,2,1,AB_POS,aucun,FAIBLE
21,71.8,174,23.72,0,0,1,1,1,AB_NEG,aucun,FAIBLE
26,72.9,174,24.09,0,0,1,1,1,B_NEG,aucun,FAIBLE
24,51.5,152,22.3,0,0,1,1,1,A_NEG,aucun,FAIBLE
29,63.9,171,21.84,0,0,1,2,1,O_NEG,aucun,FAIBLE
26,57.3,168,20.3,0,0,0,1,1,AB_POS,aucun,FAIBLE
24,71.2,181,21.72,0,0,1,1,1,O_NEG,aucun,FAIBLE
20,57.9,154,24.41,0,0,0,1,1,AB_POS,aucun,FAIBLE
20,46.4,155,19.32,0,0,1,1,1,B_NEG,aucun,FAIBLE
28,75.2,179,23.46,0,0,1,2,1,O_NEG,aucun,FAIBLE
21,49.4,152,21.38,0,0,1,1,1,O_NEG,aucun,FAIBLE
22,78.2,180,24.13,0,1,1,1,1,B_NEG,hypertension,FAIBLE
18,63.3,164,23.55,0,0,0,0,1,A_POS,aucun,FAIBLE
20,66.5,168,23.57,0,0,1,1,1,A_NEG,aucun,FAIBLE
22,59.9,175,19.57,0,0,1,1,1,B_NEG,aucun,FAIBLE
24,66.6,171,22.76,0,0,1,1,1,B_NEG,aucun,FAIBLE
15,47.6,161,18.35,0,0,1,0,0,A_NEG,aucun,FAIBLE
20,50.4,154,21.25,0,0,0,1,1,O_POS,aucun,FAIBLE
25,41.3,152,17.88,0,0,1,1,0,A_NEG,aucun,FAIBLE
19,63.8,172,21.56,0,0,1,0,1,A_NEG,aucun,FAIBLE
16,55.4,169,19.38,0,0,0,0,1,AB_POS,aucun,FAIBLE
23,53.8,160,21.0,0,0,1,1,1,AB_NEG,aucun,FAIBLE
28,79.0,180,24.38,0,0,1,2,1,AB_NEG,aucun,FAIBLE
16,64.8,163,24.4,1,0,0,0,1,B_POS,diabete,FAIBLE
26,41.6,152,17.99,0,0,1,1,0,O_NEG,aucun,FAIBLE
26,76.3,181,23.28,0,0,0,1,1,B_POS,aucun,FAIBLE
28,58.6,177,18.71,0,0,0,2,1,AB_POS,aucun,FAIBLE
17,68.7,176,22.19,0,0,1,0,1,AB_NEG,aucun,FAIBLE
27,51.6,159,20.4,0,0,1,1,1,O_NEG,aucun,FAIBLE
22,64.2,163,24.16,0,0,0,1,1,AB_POS,aucun,FAIBLE
21,68.8,180,21.22,0,0,0,1,1,A_POS,aucun,FAIBLE
29,63.4,172,21.44,1,0,0,2,1,AB_POS,diabete,FAIBLE
17,44.7,156,18.37,0,0,1,0,0,AB_NEG,aucun,FAIBLE
17,55.8,157,22.63,0,0,1,0,1,B_NEG,aucun,FAIBLE
27,48.3,150,21.45,0,0,0,1,1,O_POS,aucun,FAIBLE
27,55.4,155,23.07,0,0,0,1,1,AB_POS,aucun,FAIBLE
21,39.9,150,17.75,0,0,1,1,0,AB_NEG,aucun,FAIBLE
19,71.5,176,23.08,0,0,1,0,1,AB_NEG,aucun,FAIBLE
29,63.9,164,23.76,0,0,1,2,1,O_NEG,aucun,FAIBLE
29,68.1,178,21.49,0,0,0,2,1,AB_POS,aucun,FAIBLE
26,59.9,162,22.83,0,0,0,1,1,O_POS,aucun,FAIBLE
18,53.4,153,22.8,0,0,0,0,1,B_POS,aucun,FAIBLE
25,77.6,179,24.22,0,0,1,1,1,AB_NEG,aucun,FAIBLE
21,52.8,164,19.63,0,0,0,1,1,B_POS,aucun,FAIBLE
27,52.4,157,21.24,0,0,0,1,1,A_POS,aucun,FAIBLE
22,68.6,177,21.89,0,0,1,1,1,B_NEG,aucun,FAIBLE
18,57.7,154,24.33,0,0,1,0,1,O_NEG,aucun,FAIBLE
15,63.5,177,20.27,0,0,0,0,1,A_POS,aucun,FAIBLE
27,64.9,163,24.41,1,0,1,1,1,AB_NEG,diabete,FAIBLE
15,51.1,163,19.25,0,0,1,0,1,A_NEG,aucun,FAIBLE
20,71.9,172,24.31,0,0,0,1,1,O_POS,aucun,FAIBLE
17,54.2,157,22.0,0,0,0,0,1,O_POS,aucun,FAIBLE
23,59.3,159,23.44,0,0,0,1,1,AB_POS,aucun,FAIBLE
17,66.6,180,20.57,1,0,1,0,1,A_NEG,diabete,FAIBLE
16,48.8,156,20.07,1,0,1,0,1,A_NEG,diabete,FAIBLE
25,64.6,176,20.85,0,0,0,1,1,B_POS,aucun,FAIBLE
23,45.6,156,18.72,1,0,0,1,1,AB_POS,diabete,FAIBLE
15,69.1,178,21.8,0,0,1,0,1,AB_NEG,aucun,FAIBLE
16,61.6,170,21.31,0,1,0,0,1,A_POS,hypertension,FAIBLE
15,58.7,169,20.57,0,0,1,0,1,B_NEG,aucun,FAIBLE
22,54.3,166,19.72,0,0,1,1,1,O_NEG,aucun,FAIBLE
21,53.8,168,19.05,0,0,0,1,1,B_POS,aucun,FAIBLE
28,70.1,178,22.12,0,0,0,2,1,AB_POS,aucun,FAIBLE
22,50.8,168,17.99,0,0,1,1,0,AB_NEG,aucun,FAIBLE
16,48.9,151,21.45,0,0,0,0,1,A_POS,aucun,FAIBLE
20,52.6,168,18.65,0,0,0,1,1,A_POS,aucun,FAIBLE
21,56.2,156,23.07,0,0,1,1,1,A_NEG,aucun,FAIBLE
28,46.8,151,20.52,0,1,0,2,1,O_POS,hypertension,FAIBLE
16,54.5,156,22.38,0,0,0,0,1,A_POS,aucun,FAIBLE
17,56.7,173,18.95,0,0,0,0,1,O_POS,aucun,FAIBLE
20,70.9,174,23.42,0,0,0,1,1,B_POS,aucun,FAIBLE
26,61.4,164,22.83,0,0,0,1,1,B_POS,aucun,FAIBLE
28,78.1,181,23.83,0,1,0,2,1,B_POS,hypertension,FAIBLE
18,44.0,154,18.54,0,0,1,0,1,AB_NEG,aucun,FAIBLE
16,54.0,156,22.19,0,0,0,0,1,A_POS,aucun,FAIBLE
17,51.3,165,18.84,0,0,1,0,1,B_NEG,aucun,FAIBLE
16,55.3,151,24.24,0,0,0,0,1,AB_POS,aucun,FAIBLE
24,65.8,180,20.31,0,0,0,1,1,O_POS,aucun,FAIBLE
18,47.6,154,20.05,0,0,1,0,1,O_NEG,aucun,FAIBLE
16,56.9,170,19.68,0,1,1,0,1,B_NEG,hypertension,FAIBLE
26,54.9,173,18.35,0,0,1,1,0,AB_NEG,aucun,FAIBLE
28,69.3,172,23.42,0,0,0,2,1,A_POS,aucun,FAIBLE
15,61.1,163,22.99,0,0,1,0,1,A_NEG,aucun,FAIBLE
21,46.3,158,18.53,0,0,0,1,1,B_POS,aucun,FAIBLE
24,74.0,175,24.16,0,0,1,1,1,A_NEG,aucun,FAIBLE
25,58.3,155,24.27,0,0,0,1,1,AB_POS,aucun,FAIBLE
23,43.2,155,18.0,0,0,0,1,0,AB_POS,aucun,FAIBLE
24,49.3,161,19.03,0,0,1,1,1,A_NEG,aucun,FAIBLE
25,59.0,174,19.47,0,0,0,1,1,B_POS,aucun,FAIBLE
26,58.8,162,22.42,0,0,0,1,1,O_POS,aucun,FAIBLE
15,62.8,175,20.49,0,0,1,0,1,AB_NEG,aucun,FAIBLE
16,77.1,177,24.59,0,0,0,0,1,A_POS,aucun,FAIBLE
18,54.5,168,19.32,0,0,0,0,1,AB_POS,aucun,FAIBLE
25,79.5,181,24.27,0,0,0,1,1,B_POS,aucun,FAIBLE
17,61.5,171,21.02,0,1,0,0,1,O_POS,hypertension,FAIBLE
20,50.0,154,21.08,0,0,1,1,1,A_NEG,aucun,FAIBLE
18,61.8,168,21.9,0,0,0,0,1,B_POS,aucun,FAIBLE
25,48.9,162,18.64,0,0,0,1,1,A_POS,aucun,FAIBLE
19,45.1,158,18.06,0,0,0,0,0,A_POS,aucun,FAIBLE
27,56.1,160,21.93,0,0,0,1,1,A_POS,aucun,FAIBLE
17,65.3,167,23.42,0,1,1,0,1,B_NEG,hypertension,FAIBLE
20,41.6,151,18.26,0,0,0,1,0,AB_POS,aucun,FAIBLE
25,51.0,166,18.51,0,0,1,1,1,A_NEG,aucun,FAIBLE
15,48.8,164,18.14,0,0,1,0,0,O_NEG,aucun,FAIBLE
22,76.0,180,23.47,0,0,0,1,1,O_POS,aucun,FAIBLE
20,47.7,157,19.35,0,0,0,1,1,A_POS,aucun,FAIBLE
25,54.8,175,17.88,0,0,1,1,0,A_NEG,aucun,FAIBLE
24,66.3,165,24.35,0,0,0,1,1,O_POS,aucun,FAIBLE
20,60.7,175,19.82,0,0,0,1,1,O_POS,aucun,FAIBLE
23,68.7,168,24.34,0,0,1,1,1,A_NEG,aucun,FAIBLE
27,64.2,167,23.01,0,0,1,1,1,B_NEG,aucun,FAIBLE
16,73.2,176,23.63,0,0,0,0,1,A_POS,aucun,FAIBLE
22,50.0,152,21.65,0,0,0,1,1,AB_POS,aucun,FAIBLE
19,51.2,160,20.02,0,0,0,0,1,O_POS,aucun,FAIBLE
21,63.1,164,23.45,0,0,1,1,1,B_NEG,aucun,FAIBLE
23,58.1,162,22.13,0,0,1,1,1,O_NEG,aucun,FAIBLE
26,66.0,179,20.59,0,0,0,1,1,B_POS,aucun,FAIBLE
28,74.3,176,23.97,0,0,0,2,1,AB_POS,aucun,FAIBLE
17,77.1,176,24.88,0,0,1,0,1,B_NEG,aucun,FAIBLE
15,56.3,178,17.78,0,0,1,0,0,B_NEG,aucun,FAIBLE
22,64.2,161,24.78,0,0,1,1,1,A_NEG,aucun,FAIBLE
29,52.0,156,21.37,0,0,0,2,1,A_POS,aucun,FAIBLE
17,52.8,162,20.12,0,0,1,0,1,AB_NEG,aucun,FAIBLE
16,70.0,179,21.86,0,0,1,0,1,O_NEG,aucun,FAIBLE
28,55.6,164,20.67,0,0,0,2,1,A_POS,aucun,FAIBLE
18,63.7,161,24.58,0,0,0,0,1,AB_POS,aucun,FAIBLE
25,64.5,177,20.59,0,0,1,1,1,O_NEG,aucun,FAIBLE
22,61.9,160,24.19,0,0,1,1,1,A_NEG,aucun,FAIBLE
18,45.0,153,19.21,0,0,1,0,1,B_NEG,aucun,FAIBLE
20,68.3,170,23.65,0,0,1,1,1,AB_NEG,aucun,FAIBLE
16,57.9,174,19.13,0,1,0,0,1,A_POS,hypertension,FAIBLE
22,56.3,155,23.43,0,1,1,1,1,AB_NEG,hypertension,FAIBLE
15,60.8,158,24.37,0,0,1,0,1,A_NEG,aucun,FAIBLE
25,53.9,159,21.31,0,0,1,1,1,A_NEG,aucun,FAIBLE
22,54.4,152,23.54,0,0,1,1,1,AB_NEG,aucun,FAIBLE
27,47.8,164,17.76,0,0,1,1,0,B_NEG,aucun,FAIBLE
16,61.4,160,23.99,0,0,0,0,1,B_POS,aucun,FAIBLE
27,44.5,158,17.83,0,0,1,1,0,A_NEG,aucun,FAIBLE
23,60.1,164,22.35,0,0,0,1,1,AB_POS,aucun,FAIBLE
16,58.0,173,19.37,0,0,1,0,1,AB_NEG,aucun,FAIBLE
19,57.6,165,21.17,0,1,1,0,1,AB_NEG,hypertension,FAIBLE
27,56.6,177,18.06,0,0,0,1,0,A_POS,aucun,FAIBLE
27,69.8,181,21.32,0,0,0,1,1,B_POS,aucun,FAIBLE
22,55.5,157,22.52,0,0,0,1,1,B_POS,aucun,FAIBLE
15,51.3,155,21.36,0,0,1,0,1,O_NEG,aucun,FAIBLE
15,74.1,176,23.92,0,0,0,0,1,A_POS,aucun,FAIBLE
27,73.8,174,24.38,0,0,1,1,1,B_NEG,aucun,FAIBLE
20,58.5,177,18.67,0,1,0,1,1,B_POS,hypertension,FAIBLE
23,67.8,168,24.01,0,0,1,1,1,A_NEG,aucun,FAIBLE
25,66.5,170,23.0,0,0,0,1,1,O_POS,aucun,FAIBLE
16,61.4,163,23.1,0,0,1,0,1,B_NEG,aucun,FAIBLE
27,52.9,163,19.92,0,0,0,1,1,A_POS,aucun,FAIBLE
29,50.6,151,22.19,0,0,1,2,1,O_NEG,aucun,FAIBLE
20,65.3,168,23.13,0,0,1,1,1,A_NEG,aucun,FAIBLE
16,66.1,180,20.4,1,0,0,0,1,O_POS,diabete,FAIBLE
27,71.5,171,24.44,0,0,1,1,1,O_NEG,aucun,FAIBLE
18,58.0,176,18.73,0,0,1,0,1,B_NEG,aucun,FAIBLE
24,58.7,171,20.06,0,0,1,1,1,A_NEG,aucun,FAIBLE
16,69.2,167,24.83,0,1,0,0,1,O_POS,hypertension,FAIBLE
18,57.2,176,18.46,0,0,0,0,0,AB_POS,aucun,FAIBLE
27,60.4,160,23.58,0,0,0,1,1,O_POS,aucun,FAIBLE
17,57.7,160,22.56,0,0,1,0,1,A_NEG,aucun,FAIBLE
16,77.6,178,24.49,0,0,0,0,1,B_POS,aucun,FAIBLE
21,62.9,164,23.38,0,0,0,1,1,AB_POS,aucun,FAIBLE
16,60.6,164,22.54,0,0,1,0,1,AB_NEG,aucun,FAIBLE
17,67.9,166,24.63,0,0,1,0,1,O_NEG,aucun,FAIBLE
19,55.4,164,20.61,0,1,0,0,1,B_POS,hypertension,FAIBLE
17,62.9,174,20.77,0,0,0,0,1,B_POS,aucun,FAIBLE
26,46.1,155,19.2,0,0,0,1,1,AB_POS,aucun,FAIBLE
15,69.0,174,22.79,0,0,1,0,1,A_NEG,aucun,FAIBLE
25,46.0,157,18.68,0,0,0,1,1,A_POS,aucun,FAIBLE
19,57.2,157,23.2,0,0,1,0,1,AB_NEG,aucun,FAIBLE
21,54.1,152,23.4,0,0,1,1,1,B_NEG,aucun,FAIBLE
26,67.6,175,22.06,0,0,1,1,1,AB_NEG,aucun,FAIBLE
28,58.3,163,21.93,0,0,1,2,1,AB_NEG,aucun,FAIBLE
18,47.4,158,18.98,0,0,0,0,1,A_POS,aucun,FAIBLE
20,58.2,171,19.91,0,0,1,1,1,A_NEG,aucun,FAIBLE
25,68.4,181,20.87,0,0,1,1,1,O_NEG,aucun,FAIBLE
28,66.9,181,20.43,0,0,0,2,1,O_POS,aucun,FAIBLE
25,60.6,162,23.1,0,0,1,1,1,B_NEG,aucun,FAIBLE
22,53.9,160,21.06,0,0,1,1,1,O_NEG,aucun,FAIBLE
26,65.8,174,21.72,0,0,0,1,1,O_POS,aucun,FAIBLE
20,71.1,177,22.7,0,0,1,1,1,A_NEG,aucun,FAIBLE
16,56.5,177,18.04,0,0,0,0,0,A_POS,aucun,FAIBLE
27,56.9,179,17.75,0,0,1,1,0,B_NEG,aucun,FAIBLE
21,56.4,151,24.73,0,0,1,1,1,A_NEG,aucun,FAIBLE
16,51.1,164,18.98,0,0,0,0,1,O_POS,aucun,FAIBLE
22,47.2,160,18.42,0,0,0,1,0,B_POS,aucun,FAIBLE
20,44.6,158,17.88,0,0,1,1,0,O_NEG,aucun,FAIBLE
26,60.4,157,24.51,0,0,1,1,1,B_NEG,aucun,FAIBLE
28,63.3,164,23.53,0,0,0,2,1,O_POS,aucun,FAIBLE
18,56.6,155,23.55,0,0,1,0,1,A_NEG,aucun,FAIBLE
29,46.7,158,18.71,0,0,1,2,1,AB_NEG,aucun,FAIBLE
20,50.1,161,19.33,0,0,0,1,1,AB_POS,aucun,FAIBLE
17,61.1,175,19.93,0,0,1,0,1,AB_NEG,aucun,FAIBLE
22,74.0,178,23.34,0,0,0,1,1,O_POS,aucun,FAIBLE
26,49.2,167,17.65,0,0,0,1,0,B_POS,aucun,FAIBLE
22,52.8,158,21.15,0,0,1,1,1,B_NEG,aucun,FAIBLE
17,57.1,178,18.03,0,0,0,0,0,O_POS,aucun,FAIBLE
21,48.7,161,18.79,0,0,0,1,1,AB_POS,aucun,FAIBLE
27,61.8,173,20.65,0,0,1,1,1,B_NEG,aucun,FAIBLE
28,60.7,169,21.24,0,0,1,2,1,A_NEG,aucun,FAIBLE
23,41.5,153,17.72,0,0,1,1,0,A_NEG,aucun,FAIBLE
16,65.0,164,24.17,0,0,1,0,1,AB_NEG,aucun,FAIBLE
17,55.3,168,19.6,0,0,0,0,1,AB_POS,aucun,FAIBLE
27,61.8,167,22.17,0,0,0,1,1,O_POS,aucun,FAIBLE
24,50.5,157,20.5,0,0,1,1,1,AB_NEG,aucun,FAIBLE
26,65.6,163,24.69,0,0,0,1,1,O_POS,aucun,FAIBLE
20,54.4,162,20.74,0,0,1,1,1,AB_NEG,aucun,FAIBLE
29,56.6,163,21.31,0,0,0,2,1,A_POS,aucun,FAIBLE
21,53.6,155,22.33,0,1,0,1,1,A_POS,hypertension,FAIBLE
16,51.7,152,22.36,0,0,0,0,1,O_POS,aucun,FAIBLE
26,61.2,173,20.44,0,0,0,1,1,O_POS,aucun,FAIBLE
25,45.6,159,18.04,0,0,1,1,0,AB_NEG,aucun,FAIBLE
27,56.8,159,22.45,0,0,0,1,1,A_POS,aucun,FAIBLE
18,54.4,157,22.07,0,0,0,0,1,A_POS,aucun,FAIBLE
20,58.0,169,20.31,0,0,0,1,1,B_POS,aucun,FAIBLE
19,54.5,161,21.01,0,0,0,0,1,A_POS,aucun,FAIBLE
22,74.9,177,23.9,0,0,1,1,1,AB_NEG,aucun,FAIBLE
27,55.7,169,19.5,0,0,1,1,1,A_NEG,aucun,FAIBLE
19,51.1,169,17.88,0,0,0,0,0,A_POS,aucun,FAIBLE
20,57.9,154,24.41,0,0,0,1,1,AB_POS,aucun,FAIBLE
17,60.0,163,22.59,0,1,1,0,1,B_NEG,hypertension,FAIBLE
22,54.3,176,17.54,0,0,1,1,0,A_NEG,aucun,FAIBLE
27,66.0,174,21.79,0,0,1,1,1,O_NEG,aucun,FAIBLE
16,66.4,172,22.43,0,0,1,0,1,B_NEG,aucun,FAIBLE
28,48.7,162,18.56,0,0,1,2,1,A_NEG,aucun,FAIBLE
21,60.8,157,24.68,0,0,0,1,1,A_POS,aucun,FAIBLE
27,63.0,181,19.24,0,0,0,1,1,O_POS,aucun,FAIBLE
16,53.3,150,23.7,0,0,1,0,1,A_NEG,aucun,FAIBLE
28,53.8,167,19.31,0,0,1,2,1,A_NEG,aucun,FAIBLE
22,48.8,166,17.72,0,0,1,1,0,O_NEG,aucun,FAIBLE
18,49.4,150,21.94,0,0,0,0,1,O_POS,aucun,FAIBLE
19,60.8,165,22.32,0,0,1,0,1,A_NEG,aucun,FAIBLE
16,61.3,167,21.98,0,1,0,0,1,O_POS,hypertension,FAIBLE
23,72.5,174,23.94,0,0,0,1,1,A_POS,aucun,FAIBLE
29,45.7,158,18.31,0,0,1,2,0,A_NEG,aucun,FAIBLE
28,52.5,153,22.44,1,0,1,2,1,AB_NEG,diabete,FAIBLE
27,49.5,158,19.85,0,0,0,1,1,AB_POS,aucun,FAIBLE
22,69.0,179,21.53,0,0,0,1,1,A_POS,aucun,FAIBLE
15,57.1,161,22.01,0,0,0,0,1,O_POS,aucun,FAIBLE
26,66.0,178,20.82,0,0,0,1,1,A_POS,aucun,FAIBLE
17,45.6,161,17.61,0,0,0,0,0,B_POS,aucun,FAIBLE
28,58.7,163,22.08,0,0,1,2,1,AB_NEG,aucun,FAIBLE
19,75.2,175,24.54,0,0,1,0,1,A_NEG,aucun,FAIBLE
19,63.4,178,20.03,0,0,1,0,1,B_NEG,aucun,FAIBLE
19,57.7,164,21.45,0,0,0,0,1,O_POS,aucun,FAIBLE
21,55.3,155,23.03,0,1,1,1,1,B_NEG,hypertension,FAIBLE
27,54.8,170,18.95,0,0,0,1,1,O_POS,aucun,FAIBLE
19,77.0,177,24.56,1,0,1,0,1,B_NEG,diabete,FAIBLE
29,57.2,153,24.41,0,0,1,2,1,AB_NEG,aucun,FAIBLE
28,69.9,178,22.07,0,0,0,2,1,AB_POS,aucun,FAIBLE
25,74.3,178,23.44,0,0,0,1,1,B_POS,aucun,FAIBLE
24,53.4,153,22.81,0,0,1,1,1,A_NEG,aucun,FAIBLE
18,56.4,175,18.4,0,0,0,0,0,B_POS,aucun,FAIBLE
26,59.2,159,23.42,0,0,0,1,1,O_POS,aucun,FAIBLE
22,59.8,166,21.7,1,0,1,1,1,A_NEG,diabete,FAIBLE
18,42.5,153,18.14,0,0,1,0,0,AB_NEG,aucun,FAIBLE
22,58.2,162,22.19,0,0,0,1,1,B_POS,aucun,FAIBLE
20,62.3,171,21.31,0,0,1,1,1,B_NEG,aucun,FAIBLE
23,59.2,164,22.02,0,0,1,1,1,A_NEG,aucun,FAIBLE
24,57.2,157,23.2,0,0,0,1,1,A_POS,aucun,FAIBLE
19,45.7,153,19.53,0,0,0,0,1,B_POS,aucun,FAIBLE
21,59.4,159,23.49,0,0,0,1,1,B_POS,aucun,FAIBLE
15,64.6,172,21.84,0,0,0,0,1,O_POS,aucun,FAIBLE
26,47.9,151,21.0,0,0,0,1,1,AB_POS,aucun,FAIBLE
19,51.7,164,19.2,0,0,0,0,1,O_POS,aucun,FAIBLE
24,50.9,158,20.39,0,0,0,1,1,AB_POS,aucun,FAIBLE
23,44.5,151,19.53,0,0,0,1,1,O_POS,aucun,FAIBLE
17,52.3,159,20.67,0,0,0,0,1,O_POS,aucun,FAIBLE
25,48.7,156,20.02,0,0,1,1,1,AB_NEG,aucun,FAIBLE
24,52.3,155,21.78,0,0,0,1,1,O_POS,aucun,FAIBLE
18,54.9,157,22.28,0,0,1,0,1,B_NEG,aucun,FAIBLE
22,43.1,150,19.18,0,0,0,1,1,A_POS,aucun,FAIBLE
27,65.2,166,23.66,0,0,1,1,1,B_NEG,aucun,FAIBLE
25,70.4,181,21.5,0,0,1,1,1,AB_NEG,aucun,FAIBLE
17,56.2,171,19.21,0,0,1,0,1,A_NEG,aucun,FAIBLE
20,56.7,151,24.86,0,0,1,1,1,A_NEG,aucun,FAIBLE
17,47.4,151,20.8,0,0,1,0,1,B_NEG,aucun,FAIBLE
26,75.3,175,24.59,0,0,0,1,1,AB_POS,aucun,FAIBLE
29,56.8,174,18.76,0,0,1,2,1,A_NEG,aucun,FAIBLE
23,68.3,172,23.1,0,0,0,1,1,A_POS,aucun,FAIBLE
22,60.0,169,21.01,0,0,1,1,1,AB_NEG,aucun,FAIBLE
26,52.6,168,18.63,0,0,0,1,1,AB_POS,aucun,FAIBLE
22,50.0,161,19.3,0,0,1,1,1,AB_NEG,aucun,FAIBLE
20,53.1,171,18.16,0,0,0,1,0,O_POS,aucun,FAIBLE
19,57.9,165,21.25,0,0,1,0,1,B_NEG,aucun,FAIBLE
28,46.2,153,19.74,0,0,1,2,1,A_NEG,aucun,FAIBLE
23,58.0,170,20.06,0,0,0,1,1,A_POS,aucun,FAIBLE
25,47.2,152,20.44,1,0,0,1,1,O_POS,diabete,FAIBLE
16,55.3,172,18.7,0,0,1,0,1,AB_NEG,aucun,FAIBLE
20,74.6,177,23.8,0,0,1,1,1,A_NEG,aucun,FAIBLE
15,54.3,159,21.49,0,0,0,0,1,AB_POS,aucun,FAIBLE
22,60.5,159,23.92,0,0,1,1,1,AB_NEG,aucun,FAIBLE
21,67.3,169,23.56,0,0,0,1,1,O_POS,aucun,FAIBLE
16,70.1,176,22.64,0,1,1,0,1,A_NEG,hypertension,FAIBLE
16,79.9,181,24.4,0,0,1,0,1,A_NEG,aucun,FAIBLE
20,54.7,150,24.33,0,0,1,1,1,AB_NEG,aucun,FAIBLE
20,49.9,163,18.79,0,1,0,1,1,B_POS,hypertension,FAIBLE
20,67.9,174,22.43,0,0,1,1,1,A_NEG,aucun,FAIBLE
16,43.3,153,18.5,0,0,1,0,1,B_NEG,aucun,FAIBLE
26,60.3,181,18.4,0,0,1,1,0,B_NEG,aucun,FAIBLE
28,59.3,169,20.75,0,0,1,2,1,B_NEG,aucun,FAIBLE
27,56.5,160,22.08,0,0,1,1,1,B_NEG,aucun,FAIBLE
29,61.2,168,21.68,0,0,1,2,1,A_NEG,aucun,FAIBLE
16,79.7,179,24.86,0,0,0,0,1,AB_POS,aucun,FAIBLE
29,51.6,158,20.68,0,0,0,2,1,A_POS,aucun,FAIBLE
23,61.9,177,19.74,0,0,0,1,1,B_POS,aucun,FAIBLE
26,47.9,150,21.27,0,0,0,1,1,O_POS,aucun,FAIBLE
19,46.6,156,19.13,0,0,0,0,1,AB_POS,aucun,FAIBLE
26,49.6,155,20.65,0,0,0,1,1,O_POS,aucun,FAIBLE
29,71.6,179,22.34,0,0,0,2,1,B_POS,aucun,FAIBLE
26,69.1,171,23.62,0,0,0,1,1,AB_POS,aucun,FAIBLE
19,62.0,179,19.34,0,0,1,0,1,AB_NEG,aucun,FAIBLE
20,46.7,155,19.42,0,0,1,1,1,A_NEG,aucun,FAIBLE
22,53.7,156,22.08,0,0,0,1,1,AB_POS,aucun,FAIBLE
16,64.9,162,24.72,0,0,1,0,1,A_NEG,aucun,FAIBLE
18,50.5,166,18.31,0,0,1,0,0,B_NEG,aucun,FAIBLE
19,55.6,169,19.47,0,0,0,0,1,AB_POS,aucun,FAIBLE
18,45.4,151,19.9,0,0,1,0,1,B_NEG,aucun,FAIBLE
17,55.0,158,22.04,0,0,0,0,1,AB_POS,aucun,FAIBLE
19,60.9,159,24.1,0,0,0,0,1,A_POS,aucun,FAIBLE
22,61.1,158,24.48,0,0,1,1,1,A_NEG,aucun,FAIBLE
27,53.4,150,23.72,0,0,1,1,1,A_NEG,aucun,FAIBLE
22,68.2,170,23.61,0,0,0,1,1,O_POS,aucun,FAIBLE
25,64.9,171,22.21,0,0,0,1,1,O_POS,aucun,FAIBLE
21,71.9,173,24.03,0,0,0,1,1,AB_POS,aucun,FAIBLE
15,66.7,172,22.53,0,0,0,0,1,AB_POS,aucun,FAIBLE
21,57.3,160,22.38,0,0,0,1,1,B_POS,aucun,FAIBLE
22,67.7,166,24.58,0,0,0,1,1,AB_POS,aucun,FAIBLE
29,66.0,163,24.84,0,0,1,2,1,B_NEG,aucun,FAIBLE
21,53.3,168,18.87,0,0,0,1,1,B_POS,aucun,FAIBLE
19,75.8,179,23.65,0,0,1,0,1,O_NEG,aucun,FAIBLE
20,48.7,164,18.11,0,0,1,1,0,B_NEG,aucun,FAIBLE
22,62.9,181,19.19,0,0,0,1,1,A_POS,aucun,FAIBLE
16,42.5,152,18.4,0,0,1,0,0,AB_NEG,aucun,FAIBLE
23,61.4,158,24.6,0,0,0,1,1,O_POS,aucun,FAIBLE
16,59.2,159,23.41,0,0,1,0,1,B_NEG,aucun,FAIBLE
16,61.7,171,21.1,0,0,1,0,1,O_NEG,aucun,FAIBLE
26,42.1,151,18.45,0,0,0,1,0,O_POS,aucun,FAIBLE
16,53.9,172,18.2,0,0,1,0,0,O_NEG,aucun,FAIBLE
26,67.5,175,22.04,0,0,1,1,1,AB_NEG,aucun,FAIBLE
18,65.0,170,22.5,0,0,0,0,1,B_POS,aucun,FAIBLE
22,56.7,170,19.62,0,0,1,1,1,O_NEG,aucun,FAIBLE
21,53.5,166,19.41,0,0,0,1,1,O_POS,aucun,FAIBLE
27,67.0,179,20.91,0,0,1,1,1,O_NEG,aucun,FAIBLE
28,45.8,156,18.84,0,0,1,2,1,O_NEG,aucun,FAIBLE
20,72.5,171,24.79,0,0,1,1,1,AB_NEG,aucun,FAIBLE
27,51.0,167,18.3,0,0,0,1,0,AB_POS,aucun,FAIBLE
25,53.2,167,19.08,0,0,0,1,1,B_POS,aucun,FAIBLE
26,54.0,162,20.56,0,0,0,1,1,AB_POS,aucun,FAIBLE
22,45.5,152,19.7,0,0,0,1,1,B_POS,aucun,FAIBLE
28,53.0,156,21.77,0,0,0,2,1,A_POS,aucun,FAIBLE
29,51.6,157,20.92,0,0,1,2,1,O_NEG,aucun,FAIBLE
26,57.0,154,24.02,0,0,1,1,1,B_NEG,aucun,FAIBLE
24,43.3,151,19.01,0,0,1,1,1,A_NEG,aucun,FAIBLE
28,53.7,156,22.05,0,0,1,2,1,A_NEG,aucun,FAIBLE
27,53.9,158,21.6,0,0,1,1,1,AB_NEG,aucun,FAIBLE
24,69.2,171,23.66,0,0,1,1,1,AB_NEG,aucun,FAIBLE
16,58.4,170,20.22,0,0,0,0,1,B_POS,aucun,FAIBLE
29,62.1,172,20.98,1,1,0,2,1,B_POS,diabete_hypertension,FAIBLE
18,56.0,164,20.82,0,0,1,0,1,B_NEG,aucun,FAIBLE
20,42.8,152,18.52,0,0,1,1,1,AB_NEG,aucun,FAIBLE
22,42.6,156,17.52,0,0,1,1,0,AB_NEG,aucun,FAIBLE
26,61.7,174,20.37,0,0,0,1,1,A_POS,aucun,FAIBLE
18,70.5,178,22.25,0,0,1,0,1,O_NEG,aucun,FAIBLE
24,67.2,172,22.7,0,0,1,1,1,O_NEG,aucun,FAIBLE
16,75.2,179,23.46,0,0,0,0,1,O_POS,aucun,FAIBLE
17,61.2,166,22.21,0,0,0,0,1,B_POS,aucun,FAIBLE
27,60.4,161,23.31,0,0,1,1,1,AB_NEG,aucun,FAIBLE
18,69.9,181,21.35,0,0,0,0,1,AB_POS,aucun,FAIBLE
21,57.1,166,20.71,0,0,1,1,1,A_NEG,aucun,FAIBLE
15,72.6,176,23.43,1,1,0,0,1,O_POS,diabete_hypertension,FAIBLE
26,65.1,171,22.25,0,0,0,1,1,A_POS,aucun,FAIBLE
18,51.2,165,18.82,0,0,0,0,1,O_POS,aucun,FAIBLE
28,63.7,177,20.34,0,1,0,2,1,A_POS,hypertension,FAIBLE
19,65.7,174,21.69,0,0,1,0,1,A_NEG,aucun,FAIBLE
27,45.3,160,17.68,0,0,1,1,0,AB_NEG,aucun,FAIBLE
20,67.2,166,24.38,1,0,0,1,1,B_POS,diabete,FAIBLE
24,47.8,152,20.68,0,0,0,1,1,B_POS,aucun,FAIBLE
19,66.9,169,23.44,1,0,1,0,1,A_NEG,diabete,FAIBLE
18,53.3,155,22.17,0,0,1,0,1,AB_NEG,aucun,FAIBLE
16,47.9,152,20.73,0,0,0,0,1,A_POS,aucun,FAIBLE
23,56.0,171,19.17,0,0,1,1,1,B_NEG,aucun,FAIBLE
29,63.9,169,22.36,0,0,1,2,1,B_NEG,aucun,FAIBLE
22,46.2,161,17.83,0,0,1,1,0,AB_NEG,aucun,FAIBLE
17,71.6,172,24.21,0,1,1,0,1,O_NEG,hypertension,FAIBLE
20,67.5,180,20.83,0,0,0,1,1,AB_POS,aucun,FAIBLE
23,62.5,162,23.81,0,0,0,1,1,B_POS,aucun,FAIBLE
24,47.4,160,18.53,0,0,1,1,1,B_NEG,aucun,FAIBLE
25,44.1,156,18.14,0,0,0,1,0,O_POS,aucun,FAIBLE
22,63.1,160,24.63,0,0,0,1,1,O_POS,aucun,FAIBLE
19,59.7,159,23.63,0,0,1,0,1,O_NEG,aucun,FAIBLE
23,58.7,154,24.76,0,0,1,1,1,A_NEG,aucun,FAIBLE
21,57.9,175,18.91,0,0,0,1,1,A_POS,aucun,FAIBLE
23,63.6,170,22.0,0,0,0,1,1,A_POS,aucun,FAIBLE
15,63.7,167,22.83,0,0,0,0,1,O_POS,aucun,FAIBLE
21,63.3,171,21.65,0,1,0,1,1,A_POS,hypertension,FAIBLE
27,46.7,151,20.49,0,0,0,1,1,B_POS,aucun,FAIBLE
20,59.3,166,21.52,0,0,1,1,1,AB_NEG,aucun,FAIBLE
16,46.5,150,20.67,1,0,0,0,1,AB_POS,diabete,FAIBLE
23,41.5,151,18.22,0,0,1,1,0,O_NEG,aucun,FAIBLE
27,52.4,156,21.54,0,0,1,1,1,O_NEG,aucun,FAIBLE
20,63.1,177,20.13,0,0,0,1,1,B_POS,aucun,FAIBLE
29,52.3,166,18.99,0,0,0,2,1,O_POS,aucun,FAIBLE
24,74.9,180,23.11,0,0,1,1,1,B_NEG,aucun,FAIBLE
22,59.1,157,24.0,0,0,1,1,1,AB_NEG,aucun,FAIBLE
28,75.9,176,24.51,0,1,1,2,1,O_NEG,hypertension,FAIBLE
24,48.8,166,17.7,0,0,0,1,0,A_POS,aucun,FAIBLE
17,48.3,157,19.59,0,0,1,0,1,A_NEG,aucun,FAIBLE
20,54.4,156,22.36,0,0,0,1,1,A_POS,aucun,FAIBLE
25,58.6,168,20.76,0,0,0,1,1,B_POS,aucun,FAIBLE
24,48.4,157,19.62,0,0,1,1,1,B_NEG,aucun,FAIBLE
19,57.3,170,19.81,0,0,0,0,1,A_POS,aucun,FAIBLE
28,52.6,157,21.35,0,0,1,2,1,B_NEG,aucun,FAIBLE
26,45.2,151,19.84,0,0,0,1,1,B_POS,aucun,FAIBLE
25,52.3,167,18.75,0,0,1,1,1,AB_NEG,aucun,FAIBLE
15,55.8,172,18.86,0,0,0,0,1,AB_POS,aucun,FAIBLE
25,49.2,154,20.76,0,1,1,1,1,AB_NEG,hypertension,FAIBLE
17,60.2,181,18.37,0,0,0,0,0,B_POS,aucun,FAIBLE
15,68.3,180,21.09,0,0,0,0,1,AB_POS,aucun,FAIBLE
27,42.7,151,18.73,0,1,1,1,1,AB_NEG,hypertension,FAIBLE
25,54.6,172,18.46,0,0,0,1,0,AB_POS,aucun,FAIBLE
15,53.4,153,22.82,0,0,1,0,1,A_NEG,aucun,FAIBLE
28,58.6,154,24.7,0,0,1,2,1,B_NEG,aucun,FAIBLE
18,51.7,155,21.5,0,0,0,0,1,B_POS,aucun,FAIBLE
23,61.9,160,24.17,0,0,1,1,1,B_NEG,aucun,FAIBLE
19,63.3,173,21.16,0,0,0,0,1,B_POS,aucun,FAIBLE
28,59.1,175,19.31,0,0,1,2,1,B_NEG,aucun,FAIBLE
28,43.4,150,19.28,1,0,1,2,1,B_NEG,diabete,FAIBLE
17,50.9,164,18.92,0,0,0,0,1,B_POS,aucun,FAIBLE
20,65.4,166,23.73,0,0,0,1,1,B_POS,aucun,FAIBLE
25,41.0,152,17.73,0,0,0,1,0,AB_POS,aucun,FAIBLE
16,52.2,152,22.58,0,0,1,0,1,B_NEG,aucun,FAIBLE
20,55.8,158,22.35,0,0,0,1,1,A_POS,aucun,FAIBLE
21,72.9,181,22.26,0,0,1,1,1,B_NEG,aucun,FAIBLE
29,48.5,155,20.17,0,0,0,2,1,AB_POS,aucun,FAIBLE
19,64.5,170,22.33,1,0,1,0,1,AB_NEG,diabete,FAIBLE
15,57.1,156,23.47,0,0,1,0,1,B_NEG,aucun,FAIBLE
16,68.3,168,24.21,0,0,0,0,1,B_POS,aucun,FAIBLE
25,63.1,176,20.38,0,0,1,1,1,AB_NEG,aucun,FAIBLE
18,62.3,170,21.55,0,0,0,0,1,B_POS,aucun,FAIBLE
29,55.9,163,21.05,0,0,0,2,1,A_POS,aucun,FAIBLE
22,64.5,163,24.29,0,0,0,1,1,O_POS,aucun,FAIBLE
23,69.7,168,24.7,0,0,0,1,1,B_POS,aucun,FAIBLE
23,55.2,177,17.63,0,0,0,1,0,O_POS,aucun,FAIBLE
23,68.6,176,22.15,0,0,0,1,1,A_POS,aucun,FAIBLE
29,52.4,169,18.33,0,0,1,2,0,AB_NEG,aucun,FAIBLE
18,47.9,157,19.45,0,0,0,0,1,A_POS,aucun,FAIBLE
22,56.3,169,19.73,0,0,0,1,1,B_POS,aucun,FAIBLE
23,70.9,176,22.9,0,0,0,1,1,A_POS,aucun,FAIBLE
18,74.6,177,23.81,0,0,0,0,1,A_POS,aucun,FAIBLE
20,62.0,158,24.82,0,0,0,1,1,O_POS,aucun,FAIBLE
27,74.9,179,23.38,0,0,1,1,1,AB_NEG,aucun,FAIBLE
25,76.5,181,23.34,0,0,0,1,1,AB_POS,aucun,FAIBLE
19,64.4,165,23.65,0,0,0,0,1,B_POS,aucun,FAIBLE
19,67.8,178,21.39,0,0,0,0,1,A_POS,aucun,FAIBLE
15,54.7,151,24.0,0,0,0,0,1,A_POS,aucun,FAIBLE
21,48.7,164,18.11,0,0,1,1,0,AB_NEG,aucun,FAIBLE
29,59.0,164,21.95,0,0,1,2,1,A_NEG,aucun,FAIBLE
20,60.4,157,24.52,0,0,1,1,1,AB_NEG,aucun,FAIBLE
27,54.4,168,19.26,0,0,0,1,1,O_POS,aucun,FAIBLE
18,68.2,171,23.32,0,0,0,0,1,B_POS,aucun,FAIBLE
16,65.7,173,21.94,0,1,0,0,1,O_POS,hypertension,FAIBLE
22,60.7,172,20.51,0,0,1,1,1,AB_NEG,aucun,FAIBLE
15,66.5,178,21.0,1,0,1,0,1,A_NEG,diabete,FAIBLE
17,65.7,177,20.98,0,0,0,0,1,A_POS,aucun,FAIBLE
15,43.8,152,18.95,0,0,0,0,1,B_POS,aucun,FAIBLE
18,65.5,173,21.87,0,0,0,0,1,AB_POS,aucun,FAIBLE
28,52.7,166,19.12,0,0,0,2,1,B_POS,aucun,FAIBLE
15,64.1,175,20.93,0,0,0,0,1,AB_POS,aucun,FAIBLE
28,49.7,159,19.67,0,0,1,2,1,AB_NEG,aucun,FAIBLE
22,46.5,154,19.61,0,0,0,1,1,A_POS,aucun,FAIBLE
17,65.8,176,21.25,0,0,0,0,1,A_POS,aucun,FAIBLE
25,66.0,163,24.85,1,0,0,1,1,AB_POS,diabete,FAIBLE
27,45.9,150,20.39,0,0,0,1,1,B_POS,aucun,FAIBLE
22,72.2,178,22.78,0,0,1,1,1,B_NEG,aucun,FAIBLE
15,59.9,162,22.82,0,0,1,0,1,B_NEG,aucun,FAIBLE
22,67.2,174,22.21,0,0,0,1,1,O_POS,aucun,FAIBLE
29,52.7,172,17.8,0,0,1,2,0,B_NEG,aucun,FAIBLE
16,47.6,153,20.34,0,0,0,0,1,O_POS,aucun,FAIBLE
19,61.8,168,21.91,0,0,1,0,1,O_NEG,aucun,FAIBLE
15,46.9,161,18.09,0,0,0,0,0,O_POS,aucun,FAIBLE
16,72.2,180,22.28,0,0,1,0,1,A_NEG,aucun,FAIBLE
25,46.1,162,17.57,0,0,1,1,0,A_NEG,aucun,FAIBLE
23,56.4,174,18.64,0,0,0,1,1,B_POS,aucun,FAIBLE
25,69.9,170,24.18,0,0,1,1,1,AB_NEG,aucun,FAIBLE
28,58.1,157,23.57,0,0,0,2,1,A_POS,aucun,FAIBLE
17,54.0,160,21.1,0,0,0,0,1,AB_POS,aucun,FAIBLE
19,67.9,170,23.48,0,0,0,0,1,O_POS,aucun,FAIBLE
21,66.8,173,22.33,0,0,1,1,1,B_NEG,aucun,FAIBLE
25,57.1,167,20.49,0,0,0,1,1,AB_POS,aucun,FAIBLE
19,56.1,155,23.34,0,0,1,0,1,B_NEG,aucun,FAIBLE
17,55.1,152,23.85,0,0,0,0,1,O_POS,aucun,FAIBLE
21,59.4,157,24.08,0,0,1,1,1,O_NEG,aucun,FAIBLE
23,66.4,171,22.72,0,0,0,1,1,A_POS,aucun,FAIBLE
16,56.0,173,18.73,0,0,0,0,1,O_POS,aucun,FAIBLE
22,45.1,150,20.06,0,0,1,1,1,B_NEG,aucun,FAIBLE
24,63.6,177,20.3,0,0,0,1,1,B_POS,aucun,FAIBLE
29,63.6,176,20.53,0,0,0,2,1,A_POS,aucun,FAIBLE
19,49.8,157,20.2,0,0,1,0,1,B_NEG,aucun,FAIBLE
20,41.1,150,18.28,0,0,0,1,0,A_POS,aucun,FAIBLE
19,56.7,179,17.7,0,0,0,0,0,B_POS,aucun,FAIBLE
27,42.7,153,18.23,0,0,1,1,0,AB_NEG,aucun,FAIBLE
25,51.6,159,20.43,0,0,1,1,1,AB_NEG,aucun,FAIBLE
29,56.8,170,19.64,0,0,0,2,1,AB_POS,aucun,FAIBLE
19,51.3,159,20.27,0,0,0,0,1,B_POS,aucun,FAIBLE
18,65.9,167,23.62,0,0,0,0,1,A_POS,aucun,FAIBLE
25,50.1,164,18.62,0,0,0,1,1,A_POS,aucun,FAIBLE
20,57.9,153,24.75,0,0,0,1,1,A_POS,aucun,FAIBLE
16,60.7,162,23.14,0,0,0,0,1,B_POS,aucun,FAIBLE
17,59.7,159,23.62,0,0,0,0,1,AB_POS,aucun,FAIBLE
15,57.9,170,20.03,0,0,1,0,1,B_NEG,aucun,FAIBLE
25,52.4,156,21.53,0,0,0,1,1,A_POS,aucun,FAIBLE
22,65.9,178,20.79,0,0,0,1,1,O_POS,aucun,FAIBLE
18,65.7,168,23.29,0,0,0,0,1,B_POS,aucun,FAIBLE
22,63.5,171,21.71,0,0,1,1,1,A_NEG,aucun,FAIBLE
21,53.7,170,18.6,0,0,0,1,1,AB_POS,aucun,FAIBLE
18,56.1,171,19.19,0,0,1,0,1,O_NEG,aucun,FAIBLE
16,51.5,160,20.12,0,0,0,0,1,O_POS,aucun,FAIBLE
19,68.3,171,23.35,0,0,1,0,1,B_NEG,aucun,FAIBLE
22,59.8,169,20.95,1,0,1,1,1,A_NEG,diabete,FAIBLE
15,59.1,168,20.92,0,0,1,0,1,O_NEG,aucun,FAIBLE
18,69.3,181,21.14,0,0,0,0,1,O_POS,aucun,FAIBLE
20,48.6,160,19.0,0,0,1,1,1,O_NEG,aucun,FAIBLE
25,62.2,160,24.3,0,0,0,1,1,B_POS,aucun,FAIBLE
17,71.5,170,24.76,0,0,1,0,1,A_NEG,aucun,FAIBLE
29,70.9,180,21.88,0,1,0,2,1,O_POS,hypertension,FAIBLE
29,44.8,158,17.94,0,0,0,2,0,AB_POS,aucun,FAIBLE
15,54.2,150,24.11,0,0,0,0,1,B_POS,aucun,FAIBLE
17,54.9,176,17.73,0,0,0,0,0,O_POS,aucun,FAIBLE
29,52.2,172,17.64,1,0,1,2,0,O_NEG,diabete,FAIBLE
20,61.3,160,23.95,0,0,1,1,1,A_NEG,aucun,FAIBLE
28,58.2,170,20.15,0,0,1,2,1,A_NEG,aucun,FAIBLE
17,64.1,173,21.41,0,0,1,0,1,AB_NEG,aucun,FAIBLE
17,62.8,167,22.51,0,0,0,0,1,A_POS,aucun,FAIBLE
28,43.4,156,17.83,0,0,1,2,0,B_NEG,aucun,FAIBLE
15,49.9,164,18.56,1,0,1,0,1,O_NEG,diabete,FAIBLE
26,76.9,181,23.49,0,0,0,1,1,A_POS,aucun,FAIBLE
16,58.8,180,18.16,0,0,0,0,0,A_POS,aucun,FAIBLE
28,74.0,181,22.59,0,0,0,2,1,O_POS,aucun,FAIBLE
17,45.2,157,18.32,0,0,1,0,0,B_NEG,aucun,FAIBLE
16,64.5,162,24.57,0,0,0,0,1,B_POS,aucun,FAIBLE
16,45.2,157,18.34,0,0,1,0,0,A_NEG,aucun,FAIBLE
20,58.2,177,18.57,0,0,1,1,1,A_NEG,aucun,FAIBLE
29,62.3,180,19.22,0,0,0,2,1,O_POS,aucun,FAIBLE
21,49.5,163,18.63,1,0,0,1,1,O_POS,diabete,FAIBLE
27,51.2,156,21.03,0,0,0,1,1,A_POS,aucun,FAIBLE
28,51.3,170,17.75,0,0,0,2,0,B_POS,aucun,FAIBLE
23,55.7,174,18.41,0,0,0,1,0,A_POS,aucun,FAIBLE
28,55.2,159,21.84,0,0,1,2,1,O_NEG,aucun,FAIBLE
18,70.1,181,21.39,0,0,1,0,1,A_NEG,aucun,FAIBLE
18,67.8,170,23.45,0,0,1,0,1,AB_NEG,aucun,FAIBLE
18,63.7,162,24.28,0,0,1,0,1,O_NEG,aucun,FAIBLE
21,63.5,180,19.6,0,0,1,1,1,A_NEG,aucun,FAIBLE
29,49.9,160,19.51,0,0,0,2,1,A_POS,aucun,FAIBLE
29,58.6,166,21.28,0,0,1,2,1,A_NEG,aucun,FAIBLE
20,58.0,155,24.13,0,0,1,1,1,O_NEG,aucun,FAIBLE
23,46.4,155,19.33,0,0,0,1,1,A_POS,aucun,FAIBLE
26,60.5,160,23.62,0,0,0,1,1,B_POS,aucun,FAIBLE
25,45.2,151,19.82,1,0,1,1,1,B_NEG,diabete,FAIBLE
17,54.1,162,20.63,0,0,1,0,1,AB_NEG,aucun,FAIBLE
26,51.3,168,18.16,0,0,1,1,0,A_NEG,aucun,FAIBLE
27,54.9,150,24.38,0,0,0,1,1,A_POS,aucun,FAIBLE
24,50.4,164,18.74,0,0,0,1,1,AB_POS,aucun,FAIBLE
19,44.0,150,19.56,0,1,0,0,1,B_POS,hypertension,FAIBLE
29,59.7,174,19.71,0,0,0,2,1,AB_POS,aucun,FAIBLE
17,64.5,161,24.9,0,0,0,0,1,A_POS,aucun,FAIBLE
21,74.9,177,23.91,0,0,0,1,1,B_POS,aucun,FAIBLE
16,66.3,181,20.23,0,0,1,0,1,B_NEG,aucun,FAIBLE
21,47.1,158,18.88,0,0,0,1,1,AB_POS,aucun,FAIBLE
29,43.5,151,19.07,0,0,0,2,1,A_POS,aucun,FAIBLE
20,66.7,173,22.29,0,0,1,1,1,B_NEG,aucun,FAIBLE
27,51.7,162,19.69,1,0,1,1,1,O_NEG,diabete,FAIBLE
18,64.0,167,22.95,0,0,1,0,1,AB_NEG,aucun,FAIBLE
19,71.4,177,22.78,0,0,1,0,1,AB_NEG,aucun,FAIBLE
19,55.8,177,17.82,0,0,0,0,0,AB_POS,aucun,FAIBLE
20,62.3,171,21.32,0,0,1,1,1,B_NEG,aucun,FAIBLE
24,51.3,163,19.29,0,0,1,1,1,AB_NEG,aucun,FAIBLE
20,50.8,166,18.42,0,0,1,1,0,A_NEG,aucun,FAIBLE
17,53.6,164,19.94,0,0,1,0,1,B_NEG,aucun,FAIBLE
22,66.3,178,20.93,0,0,1,1,1,B_NEG,aucun,FAIBLE
24,55.6,155,23.14,0,0,0,1,1,O_POS,aucun,FAIBLE
29,58.9,166,21.36,0,0,1,2,1,A_NEG,aucun,FAIBLE
20,52.2,170,18.07,0,0,0,1,0,O_POS,aucun,FAIBLE
16,46.2,154,19.47,0,0,1,0,1,O_NEG,aucun,FAIBLE
23,51.7,150,22.97,0,0,0,1,1,O_POS,aucun,FAIBLE
28,45.4,161,17.51,0,0,0,2,0,B_POS,aucun,FAIBLE
27,58.4,156,24.01,0,0,0,1,1,B_POS,aucun,FAIBLE
25,57.4,157,23.3,0,0,0,1,1,A_POS,aucun,FAIBLE
27,54.5,171,18.63,0,0,1,1,1,O_NEG,aucun,FAIBLE
23,61.2,178,19.32,0,0,1,1,1,B_NEG,aucun,FAIBLE
26,66.5,172,22.47,0,1,1,1,1,B_NEG,hypertension,FAIBLE
23,69.0,172,23.31,0,0,1,1,1,O_NEG,aucun,FAIBLE
25,58.2,164,21.65,0,0,1,1,1,AB_NEG,aucun,FAIBLE
25,58.0,175,18.95,0,0,1,1,1,A_NEG,aucun,FAIBLE
23,50.1,159,19.83,0,0,0,1,1,B_POS,aucun,FAIBLE
19,54.7,157,22.21,0,0,0,0,1,O_POS,aucun,FAIBLE
25,60.1,160,23.49,1,0,0,1,1,O_POS,diabete,FAIBLE
22,61.3,171,20.98,0,0,0,1,1,O_POS,aucun,FAIBLE
28,63.0,167,22.61,0,0,1,2,1,A_NEG,aucun,FAIBLE
18,52.0,158,20.81,0,0,1,0,1,AB_NEG,aucun,FAIBLE
20,71.7,176,23.13,0,0,1,1,1,O_NEG,aucun,FAIBLE
19,48.0,163,18.06,1,0,1,0,0,AB_NEG,diabete,FAIBLE
28,60.1,167,21.55,0,0,1,2,1,AB_NEG,aucun,FAIBLE
28,43.3,152,18.73,0,0,0,2,1,AB_POS,aucun,FAIBLE
27,57.6,160,22.49,0,1,0,1,1,A_POS,hypertension,FAIBLE
27,66.4,167,23.82,0,0,1,1,1,B_NEG,aucun,FAIBLE
23,60.5,165,22.21,1,1,1,1,1,B_NEG,diabete_hypertension,FAIBLE
25,65.4,175,21.37,0,0,1,1,1,B_NEG,aucun,FAIBLE
23,61.1,167,21.89,0,0,0,1,1,O_POS,aucun,FAIBLE
16,53.9,175,17.61,0,0,1,0,0,B_NEG,aucun,FAIBLE
25,77.6,178,24.48,0,0,0,1,1,B_POS,aucun,FAIBLE
16,52.7,151,23.1,0,0,0,0,1,AB_POS,aucun,FAIBLE
28,64.8,181,19.79,0,0,1,2,1,AB_NEG,aucun,FAIBLE
21,51.5,166,18.7,0,0,1,1,1,O_NEG,aucun,FAIBLE
27,64.2,171,21.96,0,0,0,1,1,AB_POS,aucun,FAIBLE
19,76.3,177,24.35,0,0,1,0,1,A_NEG,aucun,FAIBLE
19,70.3,173,23.48,0,0,1,0,1,O_NEG,aucun,FAIBLE
22,49.6,165,18.21,0,0,0,1,0,AB_POS,aucun,FAIBLE
27,55.7,152,24.12,0,0,0,1,1,AB_POS,aucun,FAIBLE
23,59.8,171,20.44,0,1,0,1,1,B_POS,hypertension,FAIBLE
15,69.8,181,21.29,0,0,0,0,1,O_POS,aucun,FAIBLE
18,65.9,169,23.08,0,0,0,0,1,B_POS,aucun,FAIBLE
21,60.5,176,19.54,0,0,0,1,1,A_POS,aucun,FAIBLE
18,68.7,178,21.67,0,0,0,0,1,B_POS,aucun,FAIBLE
15,67.4,167,24.18,1,0,1,0,1,A_NEG,diabete,FAIBLE
18,62.8,172,21.24,0,0,0,0,1,B_POS,aucun,FAIBLE
19,75.3,175,24.58,0,0,1,0,1,AB_NEG,aucun,FAIBLE
27,61.2,158,24.53,0,0,0,1,1,AB_POS,aucun,FAIBLE
22,58.3,168,20.66,0,0,1,1,1,B_NEG,aucun,FAIBLE
17,52.8,162,20.11,1,0,0,0,1,O_POS,diabete,FAIBLE
24,50.4,157,20.47,0,0,1,1,1,AB_NEG,aucun,FAIBLE
24,60.5,169,21.18,0,0,1,1,1,B_NEG,aucun,FAIBLE
22,49.1,158,19.69,0,0,1,1,1,O_NEG,aucun,FAIBLE
26,47.9,163,18.03,0,0,1,1,0,B_NEG,aucun,FAIBLE
17,49.6,154,20.9,0,0,0,0,1,O_POS,aucun,FAIBLE
22,64.7,180,19.96,0,0,1,1,1,A_NEG,aucun,FAIBLE
22,59.7,159,23.6,0,0,1,1,1,A_NEG,aucun,FAIBLE
21,56.6,170,19.59,1,0,0,1,1,O_POS,diabete,FAIBLE
29,69.0,179,21.55,0,0,0,2,1,A_POS,aucun,FAIBLE
23,66.9,177,21.37,0,0,0,1,1,AB_POS,aucun,FAIBLE
22,46.3,156,19.01,0,0,0,1,1,AB_POS,aucun,FAIBLE
17,57.4,181,17.51,0,0,0,0,0,O_POS,aucun,FAIBLE
26,55.1,155,22.91,0,0,1,1,1,B_NEG,aucun,FAIBLE
19,54.1,162,20.63,0,0,1,0,1,A_NEG,aucun,FAIBLE
19,58.6,174,19.37,0,0,0,0,1,B_POS,aucun,FAIBLE
28,65.8,165,24.17,0,0,1,2,1,AB_NEG,aucun,FAIBLE
22,59.7,171,20.41,0,0,0,1,1,AB_POS,aucun,FAIBLE
25,63.7,172,21.53,0,0,1,1,1,A_NEG,aucun,FAIBLE
16,69.1,180,21.33,0,1,0,0,1,A_POS,hypertension,FAIBLE
24,56.9,171,19.46,1,0,1,1,1,B_NEG,diabete,FAIBLE
29,55.9,174,18.46,0,0,0,2,0,AB_POS,aucun,FAIBLE
15,68.9,180,21.27,0,1,1,0,1,B_NEG,hypertension,FAIBLE
29,55.9,173,18.68,0,0,0,2,1,O_POS,aucun,FAIBLE
25,58.4,155,24.32,0,0,0,1,1,O_POS,aucun,FAIBLE
27,64.2,179,20.05,0,0,1,1,1,A_NEG,aucun,FAIBLE
27,50.1,158,20.06,0,0,1,1,1,AB_NEG,aucun,FAIBLE
19,42.5,152,18.38,0,0,0,0,0,A_POS,aucun,FAIBLE
29,64.3,162,24.51,0,0,0,2,1,A_POS,aucun,FAIBLE
24,57.2,164,21.25,0,0,1,1,1,O_NEG,aucun,FAIBLE
16,48.7,166,17.69,0,0,1,0,0,B_NEG,aucun,FAIBLE
28,67.6,175,22.06,0,0,1,2,1,A_NEG,aucun,FAIBLE
18,68.0,173,22.72,0,0,0,0,1,B_POS,aucun,FAIBLE
15,59.2,166,21.5,0,0,0,0,1,AB_POS,aucun,FAIBLE
25,65.0,165,23.88,0,1,0,1,1,AB_POS,hypertension,FAIBLE
28,56.7,152,24.55,0,0,1,2,1,O_NEG,aucun,FAIBLE
24,56.5,174,18.66,0,0,1,1,1,B_NEG,aucun,FAIBLE
16,70.5,173,23.54,0,0,0,0,1,A_POS,aucun,FAIBLE
21,58.8,163,22.12,0,0,0,1,1,B_POS,aucun,FAIBLE
21,62.5,168,22.15,0,0,1,1,1,B_NEG,aucun,FAIBLE
26,48.5,150,21.56,0,0,1,1,1,AB_NEG,aucun,FAIBLE
19,63.6,176,20.55,0,0,1,0,1,AB_NEG,aucun,FAIBLE
23,64.2,177,20.49,0,0,1,1,1,AB_NEG,aucun,FAIBLE
15,58.1,179,18.12,0,0,0,0,0,A_POS,aucun,FAIBLE
19,55.5,176,17.92,0,0,0,0,0,O_POS,aucun,FAIBLE
15,61.2,162,23.31,0,0,0,0,1,O_POS,aucun,FAIBLE
28,60.9,172,20.6,0,0,1,2,1,AB_NEG,aucun,FAIBLE
18,63.1,178,19.91,0,0,0,0,1,O_POS,aucun,FAIBLE
23,44.4,157,18.0,0,1,0,1,0,AB_POS,hypertension,FAIBLE
16,51.8,155,21.55,0,0,1,0,1,B_NEG,aucun,FAIBLE
19,63.3,167,22.71,0,0,0,0,1,A_POS,aucun,FAIBLE
15,46.8,161,18.05,0,0,0,0,0,B_POS,aucun,FAIBLE
23,45.0,152,19.49,0,0,1,1,1,B_NEG,aucun,FAIBLE
20,54.3,171,18.57,0,0,0,1,1,O_POS,aucun,FAIBLE
27,66.0,164,24.54,0,0,0,1,1,B_POS,aucun,FAIBLE
18,54.1,161,20.89,0,0,0,0,1,B_POS,aucun,FAIBLE
28,50.9,170,17.61,0,0,0,2,0,B_POS,aucun,FAIBLE
25,52.7,159,20.84,0,0,1,1,1,O_NEG,aucun,FAIBLE
23,60.4,176,19.51,0,0,1,1,1,B_NEG,aucun,FAIBLE
18,41.3,150,18.37,0,0,0,0,0,A_POS,aucun,FAIBLE
29,71.1,176,22.95,0,0,1,2,1,O_NEG,aucun,FAIBLE
22,64.7,171,22.13,0,0,1,1,1,AB_NEG,aucun,FAIBLE
26,39.6,150,17.61,1,0,1,1,0,B_NEG,diabete,FAIBLE
23,57.2,153,24.45,0,0,1,1,1,A_NEG,aucun,FAIBLE
27,50.2,163,18.9,0,0,1,1,1,O_NEG,aucun,FAIBLE
20,58.4,166,21.19,0,0,0,1,1,B_POS,aucun,FAIBLE
17,65.8,169,23.04,0,0,0,0,1,O_POS,aucun,FAIBLE
29,63.3,164,23.55,0,0,0,2,1,B_POS,aucun,FAIBLE
24,61.7,168,21.86,0,0,0,1,1,A_POS,aucun,FAIBLE
23,57.4,159,22.69,0,0,0,1,1,AB_POS,aucun,FAIBLE
15,69.3,170,23.99,1,0,1,0,1,O_NEG,diabete,FAIBLE
29,42.9,150,19.09,0,0,0,2,1,AB_POS,aucun,FAIBLE
16,49.6,157,20.13,0,0,1,0,1,A_NEG,aucun,FAIBLE
24,50.6,150,22.48,0,0,1,1,1,A_NEG,aucun,FAIBLE
21,60.8,159,24.05,0,0,0,1,1,O_POS,aucun,FAIBLE
25,69.7,180,21.53,0,0,1,1,1,AB_NEG,aucun,FAIBLE
20,43.6,150,19.37,0,0,0,1,1,B_POS,aucun,FAIBLE
17,53.8,163,20.25,0,0,0,0,1,A_POS,aucun,FAIBLE
25,60.5,174,19.97,0,0,1,1,1,B_NEG,aucun,FAIBLE
20,53.2,154,22.43,0,0,1,1,1,O_NEG,aucun,FAIBLE
16,75.9,178,23.97,0,0,0,0,1,B_POS,aucun,FAIBLE
24,51.2,157,20.77,0,0,1,1,1,B_NEG,aucun,FAIBLE
29,64.5,177,20.6,0,0,0,2,1,O_POS,aucun,FAIBLE
25,54.1,175,17.66,0,0,1,1,0,B_NEG,aucun,FAIBLE
21,66.5,178,20.97,1,0,1,1,1,O_NEG,diabete,FAIBLE
29,52.1,150,23.16,0,0,1,2,1,AB_NEG,aucun,FAIBLE
23,54.8,150,24.34,0,0,0,1,1,AB_POS,aucun,FAIBLE
19,52.0,166,18.87,0,0,0,0,1,AB_POS,aucun,FAIBLE
17,62.0,162,23.62,0,0,0,0,1,B_POS,aucun,FAIBLE
19,44.5,150,19.79,0,0,1,0,1,B_NEG,aucun,FAIBLE
24,57.4,172,19.39,0,0,0,1,1,AB_POS,aucun,FAIBLE
18,69.9,173,23.34,0,0,0,0,1,O_POS,aucun,FAIBLE
21,76.4,181,23.32,0,0,1,1,1,AB_NEG,aucun,FAIBLE
24,74.9,175,24.46,0,0,0,1,1,A_POS,aucun,FAIBLE
27,45.1,158,18.07,0,0,0,1,0,AB_POS,aucun,FAIBLE
20,59.6,158,23.86,0,0,1,1,1,A_NEG,aucun,FAIBLE
26,61.9,172,20.92,0,0,1,1,1,AB_NEG,aucun,FAIBLE
20,46.6,158,18.69,0,0,0,1,1,AB_POS,aucun,FAIBLE
28,54.8,169,19.2,0,0,0,2,1,O_POS,aucun,FAIBLE
21,58.9,157,23.89,0,0,0,1,1,AB_POS,aucun,FAIBLE
16,59.9,179,18.69,0,0,0,0,1,A_POS,aucun,FAIBLE
28,58.7,160,22.92,0,0,0,2,1,B_POS,aucun,FAIBLE
24,49.2,164,18.28,0,0,1,1,0,B_NEG,aucun,FAIBLE
24,62.0,177,19.8,0,0,0,1,1,O_POS,aucun,FAIBLE
20,62.3,180,19.23,0,0,0,1,1,O_POS,aucun,FAIBLE
22,61.1,157,24.8,0,0,0,1,1,A_POS,aucun,FAIBLE
28,48.4,150,21.5,0,0,1,2,1,A_NEG,aucun,FAIBLE
24,42.8,150,19.01,0,0,1,1,1,A_NEG,aucun,FAIBLE
20,49.9,150,22.17,1,0,1,1,1,O_NEG,diabete,FAIBLE
15,53.1,170,18.37,0,0,0,0,0,AB_POS,aucun,FAIBLE
22,65.2,175,21.29,0,0,0,1,1,AB_POS,aucun,FAIBLE
15,43.9,152,19.01,0,1,0,0,1,A_POS,hypertension,FAIBLE
15,60.7,166,22.02,0,0,0,0,1,B_POS,aucun,FAIBLE
27,50.0,152,21.65,0,0,0,1,1,AB_POS,aucun,FAIBLE
24,75.3,177,24.02,0,0,1,1,1,AB_NEG,aucun,FAIBLE
22,70.9,173,23.69,0,0,0,1,1,A_POS,aucun,FAIBLE
23,52.1,168,18.44,0,0,1,1,0,AB_NEG,aucun,FAIBLE
28,59.7,178,18.86,0,0,1,2,1,A_NEG,aucun,FAIBLE
29,40.7,152,17.6,0,0,1,2,0,AB_NEG,aucun,FAIBLE
22,67.4,167,24.17,0,0,1,1,1,O_NEG,aucun,FAIBLE
22,61.5,171,21.05,0,0,0,1,1,O_POS,aucun,FAIBLE
18,48.4,164,17.99,0,1,0,0,0,A_POS,hypertension,FAIBLE
16,48.6,151,21.3,0,0,1,0,1,AB_NEG,aucun,FAIBLE
27,55.2,176,17.82,0,0,0,1,0,B_POS,aucun,FAIBLE
20,53.8,163,20.26,0,0,0,1,1,B_POS,aucun,FAIBLE
18,62.7,176,20.23,0,0,0,0,1,B_POS,aucun,FAIBLE
25,57.5,181,17.56,0,0,0,1,0,B_POS,aucun,FAIBLE
15,43.8,158,17.54,0,0,1,0,0,B_NEG,aucun,FAIBLE
22,48.0,164,17.86,0,0,1,1,0,B_NEG,aucun,FAIBLE
24,71.3,175,23.29,0,0,0,1,1,AB_POS,aucun,FAIBLE
24,52.9,169,18.54,0,0,0,1,1,AB_POS,aucun,FAIBLE
26,64.5,178,20.36,0,0,1,1,1,B_NEG,aucun,FAIBLE
26,55.4,155,23.05,0,0,0,1,1,A_POS,aucun,FAIBLE
29,47.8,152,20.71,0,0,1,2,1,A_NEG,aucun,FAIBLE
19,64.1,170,22.18,0,0,1,0,1,A_NEG,aucun,FAIBLE
27,59.8,162,22.77,0,0,1,1,1,O_NEG,aucun,FAIBLE
25,58.4,174,19.29,0,0,0,1,1,B_POS,aucun,FAIBLE
28,59.3,161,22.86,0,0,0,2,1,B_POS,aucun,FAIBLE
15,69.4,175,22.65,0,0,1,0,1,B_NEG,aucun,FAIBLE
21,68.6,167,24.59,0,0,0,1,1,A_POS,aucun,FAIBLE
20,58.9,174,19.45,0,0,1,1,1,AB_NEG,aucun,FAIBLE
27,48.2,150,21.41,0,0,1,1,1,O_NEG,aucun,FAIBLE
24,50.8,163,19.12,0,0,1,1,1,B_NEG,aucun,FAIBLE
24,56.6,156,23.25,0,0,0,1,1,O_POS,aucun,FAIBLE
21,55.9,172,18.89,0,0,1,1,1,B_NEG,aucun,FAIBLE
18,48.3,161,18.61,0,0,1,0,1,O_NEG,aucun,FAIBLE
29,51.9,171,17.75,0,0,0,2,0,AB_POS,aucun,FAIBLE
29,52.6,154,22.16,0,0,1,2,1,AB_NEG,aucun,FAIBLE
20,73.1,174,24.14,0,0,0,1,1,B_POS,aucun,FAIBLE
29,65.7,178,20.73,0,0,0,2,1,AB_POS,aucun,FAIBLE
16,47.7,157,19.34,0,0,1,0,1,AB_NEG,aucun,FAIBLE
20,64.3,165,23.62,0,0,1,1,1,B_NEG,aucun,FAIBLE
29,72.7,176,23.47,0,0,1,2,1,A_NEG,aucun,FAIBLE
25,50.2,152,21.73,0,0,1,1,1,O_NEG,aucun,FAIBLE
15,40.8,152,17.67,0,0,0,0,0,B_POS,aucun,FAIBLE
20,45.1,160,17.6,0,0,1,1,0,B_NEG,aucun,FAIBLE
17,51.5,171,17.61,1,0,1,0,0,AB_NEG,diabete,FAIBLE
15,64.8,181,19.79,0,0,0,0,1,O_POS,aucun,FAIBLE
25,66.4,175,21.67,0,0,1,1,1,O_NEG,aucun,FAIBLE
27,51.5,159,20.39,1,1,1,1,1,B_NEG,diabete_hypertension,FAIBLE
29,58.6,168,20.77,0,0,1,2,1,A_NEG,aucun,FAIBLE
23,62.0,169,21.71,1,0,0,1,1,O_POS,diabete,FAIBLE
28,45.7,151,20.03,0,0,0,2,1,AB_POS,aucun,FAIBLE
19,58.6,168,20.78,0,0,1,0,1,A_NEG,aucun,FAIBLE
15,57.6,159,22.79,0,0,0,0,1,A_POS,aucun,FAIBLE
25,71.3,178,22.49,0,0,0,1,1,O_POS,aucun,FAIBLE
22,72.0,172,24.35,0,0,1,1,1,B_NEG,aucun,FAIBLE
23,70.2,176,22.66,0,0,0,1,1,A_POS,aucun,FAIBLE
20,65.0,168,23.03,0,0,0,1,1,O_POS,aucun,FAIBLE
29,56.0,157,22.72,0,0,1,2,1,AB_NEG,aucun,FAIBLE
15,77.7,178,24.52,0,0,1,0,1,A_NEG,aucun,FAIBLE
15,55.5,172,18.77,0,0,0,0,1,O_POS,aucun,FAIBLE
20,70.3,169,24.61,0,0,0,1,1,B_POS,aucun,FAIBLE
24,77.0,179,24.02,0,0,1,1,1,A_NEG,aucun,FAIBLE
20,55.4,151,24.32,0,0,1,1,1,A_NEG,aucun,FAIBLE
26,54.0,157,21.9,0,0,1,1,1,B_NEG,aucun,FAIBLE
22,55.5,175,18.13,0,0,1,1,0,O_NEG,aucun,FAIBLE
21,61.6,165,22.61,0,0,0,1,1,B_POS,aucun,FAIBLE
27,74.5,176,24.06,0,0,1,1,1,O_NEG,aucun,FAIBLE
21,72.0,173,24.05,1,1,0,1,1,A_POS,diabete_hypertension,FAIBLE
18,57.3,154,24.14,0,0,0,0,1,O_POS,aucun,FAIBLE
23,60.3,157,24.46,0,0,0,1,1,AB_POS,aucun,FAIBLE
18,56.4,177,18.0,0,0,0,0,0,O_POS,aucun,FAIBLE
15,79.0,181,24.1,0,0,0,0,1,AB_POS,aucun,FAIBLE
25,41.1,151,18.03,0,0,1,1,0,B_NEG,aucun,FAIBLE
25,51.1,169,17.91,0,0,1,1,0,O_NEG,aucun,FAIBLE
18,50.0,164,18.59,0,1,0,0,1,B_POS,hypertension,FAIBLE
23,45.2,157,18.35,0,0,1,1,0,B_NEG,aucun,FAIBLE
22,51.0,160,19.91,0,0,1,1,1,O_NEG,aucun,FAIBLE
22,74.0,177,23.62,0,0,1,1,1,B_NEG,aucun,FAIBLE
27,47.1,162,17.96,0,0,0,1,0,AB_POS,aucun,FAIBLE
18,75.3,180,23.25,0,0,1,0,1,AB_NEG,aucun,FAIBLE
29,54.2,173,18.11,0,0,1,2,0,A_NEG,aucun,FAIBLE
25,69.1,177,22.07,0,0,1,1,1,AB_NEG,aucun,FAIBLE
20,53.7,159,21.24,0,0,1,1,1,AB_NEG,aucun,FAIBLE
26,51.2,165,18.79,0,0,0,1,1,O_POS,aucun,FAIBLE
21,64.0,180,19.77,0,0,0,1,1,A_POS,aucun,FAIBLE
19,60.4,173,20.19,0,0,1,0,1,AB_NEG,aucun,FAIBLE
16,70.1,168,24.84,0,0,0,0,1,A_POS,aucun,FAIBLE
29,57.8,164,21.48,0,0,0,2,1,O_POS,aucun,FAIBLE
23,49.9,157,20.25,0,0,0,1,1,B_POS,aucun,FAIBLE
27,60.9,165,22.35,0,0,1,1,1,B_NEG,aucun,FAIBLE
17,63.2,177,20.17,0,0,0,0,1,B_POS,aucun,FAIBLE
21,50.8,156,20.86,0,0,0,1,1,A_POS,aucun,FAIBLE
22,63.2,162,24.09,0,0,0,1,1,A_POS,aucun,FAIBLE
17,57.2,162,21.79,0,0,1,0,1,A_NEG,aucun,FAIBLE
20,57.8,153,24.68,0,0,1,1,1,O_NEG,aucun,FAIBLE
25,44.4,155,18.47,0,0,1,1,0,O_NEG,aucun,FAIBLE
28,44.2,152,19.12,0,0,0,2,1,AB_POS,aucun,FAIBLE
20,79.8,181,24.36,0,0,1,1,1,O_NEG,aucun,FAIBLE
28,70.6,174,23.31,0,0,1,2,1,O_NEG,aucun,FAIBLE
17,59.4,181,18.14,0,0,0,0,0,A_POS,aucun,FAIBLE
27,64.8,180,20.0,0,0,1,1,1,B_NEG,aucun,FAIBLE
23,61.9,180,19.11,0,0,1,1,1,A_NEG,aucun,FAIBLE
29,67.4,171,23.06,0,0,0,2,1,AB_POS,aucun,FAIBLE
16,61.0,166,22.14,0,0,0,0,1,AB_POS,aucun,FAIBLE
18,48.6,150,21.6,0,0,0,0,1,AB_POS,aucun,FAIBLE
24,59.9,157,24.31,1,0,0,1,1,AB_POS,diabete,FAIBLE
22,60.0,157,24.34,1,0,0,1,1,O_POS,diabete,FAIBLE
21,49.7,154,20.95,0,0,0,1,1,A_POS,aucun,FAIBLE
21,52.7,151,23.13,0,0,0,1,1,O_POS,aucun,FAIBLE
21,60.9,162,23.19,0,0,0,1,1,AB_POS,aucun,FAIBLE
16,59.0,162,22.49,0,0,1,0,1,AB_NEG,aucun,FAIBLE
21,58.6,166,21.28,0,0,1,1,1,B_NEG,aucun,FAIBLE
18,58.7,159,23.22,0,0,0,0,1,AB_POS,aucun,FAIBLE
18,69.1,179,21.58,1,0,1,0,1,B_NEG,diabete,FAIBLE
29,52.6,150,23.39,0,0,0,2,1,B_POS,aucun,FAIBLE
23,58.5,181,17.87,0,0,0,1,0,A_POS,aucun,FAIBLE
23,57.2,174,18.9,0,0,0,1,1,B_POS,aucun,FAIBLE
15,60.0,160,23.43,0,0,1,0,1,AB_NEG,aucun,FAIBLE
21,57.1,160,22.32,0,0,0,1,1,A_POS,aucun,FAIBLE
27,62.7,170,21.69,1,0,0,1,1,O_POS,diabete,FAIBLE
20,55.4,167,19.85,0,0,0,1,1,AB_POS,aucun,FAIBLE
20,57.3,157,23.24,0,0,0,1,1,B_POS,aucun,FAIBLE
22,55.0,166,19.96,0,0,1,1,1,A_NEG,aucun,FAIBLE
17,47.4,156,19.46,0,0,0,0,1,A_POS,aucun,FAIBLE
22,47.3,155,19.69,1,0,1,1,1,AB_NEG,diabete,FAIBLE
17,65.6,169,22.97,1,0,1,0,1,A_NEG,diabete,FAIBLE
18,63.9,175,20.87,0,0,1,0,1,A_NEG,aucun,FAIBLE
23,51.8,153,22.11,0,0,1,1,1,AB_NEG,aucun,FAIBLE
26,42.9,152,18.55,0,0,1,1,1,O_NEG,aucun,FAIBLE
15,50.7,159,20.04,0,0,1,0,1,O_NEG,aucun,FAIBLE
26,60.3,157,24.45,1,0,1,1,1,A_NEG,diabete,FAIBLE
26,56.3,176,18.18,0,0,1,1,0,O_NEG,aucun,FAIBLE
29,59.9,173,20.03,0,0,0,2,1,AB_POS,aucun,FAIBLE
16,44.6,152,19.33,0,0,1,0,1,AB_NEG,aucun,FAIBLE
23,68.3,175,22.29,0,0,1,1,1,O_NEG,aucun,FAIBLE
17,70.5,173,23.55,1,0,1,0,1,A_NEG,diabete,FAIBLE
15,56.3,164,20.92,0,0,0,0,1,A_POS,aucun,FAIBLE
24,55.1,164,20.48,0,0,0,1,1,O_POS,aucun,FAIBLE
26,58.2,172,19.68,0,0,1,1,1,O_NEG,aucun,FAIBLE
15,55.3,171,18.91,1,0,1,0,1,AB_NEG,diabete,FAIBLE
19,72.3,174,23.89,0,0,1,0,1,B_NEG,aucun,FAIBLE
28,67.9,178,21.43,0,0,1,2,1,AB_NEG,aucun,FAIBLE
24,56.7,175,18.51,0,0,0,1,1,O_POS,aucun,FAIBLE
19,55.0,173,18.36,0,0,0,0,0,AB_POS,aucun,FAIBLE
25,52.0,165,19.11,0,0,0,1,1,O_POS,aucun,FAIBLE
16,68.1,170,23.58,0,0,1,0,1,AB_NEG,aucun,FAIBLE
17,50.4,157,20.46,1,0,0,0,1,A_POS,diabete,FAIBLE
22,57.3,172,19.38,0,0,1,1,1,O_NEG,aucun,FAIBLE
27,60.5,170,20.93,0,0,1,1,1,O_NEG,aucun,FAIBLE
20,60.8,178,19.17,0,0,0,1,1,B_POS,aucun,FAIBLE
15,43.7,157,17.74,0,0,1,0,0,AB_NEG,aucun,FAIBLE
26,62.1,161,23.96,0,0,0,1,1,AB_POS,aucun,FAIBLE
29,80.1,181,24.44,0,0,1,2,1,AB_NEG,aucun,FAIBLE
28,44.3,158,17.74,0,0,1,2,0,A_NEG,aucun,FAIBLE
29,40.8,151,17.87,0,0,1,2,0,B_NEG,aucun,FAIBLE
15,56.6,172,19.12,0,0,0,0,1,AB_POS,aucun,FAIBLE
15,65.9,174,21.77,0,0,1,0,1,AB_NEG,aucun,FAIBLE
29,49.8,166,18.07,0,0,0,2,0,B_POS,aucun,FAIBLE
22,75.2,179,23.46,0,0,0,1,1,A_POS,aucun,FAIBLE
27,65.2,166,23.68,0,0,1,1,1,O_NEG,aucun,FAIBLE
20,44.2,152,19.14,0,0,0,1,1,O_POS,aucun,FAIBLE
29,67.7,171,23.14,0,0,0,2,1,AB_POS,aucun,FAIBLE
19,73.0,173,24.4,0,0,1,0,1,AB_NEG,aucun,FAIBLE
24,56.8,166,20.61,0,0,1,1,1,A_NEG,aucun,FAIBLE
19,62.8,175,20.52,0,0,1,0,1,AB_NEG,aucun,FAIBLE
16,55.7,167,19.96,0,0,0,0,1,A_POS,aucun,FAIBLE
27,50.1,156,20.59,0,0,0,1,1,O_POS,aucun,FAIBLE
29,45.6,160,17.83,0,0,0,2,0,B_POS,aucun,FAIBLE
17,61.6,169,21.57,1,0,1,0,1,O_NEG,diabete,FAIBLE
26,49.0,157,19.87,0,0,0,1,1,AB_POS,aucun,FAIBLE
25,51.0,167,18.28,0,0,1,1,0,O_NEG,aucun,FAIBLE
20,65.8,175,21.48,0,0,0,1,1,AB_POS,aucun,FAIBLE
29,60.4,179,18.85,0,0,0,2,1,B_POS,aucun,FAIBLE
28,48.2,153,20.6,0,0,1,2,1,B_NEG,aucun,FAIBLE
16,59.0,180,18.21,0,0,1,0,0,O_NEG,aucun,FAIBLE
25,79.7,180,24.59,0,0,0,1,1,AB_POS,aucun,FAIBLE
21,62.7,173,20.94,0,0,0,1,1,O_POS,aucun,FAIBLE
23,55.8,165,20.48,0,0,1,1,1,A_NEG,aucun,FAIBLE
16,55.2,154,23.28,0,0,0,0,1,O_POS,aucun,FAIBLE
25,59.5,179,18.58,0,0,0,1,1,AB_POS,aucun,FAIBLE
22,59.0,175,19.25,0,0,1,1,1,B_NEG,aucun,FAIBLE
21,46.5,155,19.36,0,0,1,1,1,A_NEG,aucun,FAIBLE
24,64.0,181,19.53,0,0,1,1,1,A_NEG,aucun,FAIBLE
22,67.0,176,21.64,0,0,1,1,1,A_NEG,aucun,FAIBLE
15,80.7,181,24.65,0,0,1,0,1,B_NEG,aucun,FAIBLE
17,56.5,154,23.84,0,0,1,0,1,O_NEG,aucun,FAIBLE
20,46.0,150,20.46,0,0,1,1,1,O_NEG,aucun,FAIBLE
27,72.1,176,23.27,0,0,0,1,1,A_POS,aucun,FAIBLE
21,60.0,163,22.59,0,0,0,1,1,A_POS,aucun,FAIBLE
23,53.2,172,17.99,0,0,0,1,0,AB_POS,aucun,FAIBLE
29,61.5,169,21.54,0,0,1,2,1,AB_NEG,aucun,FAIBLE
16,56.9,162,21.68,0,0,0,0,1,O_POS,aucun,FAIBLE
28,45.8,159,18.12,0,0,1,2,0,A_NEG,aucun,FAIBLE
29,44.7,158,17.89,0,0,0,2,0,B_POS,aucun,FAIBLE
16,48.6,159,19.23,0,0,0,0,1,B_POS,aucun,FAIBLE
20,51.8,162,19.75,0,0,0,1,1,A_POS,aucun,FAIBLE
16,46.1,161,17.77,0,0,1,0,0,A_NEG,aucun,FAIBLE
25,59.2,165,21.75,0,0,1,1,1,A_NEG,aucun,FAIBLE
25,75.0,175,24.51,0,0,0,1,1,A_POS,aucun,FAIBLE
29,47.9,164,17.8,0,0,1,2,0,B_NEG,aucun,FAIBLE
18,42.7,156,17.55,0,0,1,0,0,A_NEG,aucun,FAIBLE
25,52.5,164,19.51,0,0,0,1,1,O_POS,aucun,FAIBLE
21,50.3,163,18.94,0,0,1,1,1,B_NEG,aucun,FAIBLE
28,60.1,160,23.46,0,0,0,2,1,AB_POS,aucun,FAIBLE
18,52.4,170,18.15,0,0,1,0,0,A_NEG,aucun,FAIBLE
26,58.5,171,20.0,0,0,1,1,1,B_NEG,aucun,FAIBLE
21,54.3,165,19.96,0,0,0,1,1,O_POS,aucun,FAIBLE
26,65.8,178,20.77,0,0,0,1,1,B_POS,aucun,FAIBLE
29,57.4,163,21.59,0,0,0,2,1,AB_POS,aucun,FAIBLE
19,75.1,176,24.24,0,0,0,0,1,AB_POS,aucun,FAIBLE
20,65.4,180,20.17,0,0,1,1,1,AB_NEG,aucun,FAIBLE
16,56.0,154,23.62,0,0,1,0,1,AB_NEG,aucun,FAIBLE
21,43.2,151,18.93,0,1,1,1,1,AB_NEG,hypertension,FAIBLE
18,58.5,171,20.0,0,0,0,0,1,O_POS,aucun,FAIBLE
21,58.0,168,20.54,0,0,1,1,1,AB_NEG,aucun,FAIBLE
29,56.1,174,18.54,0,0,1,2,1,O_NEG,aucun,FAIBLE
16,44.2,154,18.66,0,0,1,0,1,AB_NEG,aucun,FAIBLE
20,54.4,175,17.76,0,0,1,1,0,B_NEG,aucun,FAIBLE
24,46.6,158,18.66,0,0,0,1,1,O_POS,aucun,FAIBLE
24,64.4,179,20.1,0,0,0,1,1,B_POS,aucun,FAIBLE
27,63.6,180,19.64,0,0,0,1,1,AB_POS,aucun,FAIBLE
25,59.4,169,20.8,0,0,1,1,1,A_NEG,aucun,FAIBLE
15,78.0,181,23.79,0,0,1,0,1,AB_NEG,aucun,FAIBLE
29,50.1,160,19.56,0,0,0,2,1,B_POS,aucun,FAIBLE
18,42.9,156,17.62,0,0,1,0,0,A_NEG,aucun,FAIBLE
15,47.6,150,21.14,0,0,1,0,1,O_NEG,aucun,FAIBLE
26,66.9,170,23.16,0,0,1,1,1,A_NEG,aucun,FAIBLE
18,46.5,161,17.95,0,1,0,0,0,B_POS,hypertension,FAIBLE
25,60.8,160,23.77,0,0,1,1,1,B_NEG,aucun,FAIBLE
25,67.5,166,24.49,0,0,0,1,1,A_POS,aucun,FAIBLE
26,60.5,171,20.68,0,0,1,1,1,AB_NEG,aucun,FAIBLE
27,57.2,159,22.62,0,0,1,1,1,O_NEG,aucun,FAIBLE
22,55.7,158,22.33,0,0,0,1,1,O_POS,aucun,FAIBLE
27,53.8,171,18.4,0,0,1,1,0,A_NEG,aucun,FAIBLE
23,54.5,165,20.03,0,0,1,1,1,A_NEG,aucun,FAIBLE
26,45.4,157,18.44,0,0,1,1,0,A_NEG,aucun,FAIBLE
23,54.1,151,23.73,0,0,0,1,1,O_POS,aucun,FAIBLE
15,60.8,168,21.56,0,0,1,0,1,O_NEG,aucun,FAIBLE
16,76.0,180,23.46,0,0,1,0,1,A_NEG,aucun,FAIBLE
26,51.6,154,21.77,0,0,0,1,1,AB_POS,aucun,FAIBLE
19,54.5,159,21.55,0,0,0,0,1,AB_POS,aucun,FAIBLE
28,55.4,151,24.29,0,0,1,2,1,B_NEG,aucun,FAIBLE
20,58.1,153,24.84,0,0,1,1,1,AB_NEG,aucun,FAIBLE
27,51.5,153,21.98,0,0,1,1,1,O_NEG,aucun,FAIBLE
18,70.0,169,24.5,0,0,0,0,1,B_POS,aucun,FAIBLE
27,56.1,176,18.1,0,0,0,1,0,AB_POS,aucun,FAIBLE
22,61.8,168,21.89,0,0,0,1,1,O_POS,aucun,FAIBLE
26,65.8,165,24.18,0,0,0,1,1,O_POS,aucun,FAIBLE
21,49.1,163,18.5,1,0,1,1,0,B_NEG,diabete,FAIBLE
20,57.0,164,21.19,0,0,0,1,1,AB_POS,aucun,FAIBLE
18,67.7,172,22.89,0,0,0,0,1,B_POS,aucun,FAIBLE
25,39.6,150,17.6,0,0,0,1,0,B_POS,aucun,FAIBLE
17,46.7,163,17.6,0,0,0,0,0,O_POS,aucun,FAIBLE
27,73.1,176,23.59,0,0,0,1,1,AB_POS,aucun,FAIBLE
20,69.9,180,21.56,0,0,1,1,1,AB_NEG,aucun,FAIBLE
19,60.1,177,19.17,0,0,1,0,1,O_NEG,aucun,FAIBLE
18,47.2,161,18.22,0,0,0,0,0,B_POS,aucun,FAIBLE
20,61.3,173,20.49,0,0,1,1,1,AB_NEG,aucun,FAIBLE
17,62.3,169,21.81,0,0,0,0,1,A_POS,aucun,FAIBLE
19,53.4,164,19.86,0,0,1,0,1,A_NEG,aucun,FAIBLE
20,48.9,157,19.83,0,0,0,1,1,B_POS,aucun,FAIBLE
26,51.8,152,22.43,0,0,1,1,1,B_NEG,aucun,FAIBLE
27,65.9,169,23.08,0,0,1,1,1,B_NEG,aucun,FAIBLE
17,43.7,155,18.18,0,0,0,0,0,B_POS,aucun,FAIBLE
26,59.4,174,19.61,0,0,1,1,1,B_NEG,aucun,FAIBLE
27,56.2,171,19.22,0,0,1,1,1,O_NEG,aucun,FAIBLE
24,56.0,175,18.3,0,0,1,1,0,A_NEG,aucun,FAIBLE
27,72.7,177,23.21,0,0,1,1,1,O_NEG,aucun,FAIBLE
21,61.6,168,21.83,0,0,0,1,1,O_POS,aucun,FAIBLE
25,60.3,175,19.69,0,0,0,1,1,B_POS,aucun,FAIBLE
25,63.8,168,22.6,0,0,1,1,1,AB_NEG,aucun,FAIBLE
15,47.1,159,18.64,0,0,0,0,1,B_POS,aucun,FAIBLE
25,65.4,169,22.9,0,0,1,1,1,O_NEG,aucun,FAIBLE
21,78.8,178,24.87,0,0,1,1,1,B_NEG,aucun,FAIBLE
28,52.2,161,20.15,0,0,0,2,1,AB_POS,aucun,FAIBLE
19,72.8,173,24.34,0,0,0,0,1,AB_POS,aucun,FAIBLE
20,58.3,171,19.95,0,0,1,1,1,AB_NEG,aucun,FAIBLE
15,50.8,156,20.86,0,0,0,0,1,B_POS,aucun,FAIBLE
23,69.1,172,23.35,0,0,1,1,1,A_NEG,aucun,FAIBLE
29,61.4,174,20.3,0,0,1,2,1,AB_NEG,aucun,FAIBLE
15,43.8,153,18.73,0,0,0,0,1,B_POS,aucun,FAIBLE
15,48.2,152,20.84,1,0,1,0,1,AB_NEG,diabete,FAIBLE
27,56.1,164,20.85,0,0,0,1,1,A_POS,aucun,FAIBLE
24,69.3,176,22.38,0,0,1,1,1,O_NEG,aucun,FAIBLE
24,50.1,155,20.87,1,0,0,1,1,A_POS,diabete,FAIBLE
20,67.7,166,24.56,0,0,0,1,1,A_POS,aucun,FAIBLE
23,52.0,156,21.39,0,0,1,1,1,A_NEG,aucun,FAIBLE
18,41.5,150,18.44,0,0,0,0,0,AB_POS,aucun,FAIBLE
18,60.9,166,22.09,0,0,1,0,1,AB_NEG,aucun,FAIBLE
15,53.3,156,21.9,0,0,0,0,1,A_POS,aucun,FAIBLE
22,61.4,178,19.38,0,0,1,1,1,B_NEG,aucun,FAIBLE
25,55.5,160,21.69,0,0,1,1,1,AB_NEG,aucun,FAIBLE
26,75.2,177,24.0,0,0,0,1,1,B_POS,aucun,FAIBLE
25,71.0,180,21.91,0,0,0,1,1,A_POS,aucun,FAIBLE
28,64.2,175,20.98,0,0,0,2,1,A_POS,aucun,FAIBLE
28,61.5,171,21.03,1,0,1,2,1,B_NEG,diabete,FAIBLE
18,55.1,167,19.77,1,0,0,0,1,O_POS,diabete,FAIBLE
15,77.7,180,23.98,0,0,0,0,1,O_POS,aucun,FAIBLE
20,52.8,155,21.96,0,0,1,1,1,O_NEG,aucun,FAIBLE
19,60.8,167,21.8,0,0,0,0,1,AB_POS,aucun,FAIBLE
24,41.9,150,18.6,0,1,1,1,1,B_NEG,hypertension,FAIBLE
25,60.3,156,24.77,0,0,0,1,1,AB_POS,aucun,FAIBLE
27,48.8,150,21.7,0,0,0,1,1,AB_POS,aucun,FAIBLE
18,49.4,156,20.32,0,0,1,0,1,AB_NEG,aucun,FAIBLE
21,53.5,160,20.9,0,0,1,1,1,AB_NEG,aucun,FAIBLE
15,46.3,161,17.86,0,0,1,0,0,A_NEG,aucun,FAIBLE
25,54.3,167,19.46,0,0,1,1,1,A_NEG,aucun,FAIBLE
20,53.8,151,23.61,0,0,1,1,1,AB_NEG,aucun,FAIBLE
21,53.3,174,17.61,0,1,0,1,0,B_POS,hypertension,FAIBLE
28,53.5,156,21.98,0,0,1,2,1,B_NEG,aucun,FAIBLE
15,44.1,158,17.66,0,0,1,0,0,AB_NEG,aucun,FAIBLE
21,54.9,154,23.15,0,0,1,1,1,O_NEG,aucun,FAIBLE
25,49.3,156,20.27,0,0,0,1,1,O_POS,aucun,FAIBLE
29,43.6,152,18.86,0,0,1,2,1,B_NEG,aucun,FAIBLE
17,48.9,155,20.35,0,0,1,0,1,AB_NEG,aucun,FAIBLE
17,47.0,152,20.33,0,0,0,0,1,O_POS,aucun,FAIBLE
29,41.1,153,17.55,0,0,0,2,0,B_POS,aucun,FAIBLE
21,59.0,165,21.69,0,0,1,1,1,O_NEG,aucun,FAIBLE
28,48.1,162,18.34,0,0,0,2,0,O_POS,aucun,FAIBLE
20,43.0,151,18.87,0,0,1,1,1,O_NEG,aucun,FAIBLE
26,44.9,150,19.94,0,0,1,1,1,O_NEG,aucun,FAIBLE
22,49.8,166,18.07,0,1,1,1,0,B_NEG,hypertension,FAIBLE
26,70.7,175,23.1,0,0,1,1,1,AB_NEG,aucun,FAIBLE
23,73.4,172,24.82,0,0,0,1,1,O_POS,aucun,FAIBLE
23,68.0,167,24.37,0,0,0,1,1,B_POS,aucun,FAIBLE
16,54.3,176,17.53,0,0,0,0,0,A_POS,aucun,FAIBLE
22,71.8,176,23.17,0,0,0,1,1,A_POS,aucun,FAIBLE
18,62.6,177,19.98,0,1,1,0,1,AB_NEG,hypertension,FAIBLE
17,67.2,175,21.94,0,1,1,0,1,O_NEG,hypertension,FAIBLE
21,67.7,179,21.13,0,0,0,1,1,AB_POS,aucun,FAIBLE
20,65.3,167,23.4,0,0,1,1,1,A_NEG,aucun,FAIBLE
27,55.7,167,19.96,0,0,1,1,1,B_NEG,aucun,FAIBLE
16,54.0,164,20.09,0,0,0,0,1,B_POS,aucun,FAIBLE
21,65.3,170,22.59,0,0,1,1,1,AB_NEG,aucun,FAIBLE
26,61.2,173,20.46,0,0,0,1,1,B_POS,aucun,FAIBLE
20,52.1,172,17.62,0,0,0,1,0,B_POS,aucun,FAIBLE
21,64.6,177,20.61,0,0,0,1,1,B_POS,aucun,FAIBLE
26,55.8,176,18.0,0,0,1,1,0,AB_NEG,aucun,FAIBLE
24,42.8,152,18.54,0,0,0,1,1,B_POS,aucun,FAIBLE
20,57.9,162,22.08,1,1,1,1,1,B_NEG,diabete_hypertension,FAIBLE
26,63.1,165,23.19,0,0,0,1,1,AB_POS,aucun,FAIBLE
26,72.6,172,24.52,0,0,0,1,1,AB_POS,aucun,FAIBLE
19,62.1,174,20.53,0,0,1,0,1,AB_NEG,aucun,FAIBLE
21,58.1,160,22.69,0,0,1,1,1,O_NEG,aucun,FAIBLE
25,60.7,167,21.76,0,0,0,1,1,A_POS,aucun,FAIBLE
21,58.7,172,19.83,0,0,1,1,1,B_NEG,aucun,FAIBLE
17,47.6,164,17.69,0,0,1,0,0,A_NEG,aucun,FAIBLE
18,60.2,176,19.43,0,0,0,0,1,A_POS,aucun,FAIBLE
23,61.4,180,18.95,0,0,1,1,1,O_NEG,aucun,FAIBLE
27,50.9,166,18.49,1,0,0,1,0,AB_POS,diabete,FAIBLE
26,62.4,166,22.64,0,0,1,1,1,A_NEG,aucun,FAIBLE
16,52.9,158,21.17,0,0,0,0,1,A_POS,aucun,FAIBLE
20,52.1,162,19.86,1,0,1,1,1,A_NEG,diabete,FAIBLE
21,60.7,170,20.99,0,0,1,1,1,O_NEG,aucun,FAIBLE
15,58.6,169,20.51,0,0,0,0,1,AB_POS,aucun,FAIBLE
15,45.7,153,19.54,0,0,0,0,1,A_POS,aucun,FAIBLE
25,54.9,151,24.09,0,0,1,1,1,A_NEG,aucun,FAIBLE
21,62.2,168,22.03,1,0,1,1,1,AB_NEG,diabete,FAIBLE
15,47.6,159,18.84,0,0,1,0,1,A_NEG,aucun,FAIBLE
22,60.2,172,20.35,0,0,0,1,1,A_POS,aucun,FAIBLE
20,59.7,170,20.66,0,0,1,1,1,O_NEG,aucun,FAIBLE
25,55.6,156,22.85,0,0,1,1,1,A_NEG,aucun,FAIBLE
18,54.7,167,19.6,0,0,1,0,1,B_NEG,aucun,FAIBLE
29,54.8,164,20.37,0,0,1,2,1,O_NEG,aucun,FAIBLE
23,74.7,175,24.4,0,0,1,1,1,O_NEG,aucun,FAIBLE
23,64.9,169,22.73,0,0,0,1,1,AB_POS,aucun,FAIBLE
16,60.6,164,22.53,0,0,0,0,1,AB_POS,aucun,FAIBLE
27,48.1,159,19.04,0,0,0,1,1,A_POS,aucun,FAIBLE
29,47.6,163,17.92,0,0,1,2,0,AB_NEG,aucun,FAIBLE
17,43.9,154,18.52,0,0,0,0,1,AB_POS,aucun,FAIBLE
27,52.2,161,20.14,0,0,1,1,1,B_NEG,aucun,FAIBLE
18,48.2,156,19.81,1,0,1,0,1,O_NEG,diabete,FAIBLE
21,57.8,157,23.45,1,0,0,1,1,AB_POS,diabete,FAIBLE
28,71.3,175,23.29,0,0,0,2,1,O_POS,aucun,FAIBLE
29,55.6,167,19.93,0,0,0,2,1,O_POS,aucun,FAIBLE
16,69.3,174,22.9,0,0,0,0,1,O_POS,aucun,FAIBLE
21,48.6,155,20.22,0,0,0,1,1,B_POS,aucun,FAIBLE
20,65.7,169,23.01,0,0,0,1,1,B_POS,aucun,FAIBLE
26,60.3,168,21.37,0,0,1,1,1,AB_NEG,aucun,FAIBLE
22,50.5,158,20.24,0,0,0,1,1,A_POS,aucun,FAIBLE
17,54.9,172,18.56,0,1,0,0,1,B_POS,hypertension,FAIBLE
21,64.1,179,20.01,1,0,0,1,1,A_POS,diabete,FAIBLE
20,58.0,157,23.51,0,0,1,1,1,A_NEG,aucun,FAIBLE
18,67.7,168,23.98,1,0,0,0,1,O_POS,diabete,FAIBLE
21,72.2,176,23.31,0,0,1,1,1,B_NEG,aucun,FAIBLE
22,68.3,167,24.49,0,0,0,1,1,AB_POS,aucun,FAIBLE
21,61.9,166,22.45,0,0,0,1,1,B_POS,aucun,FAIBLE
17,63.5,179,19.81,0,0,0,0,1,B_POS,aucun,FAIBLE
27,55.3,163,20.8,0,0,1,1,1,O_NEG,aucun,FAIBLE
22,56.1,156,23.06,0,0,1,1,1,O_NEG,aucun,FAIBLE
20,72.6,176,23.44,0,0,0,1,1,AB_POS,aucun,FAIBLE
29,55.5,157,22.52,0,0,1,2,1,B_NEG,aucun,FAIBLE
17,57.8,171,19.77,0,0,0,0,1,O_POS,aucun,FAIBLE
25,64.8,165,23.78,0,0,1,1,1,B_NEG,aucun,FAIBLE
25,57.6,160,22.51,0,0,0,1,1,A_POS,aucun,FAIBLE
18,50.5,154,21.28,0,0,0,0,1,O_POS,aucun,FAIBLE
19,64.4,165,23.64,1,0,1,0,1,B_NEG,diabete,FAIBLE
17,59.9,169,20.97,0,0,1,0,1,O_NEG,aucun,FAIBLE
29,77.8,180,24.01,0,0,1,2,1,O_NEG,aucun,FAIBLE
16,55.1,167,19.77,0,0,1,0,1,A_NEG,aucun,FAIBLE
20,69.8,176,22.53,0,0,1,1,1,B_NEG,aucun,FAIBLE
29,51.2,152,22.16,0,0,0,2,1,AB_POS,aucun,FAIBLE
22,50.3,157,20.41,1,1,1,1,1,O_NEG,diabete_hypertension,FAIBLE
18,52.7,166,19.14,0,0,1,0,1,A_NEG,aucun,FAIBLE
26,53.3,163,20.05,0,0,1,1,1,A_NEG,aucun,FAIBLE
21,56.2,178,17.75,0,0,1,1,0,O_NEG,aucun,FAIBLE
20,65.8,163,24.77,0,0,1,1,1,AB_NEG,aucun,FAIBLE
19,63.6,163,23.93,0,0,1,0,1,AB_NEG,aucun,FAIBLE
19,73.9,178,23.31,0,0,0,0,1,B_POS,aucun,FAIBLE
16,68.9,175,22.48,0,0,0,0,1,B_POS,aucun,FAIBLE
24,68.2,172,23.07,0,0,0,1,1,AB_POS,aucun,FAIBLE
28,47.6,155,19.81,0,0,0,2,1,A_POS,aucun,FAIBLE
18,65.7,181,20.05,0,0,0,0,1,A_POS,aucun,FAIBLE
23,56.6,154,23.88,0,0,1,1,1,A_NEG,aucun,FAIBLE
18,69.4,171,23.74,0,0,1,0,1,AB_NEG,aucun,FAIBLE
27,55.1,155,22.92,0,0,0,1,1,A_POS,aucun,FAIBLE
15,67.0,180,20.69,0,0,1,0,1,O_NEG,aucun,FAIBLE
27,50.3,167,18.04,0,0,0,1,0,B_POS,aucun,FAIBLE
26,46.3,159,18.32,1,0,1,1,0,B_NEG,diabete,FAIBLE
28,52.3,165,19.22,0,0,1,2,1,A_NEG,aucun,FAIBLE
22,56.2,166,20.4,0,0,1,1,1,A_NEG,aucun,FAIBLE
15,53.6,154,22.58,0,0,0,0,1,AB_POS,aucun,FAIBLE
29,66.7,167,23.91,0,0,0,2,1,B_POS,aucun,FAIBLE
16,54.4,175,17.78,0,0,0,0,0,O_POS,aucun,FAIBLE
24,56.2,156,23.08,0,0,1,1,1,AB_NEG,aucun,FAIBLE
18,54.3,163,20.45,0,0,1,0,1,A_NEG,aucun,FAIBLE
19,61.4,175,20.06,0,0,0,0,1,B_POS,aucun,FAIBLE
24,51.9,168,18.4,0,0,1,1,0,AB_NEG,aucun,FAIBLE
22,54.2,176,17.5,0,1,0,1,0,A_POS,hypertension,FAIBLE
15,64.3,173,21.48,0,0,0,0,1,O_POS,aucun,FAIBLE
29,59.5,174,19.66,0,0,0,2,1,B_POS,aucun,FAIBLE
27,72.3,171,24.73,0,0,1,1,1,AB_NEG,aucun,FAIBLE
23,46.2,159,18.29,0,0,0,1,0,O_POS,aucun,FAIBLE
16,73.5,172,24.85,0,0,1,0,1,AB_NEG,aucun,FAIBLE
23,62.7,164,23.3,0,0,1,1,1,AB_NEG,aucun,FAIBLE
21,56.2,168,19.91,1,0,1,1,1,A_NEG,diabete,FAIBLE
27,53.0,150,23.58,0,0,0,1,1,AB_POS,aucun,FAIBLE
15,59.3,168,21.03,0,0,0,0,1,AB_POS,aucun,FAIBLE
26,73.8,176,23.82,0,0,1,1,1,O_NEG,aucun,FAIBLE
26,53.3,150,23.69,1,0,1,1,1,O_NEG,diabete,FAIBLE
23,74.6,176,24.07,0,0,1,1,1,B_NEG,aucun,FAIBLE
26,64.6,164,24.0,0,0,0,1,1,AB_POS,aucun,FAIBLE
28,50.9,165,18.68,0,0,0,2,1,B_POS,aucun,FAIBLE
16,65.9,178,20.81,0,0,1,0,1,B_NEG,aucun,FAIBLE
23,64.0,169,22.41,0,0,0,1,1,O_POS,aucun,FAIBLE
20,57.3,168,20.29,0,0,0,1,1,AB_POS,aucun,FAIBLE
21,58.4,175,19.05,0,1,0,1,1,O_POS,hypertension,FAIBLE
24,40.1,150,17.82,0,0,0,1,0,AB_POS,aucun,FAIBLE
25,68.8,174,22.72,0,0,1,1,1,A_NEG,aucun,FAIBLE
15,67.4,165,24.76,0,0,0,0,1,O_POS,aucun,FAIBLE
27,71.0,175,23.18,0,0,0,1,1,B_POS,aucun,FAIBLE
16,55.0,150,24.44,0,0,0,0,1,O_POS,aucun,FAIBLE
24,74.2,181,22.65,0,0,0,1,1,B_POS,aucun,FAIBLE
15,62.8,178,19.82,1,0,1,0,1,O_NEG,diabete,FAIBLE
24,57.4,156,23.6,0,0,1,1,1,AB_NEG,aucun,FAIBLE
28,57.9,177,18.48,0,1,1,2,0,A_NEG,hypertension,FAIBLE
29,54.8,159,21.68,0,0,1,2,1,B_NEG,aucun,FAIBLE
23,66.1,181,20.18,0,0,0,1,1,B_POS,aucun,FAIBLE
28,72.6,176,23.43,0,0,1,2,1,A_NEG,aucun,FAIBLE
16,50.0,156,20.56,0,0,0,0,1,A_POS,aucun,FAIBLE
20,74.1,181,22.61,0,0,0,1,1,A_POS,aucun,FAIBLE
23,47.8,154,20.17,0,0,0,1,1,AB_POS,aucun,FAIBLE
27,55.6,173,18.59,0,0,1,1,1,O_NEG,aucun,FAIBLE
22,56.4,154,23.78,0,0,1,1,1,O_NEG,aucun,FAIBLE
28,59.2,173,19.78,0,0,0,2,1,A_POS,aucun,FAIBLE
16,59.4,165,21.8,0,0,1,0,1,A_NEG,aucun,FAIBLE
19,67.1,167,24.05,0,0,1,0,1,O_NEG,aucun,FAIBLE
15,63.8,167,22.89,1,0,1,0,1,B_NEG,diabete,FAIBLE
16,55.8,166,20.25,0,0,0,0,1,A_POS,aucun,FAIBLE
18,59.2,167,21.21,0,0,1,0,1,O_NEG,aucun,FAIBLE
25,46.3,161,17.87,0,0,0,1,0,O_POS,aucun,FAIBLE
26,56.8,154,23.96,1,0,1,1,1,A_NEG,diabete,FAIBLE
23,61.3,175,20.03,0,0,1,1,1,B_NEG,aucun,FAIBLE
19,46.4,152,20.1,0,0,1,0,1,A_NEG,aucun,FAIBLE
26,46.5,150,20.69,0,0,1,1,1,O_NEG,aucun,FAIBLE
25,65.5,166,23.78,0,1,0,1,1,B_POS,hypertension,FAIBLE
18,63.4,170,21.95,0,0,1,0,1,AB_NEG,aucun,FAIBLE
22,72.9,178,23.01,0,0,0,1,1,A_POS,aucun,FAIBLE
24,65.8,171,22.49,0,0,1,1,1,A_NEG,aucun,FAIBLE
21,69.2,177,22.08,0,0,1,1,1,B_NEG,aucun,FAIBLE
23,57.2,163,21.54,0,0,1,1,1,A_NEG,aucun,FAIBLE
15,54.2,175,17.7,0,0,1,0,0,B_NEG,aucun,FAIBLE
18,53.4,153,22.79,0,0,0,0,1,B_POS,aucun,FAIBLE
26,63.2,179,19.72,0,0,1,1,1,A_NEG,aucun,FAIBLE
27,51.5,163,19.37,0,0,1,1,1,A_NEG,aucun,FAIBLE
19,64.8,177,20.67,0,0,1,0,1,O_NEG,aucun,FAIBLE
23,57.1,172,19.29,0,0,0,1,1,O_POS,aucun,FAIBLE
26,42.5,151,18.63,1,0,0,1,1,B_POS,diabete,FAIBLE
21,58.8,161,22.69,0,1,1,1,1,O_NEG,hypertension,FAIBLE
17,55.7,151,24.43,0,0,1,0,1,AB_NEG,aucun,FAIBLE
18,53.5,171,18.3,0,0,1,0,0,B_NEG,aucun,FAIBLE
28,59.0,170,20.41,0,0,0,2,1,O_POS,aucun,FAIBLE
17,45.7,155,19.03,0,0,0,0,1,AB_POS,aucun,FAIBLE
21,69.8,176,22.53,0,0,0,1,1,O_POS,aucun,FAIBLE
24,53.9,154,22.73,0,0,0,1,1,AB_POS,aucun,FAIBLE
17,62.2,178,19.62,0,0,1,0,1,A_NEG,aucun,FAIBLE
19,65.5,174,21.64,1,0,1,0,1,O_NEG,diabete,FAIBLE
27,45.7,152,19.77,0,0,0,1,1,O_POS,aucun,FAIBLE
26,51.4,155,21.4,0,0,1,1,1,AB_NEG,aucun,FAIBLE
24,55.9,175,18.25,0,0,0,1,0,B_POS,aucun,FAIBLE
17,48.8,150,21.68,0,0,1,0,1,B_NEG,aucun,FAIBLE
16,57.6,159,22.77,0,1,0,0,1,A_POS,hypertension,FAIBLE
19,68.7,168,24.33,0,0,0,0,1,A_POS,aucun,FAIBLE
20,49.1,157,19.93,0,0,0,1,1,B_POS,aucun,FAIBLE
29,54.8,161,21.12,0,0,1,2,1,O_NEG,aucun,FAIBLE
26,66.1,170,22.89,0,0,0,1,1,AB_POS,aucun,FAIBLE
22,42.4,153,18.13,0,0,1,1,0,B_NEG,aucun,FAIBLE
20,54.5,167,19.55,0,0,0,1,1,AB_POS,aucun,FAIBLE
28,58.7,156,24.11,0,0,0,2,1,O_POS,aucun,FAIBLE
15,70.3,175,22.95,0,0,1,0,1,AB_NEG,aucun,FAIBLE
20,61.7,161,23.81,0,0,1,1,1,AB_NEG,aucun,FAIBLE
15,64.9,168,22.98,0,0,1,0,1,O_NEG,aucun,FAIBLE
22,49.3,157,20.0,0,0,1,1,1,AB_NEG,aucun,FAIBLE
28,51.3,156,21.08,0,0,0,2,1,B_POS,aucun,FAIBLE
26,63.2,174,20.88,0,0,1,1,1,B_NEG,aucun,FAIBLE
25,53.7,159,21.24,0,0,1,1,1,B_NEG,aucun,FAIBLE
24,64.2,175,20.95,0,0,0,1,1,O_POS,aucun,FAIBLE
18,58.4,157,23.67,0,0,0,0,1,AB_POS,aucun,FAIBLE
21,60.4,157,24.48,0,0,1,1,1,A_NEG,aucun,FAIBLE
15,42.2,154,17.8,0,0,0,0,0,B_POS,aucun,FAIBLE
27,65.3,171,22.34,0,0,1,1,1,AB_NEG,aucun,FAIBLE
27,64.8,179,20.21,0,0,1,1,1,A_NEG,aucun,FAIBLE
15,61.3,160,23.93,0,0,1,0,1,A_NEG,aucun,FAIBLE
29,59.5,162,22.69,0,0,1,2,1,B_NEG,aucun,FAIBLE
16,46.6,154,19.65,0,0,1,0,1,A_NEG,aucun,FAIBLE
20,54.1,165,19.85,0,0,1,1,1,O_NEG,aucun,FAIBLE
23,46.3,157,18.77,0,0,1,1,1,O_NEG,aucun,FAIBLE
28,56.6,171,19.35,0,0,0,2,1,AB_POS,aucun,FAIBLE
22,56.6,176,18.26,0,0,0,1,0,O_POS,aucun,FAIBLE
25,63.8,161,24.63,0,0,0,1,1,AB_POS,aucun,FAIBLE
26,40.1,151,17.58,1,0,0,1,0,O_POS,diabete,FAIBLE
22,47.8,161,18.43,0,0,1,1,0,O_NEG,aucun,FAIBLE
23,61.2,181,18.69,0,0,0,1,1,AB_POS,aucun,FAIBLE
24,63.2,169,22.11,0,0,0,1,1,AB_POS,aucun,FAIBLE
29,53.2,159,21.02,0,0,0,2,1,O_POS,aucun,FAIBLE
17,71.7,180,22.13,0,0,1,0,1,B_NEG,aucun,FAIBLE
15,44.9,153,19.17,1,0,1,0,1,A_NEG,diabete,FAIBLE
21,66.0,178,20.83,0,0,0,1,1,AB_POS,aucun,FAIBLE
25,46.4,156,19.05,0,1,0,1,1,O_POS,hypertension,FAIBLE
28,78.6,178,24.79,0,0,1,2,1,O_NEG,aucun,FAIBLE
19,44.9,159,17.75,0,0,1,0,0,B_NEG,aucun,FAIBLE
15,66.5,177,21.24,1,0,0,0,1,AB_POS,diabete,FAIBLE
20,74.1,177,23.64,0,1,0,1,1,AB_POS,hypertension,FAIBLE
16,54.6,162,20.8,0,0,0,0,1,AB_POS,aucun,FAIBLE
28,62.6,160,24.44,0,0,1,2,1,B_NEG,aucun,FAIBLE
21,66.3,173,22.14,1,0,0,1,1,AB_POS,diabete,FAIBLE
24,59.9,160,23.41,0,0,1,1,1,AB_NEG,aucun,FAIBLE
27,54.5,168,19.29,0,0,1,1,1,A_NEG,aucun,FAIBLE
18,72.1,180,22.26,0,0,1,0,1,O_NEG,aucun,FAIBLE
21,49.9,161,19.27,0,0,0,1,1,AB_POS,aucun,FAIBLE
27,54.4,170,18.84,0,0,0,1,1,B_POS,aucun,FAIBLE
23,57.8,172,19.53,0,0,1,1,1,AB_NEG,aucun,FAIBLE
23,67.4,180,20.79,0,0,0,1,1,O_POS,aucun,FAIBLE
26,56.3,169,19.72,0,0,1,1,1,A_NEG,aucun,FAIBLE
24,56.4,166,20.46,0,0,0,1,1,B_POS,aucun,FAIBLE
28,56.9,159,22.49,0,0,1,2,1,A_NEG,aucun,FAIBLE
20,61.0,172,20.6,0,0,0,1,1,A_POS,aucun,FAIBLE
18,47.2,156,19.4,0,0,0,0,1,A_POS,aucun,FAIBLE
21,57.0,179,17.78,0,0,0,1,0,O_POS,aucun,FAIBLE
17,54.3,160,21.21,0,0,1,0,1,O_NEG,aucun,FAIBLE
24,58.4,165,21.47,0,0,0,1,1,AB_POS,aucun,FAIBLE
18,57.2,165,21.02,0,0,1,0,1,B_NEG,aucun,FAIBLE
17,66.1,171,22.6,0,0,1,0,1,A_NEG,aucun,FAIBLE
21,56.4,177,18.01,0,0,0,1,0,O_POS,aucun,FAIBLE
18,77.7,180,23.97,0,0,1,0,1,A_NEG,aucun,FAIBLE
19,51.1,169,17.9,0,0,1,0,0,B_NEG,aucun,FAIBLE
19,57.1,164,21.22,0,0,0,0,1,AB_POS,aucun,FAIBLE
28,49.7,162,18.93,0,0,1,2,1,AB_NEG,aucun,FAIBLE
18,70.6,169,24.7,0,0,1,0,1,B_NEG,aucun,FAIBLE
26,57.7,170,19.96,0,0,1,1,1,A_NEG,aucun,FAIBLE
21,52.8,159,20.88,0,0,0,1,1,A_POS,aucun,FAIBLE
19,64.0,175,20.91,0,0,1,0,1,AB_NEG,aucun,FAIBLE
17,52.6,170,18.22,0,1,1,0,0,B_NEG,hypertension,FAIBLE
28,67.0,170,23.17,0,0,0,2,1,A_POS,aucun,FAIBLE
19,56.6,175,18.49,0,0,0,0,0,O_POS,aucun,FAIBLE
22,50.2,155,20.88,0,0,0,1,1,B_POS,aucun,FAIBLE
15,60.7,162,23.14,0,0,0,0,1,A_POS,aucun,FAIBLE
25,68.3,166,24.8,0,0,1,1,1,B_NEG,aucun,FAIBLE
20,73.0,174,24.12,0,0,1,1,1,A_NEG,aucun,FAIBLE
26,58.1,180,17.92,0,0,1,1,0,AB_NEG,aucun,FAIBLE
18,47.0,155,19.56,0,0,1,0,1,B_NEG,aucun,FAIBLE
19,55.5,167,19.9,0,0,0,0,1,A_POS,aucun,FAIBLE
15,49.2,150,21.85,0,0,1,0,1,A_NEG,aucun,FAIBLE
23,46.0,157,18.64,0,0,0,1,1,O_POS,aucun,FAIBLE
27,53.4,172,18.05,0,0,1,1,0,B_NEG,aucun,FAIBLE
19,73.8,173,24.65,0,0,0,0,1,O_POS,aucun,FAIBLE
19,52.7,162,20.07,0,0,0,0,1,A_POS,aucun,FAIBLE
16,69.2,168,24.52,0,0,0,0,1,O_POS,aucun,FAIBLE
24,61.9,159,24.47,0,0,0,1,1,A_POS,aucun,FAIBLE
29,47.5,151,20.83,0,0,1,2,1,B_NEG,aucun,FAIBLE
19,58.2,156,23.92,0,0,1,0,1,AB_NEG,aucun,FAIBLE
15,49.9,156,20.5,0,0,0,0,1,AB_POS,aucun,FAIBLE
23,42.5,154,17.93,0,0,1,1,0,B_NEG,aucun,FAIBLE
23,50.4,153,21.52,0,0,1,1,1,AB_NEG,aucun,FAIBLE
24,67.9,174,22.44,0,0,1,1,1,A_NEG,aucun,FAIBLE
22,48.0,160,18.76,0,0,0,1,1,A_POS,aucun,FAIBLE
26,58.1,158,23.29,0,0,1,1,1,O_NEG,aucun,FAIBLE
17,68.4,171,23.4,0,0,0,0,1,AB_POS,aucun,FAIBLE
15,55.4,170,19.16,0,0,0,0,1,A_POS,aucun,FAIBLE
25,58.5,176,18.87,0,0,0,1,1,O_POS,aucun,FAIBLE
16,67.1,165,24.66,0,0,0,0,1,B_POS,aucun,FAIBLE
25,58.3,156,23.96,0,0,1,1,1,A_NEG,aucun,FAIBLE
20,73.9,180,22.81,0,0,0,1,1,O_POS,aucun,FAIBLE
26,46.7,155,19.44,0,0,0,1,1,A_POS,aucun,FAIBLE
28,60.8,157,24.65,0,0,0,2,1,B_POS,aucun,FAIBLE
28,70.8,177,22.61,0,1,0,2,1,O_POS,hypertension,FAIBLE
23,62.3,177,19.88,0,0,0,1,1,B_POS,aucun,FAIBLE
29,54.4,172,18.38,0,0,0,2,0,AB_POS,aucun,FAIBLE
18,54.8,164,20.36,0,0,0,0,1,A_POS,aucun,FAIBLE
29,63.6,161,24.52,0,0,1,2,1,B_NEG,aucun,FAIBLE
20,77.4,177,24.71,0,0,1,1,1,A_NEG,aucun,FAIBLE
29,71.3,179,22.24,0,0,0,2,1,A_POS,aucun,FAIBLE
28,56.9,158,22.8,0,0,1,2,1,B_NEG,aucun,FAIBLE
21,51.9,172,17.56,0,0,1,1,0,A_NEG,aucun,FAIBLE
24,53.8,168,19.06,0,0,1,1,1,B_NEG,aucun,FAIBLE
20,57.4,167,20.59,0,0,1,1,1,O_NEG,aucun,FAIBLE
20,71.8,171,24.55,0,0,0,1,1,B_POS,aucun,FAIBLE
27,52.1,165,19.13,0,0,0,1,1,AB_POS,aucun,FAIBLE
18,49.7,159,19.64,0,0,0,0,1,A_POS,aucun,FAIBLE
17,54.2,154,22.85,0,0,0,0,1,A_POS,aucun,FAIBLE
17,58.9,170,20.39,0,0,1,0,1,B_NEG,aucun,FAIBLE
17,48.0,152,20.79,0,0,0,0,1,AB_POS,aucun,FAIBLE
20,45.0,152,19.47,0,0,1,1,1,B_NEG,aucun,FAIBLE
27,53.9,153,23.02,0,0,0,1,1,AB_POS,aucun,FAIBLE
15,46.4,153,19.81,0,0,0,0,1,B_POS,aucun,FAIBLE
16,70.4,174,23.26,0,0,1,0,1,A_NEG,aucun,FAIBLE
25,71.8,176,23.17,0,0,0,1,1,O_POS,aucun,FAIBLE
17,54.4,152,23.54,0,0,1,0,1,B_NEG,aucun,FAIBLE
18,60.4,156,24.81,0,0,0,0,1,A_POS,aucun,FAIBLE
27,55.6,161,21.43,0,0,1,1,1,A_NEG,aucun,FAIBLE
22,63.5,171,21.71,0,0,0,1,1,AB_POS,aucun,FAIBLE
22,50.6,154,21.34,0,0,1,1,1,AB_NEG,aucun,FAIBLE
22,56.1,159,22.17,0,0,1,1,1,A_NEG,aucun,FAIBLE
29,53.3,160,20.82,0,0,0,2,1,AB_POS,aucun,FAIBLE
23,68.8,180,21.23,0,0,0,1,1,A_POS,aucun,FAIBLE
23,47.9,161,18.49,0,0,0,1,0,A_POS,aucun,FAIBLE
20,62.6,178,19.75,0,0,1,1,1,AB_NEG,aucun,FAIBLE
16,75.9,181,23.18,0,0,0,0,1,A_POS,aucun,FAIBLE
15,67.2,178,21.2,0,0,0,0,1,A_POS,aucun,FAIBLE
20,59.7,167,21.41,0,0,0,1,1,O_POS,aucun,FAIBLE
20,69.1,170,23.91,0,0,0,1,1,B_POS,aucun,FAIBLE
24,49.7,164,18.49,1,1,1,1,0,O_NEG,diabete_hypertension,FAIBLE
21,41.1,150,18.26,0,0,1,1,0,AB_NEG,aucun,FAIBLE
26,48.8,151,21.41,0,0,0,1,1,A_POS,aucun,FAIBLE
19,61.3,172,20.72,0,0,0,0,1,O_POS,aucun,FAIBLE
22,57.2,178,18.06,0,0,1,1,0,A_NEG,aucun,FAIBLE
24,68.1,181,20.79,0,0,0,1,1,O_POS,aucun,FAIBLE
20,58.1,154,24.48,0,1,1,1,1,A_NEG,hypertension,FAIBLE
24,49.9,165,18.33,1,0,0,1,0,A_POS,diabete,FAIBLE
20,59.4,178,18.76,1,1,0,1,1,O_POS,diabete_hypertension,FAIBLE
17,58.6,173,19.57,0,0,1,0,1,B_NEG,aucun,FAIBLE
20,55.3,175,18.05,0,0,0,1,0,A_POS,aucun,FAIBLE
29,59.4,155,24.72,0,0,0,2,1,B_POS,aucun,FAIBLE
29,67.0,167,24.01,0,0,0,2,1,O_POS,aucun,FAIBLE
29,77.6,177,24.77,0,0,0,2,1,A_POS,aucun,FAIBLE
18,44.1,152,19.07,0,0,1,0,1,A_NEG,aucun,FAIBLE
26,66.2,178,20.9,0,0,0,1,1,AB_POS,aucun,FAIBLE
16,73.0,177,23.3,0,0,0,0,1,O_POS,aucun,FAIBLE
26,50.1,153,21.39,0,0,0,1,1,A_POS,aucun,FAIBLE
15,48.6,152,21.04,0,0,1,0,1,AB_NEG,aucun,FAIBLE
19,59.5,162,22.68,0,0,0,0,1,O_POS,aucun,FAIBLE
22,43.7,154,18.43,0,0,0,1,0,B_POS,aucun,FAIBLE
19,55.3,152,23.94,0,1,0,0,1,O_POS,hypertension,FAIBLE
21,46.3,160,18.07,0,0,1,1,0,AB_NEG,aucun,FAIBLE
24,66.6,175,21.74,0,0,1,1,1,AB_NEG,aucun,FAIBLE
25,47.6,157,19.3,0,0,0,1,1,AB_POS,aucun,FAIBLE
20,56.0,170,19.38,0,0,1,1,1,AB_NEG,aucun,FAIBLE
22,60.8,169,21.3,0,0,1,1,1,AB_NEG,aucun,FAIBLE
23,68.3,178,21.54,0,0,0,1,1,O_POS,aucun,FAIBLE
24,72.5,178,22.88,0,0,1,1,1,B_NEG,aucun,FAIBLE
20,42.5,154,17.92,0,0,0,1,0,O_POS,aucun,FAIBLE
27,58.2,165,21.39,0,0,1,1,1,O_NEG,aucun,FAIBLE
28,57.6,170,19.92,0,0,0,2,1,A_POS,aucun,FAIBLE
25,73.8,173,24.65,0,0,0,1,1,AB_POS,aucun,FAIBLE
25,68.3,177,21.8,0,0,0,1,1,O_POS,aucun,FAIBLE
24,55.0,156,22.6,0,0,0,1,1,A_POS,aucun,FAIBLE
28,51.3,151,22.5,0,0,0,2,1,AB_POS,aucun,FAIBLE
21,53.8,159,21.29,0,0,0,1,1,A_POS,aucun,FAIBLE
17,52.3,155,21.78,0,0,1,0,1,AB_NEG,aucun,FAIBLE
24,68.6,175,22.39,0,0,1,1,1,A_NEG,aucun,FAIBLE
19,68.0,169,23.8,0,0,1,0,1,O_NEG,aucun,FAIBLE
15,57.0,166,20.7,0,0,0,0,1,AB_POS,aucun,FAIBLE
28,46.8,158,18.73,0,0,1,2,1,AB_NEG,aucun,FAIBLE
22,64.6,171,22.1,1,0,0,1,1,AB_POS,diabete,FAIBLE
15,55.6,173,18.57,0,1,0,0,1,B_POS,hypertension,FAIBLE
18,51.8,165,19.04,0,0,0,0,1,B_POS,aucun,FAIBLE
20,50.2,164,18.66,0,0,0,1,1,A_POS,aucun,FAIBLE
15,56.9,164,21.15,0,0,1,0,1,B_NEG,aucun,FAIBLE
17,65.0,162,24.78,0,1,1,0,1,A_NEG,hypertension,FAIBLE
23,45.3,159,17.91,0,0,0,1,0,O_POS,aucun,FAIBLE
17,50.5,161,19.47,0,0,1,0,1,A_NEG,aucun,FAIBLE
29,55.2,151,24.21,0,0,0,2,1,O_POS,aucun,FAIBLE
18,62.9,167,22.56,0,0,1,0,1,O_NEG,aucun,FAIBLE
15,59.2,177,18.89,0,0,1,0,1,O_NEG,aucun,FAIBLE
18,65.9,174,21.75,0,0,1,0,1,O_NEG,aucun,FAIBLE
15,44.0,154,18.55,0,0,1,0,1,AB_NEG,aucun,FAIBLE
27,67.7,169,23.72,0,0,1,1,1,B_NEG,aucun,FAIBLE
18,67.3,169,23.58,0,0,1,0,1,A_NEG,aucun,FAIBLE
16,56.1,171,19.2,0,0,1,0,1,B_NEG,aucun,FAIBLE
21,52.4,164,19.47,0,0,1,1,1,AB_NEG,aucun,FAIBLE
15,57.9,165,21.28,0,0,0,0,1,B_POS,aucun,FAIBLE
28,51.6,166,18.71,0,0,1,2,1,B_NEG,aucun,FAIBLE
28,69.9,176,22.57,0,0,1,2,1,A_NEG,aucun,FAIBLE
29,66.1,168,23.41,0,0,0,2,1,B_POS,aucun,FAIBLE
25,55.8,154,23.55,0,0,1,1,1,B_NEG,aucun,FAIBLE
21,55.1,163,20.74,0,0,0,1,1,B_POS,aucun,FAIBLE
24,52.6,159,20.82,0,0,0,1,1,B_POS,aucun,FAIBLE
27,58.0,159,22.96,0,0,0,1,1,A_POS,aucun,FAIBLE
16,48.7,158,19.51,0,0,0,0,1,AB_POS,aucun,FAIBLE
28,58.7,174,19.4,0,0,1,2,1,O_NEG,aucun,FAIBLE
29,62.5,178,19.72,0,0,1,2,1,A_NEG,aucun,FAIBLE
26,46.8,156,19.24,0,1,1,1,1,AB_NEG,hypertension,FAIBLE
16,60.2,179,18.79,0,0,1,0,1,AB_NEG,aucun,FAIBLE
16,59.7,175,19.5,0,0,1,0,1,A_NEG,aucun,FAIBLE
23,43.4,155,18.07,0,0,0,1,0,O_POS,aucun,FAIBLE
26,69.3,169,24.28,0,0,1,1,1,B_NEG,aucun,FAIBLE
19,72.6,171,24.81,0,1,0,0,1,AB_POS,hypertension,FAIBLE
15,68.4,179,21.36,0,0,1,0,1,A_NEG,aucun,FAIBLE
17,62.2,175,20.3,0,0,1,0,1,AB_NEG,aucun,FAIBLE
16,66.0,179,20.6,0,0,1,0,1,B_NEG,aucun,FAIBLE
27,60.3,156,24.8,0,0,0,1,1,O_POS,aucun,FAIBLE
16,58.8,178,18.56,0,0,1,0,1,B_NEG,aucun,FAIBLE
26,65.6,164,24.37,0,0,1,1,1,A_NEG,aucun,FAIBLE
19,55.0,175,17.97,0,0,1,0,0,A_NEG,aucun,FAIBLE
25,65.4,180,20.17,0,0,0,1,1,AB_POS,aucun,FAIBLE
29,52.4,155,21.81,1,1,0,2,1,B_POS,diabete_hypertension,FAIBLE
24,71.3,174,23.54,0,0,0,1,1,AB_POS,aucun,FAIBLE
26,73.8,175,24.09,0,0,1,1,1,B_NEG,aucun,FAIBLE
16,56.7,160,22.16,0,0,1,0,1,A_NEG,aucun,FAIBLE
18,43.7,157,17.71,0,0,1,0,0,B_NEG,aucun,FAIBLE
25,61.1,179,19.07,0,0,0,1,1,O_POS,aucun,FAIBLE
28,59.2,157,24.03,0,1,0,2,1,O_POS,hypertension,FAIBLE
18,58.9,157,23.89,0,0,0,0,1,AB_POS,aucun,FAIBLE
22,49.6,168,17.56,0,0,1,1,0,O_NEG,aucun,FAIBLE
25,68.5,179,21.39,0,0,1,1,1,A_NEG,aucun,FAIBLE
21,71.5,177,22.81,0,0,0,1,1,B_POS,aucun,FAIBLE
15,66.6,164,24.77,0,0,0,0,1,O_POS,aucun,FAIBLE
26,47.5,157,19.25,0,0,1,1,1,B_NEG,aucun,FAIBLE
15,67.1,175,21.92,0,0,0,0,1,O_POS,aucun,FAIBLE
15,53.3,160,20.82,0,0,0,0,1,B_POS,aucun,FAIBLE
19,77.7,179,24.25,1,1,0,0,1,AB_POS,diabete_hypertension,FAIBLE
24,57.4,165,21.1,0,0,1,1,1,AB_NEG,aucun,FAIBLE
20,64.3,163,24.19,0,0,1,1,1,A_NEG,aucun,FAIBLE
25,52.8,158,21.14,0,0,1,1,1,A_NEG,aucun,FAIBLE
28,61.3,178,19.35,0,0,1,2,1,AB_NEG,aucun,FAIBLE
20,65.7,175,21.44,0,0,0,1,1,B_POS,aucun,FAIBLE
17,61.8,172,20.88,0,0,1,0,1,O_NEG,aucun,FAIBLE
27,60.1,170,20.81,0,0,0,1,1,AB_POS,aucun,FAIBLE
23,56.4,164,20.97,1,0,0,1,1,A_POS,diabete,FAIBLE
17,63.1,175,20.6,0,0,1,0,1,AB_NEG,aucun,FAIBLE
24,71.3,173,23.83,0,0,0,1,1,O_POS,aucun,FAIBLE
15,51.7,168,18.31,0,0,0,0,0,O_POS,aucun,FAIBLE
26,58.4,154,24.64,0,0,0,1,1,A_POS,aucun,FAIBLE
19,50.6,150,22.48,0,0,0,0,1,O_POS,aucun,FAIBLE
26,55.8,162,21.27,0,0,0,1,1,AB_POS,aucun,FAIBLE
22,49.5,152,21.45,0,0,0,1,1,B_POS,aucun,FAIBLE
28,61.1,178,19.27,0,0,1,2,1,AB_NEG,aucun,FAIBLE
29,61.5,159,24.35,0,0,1,2,1,O_NEG,aucun,FAIBLE
17,44.4,151,19.49,0,0,1,0,1,A_NEG,aucun,FAIBLE
17,45.8,157,18.58,0,0,0,0,1,B_POS,aucun,FAIBLE
23,48.5,165,17.83,0,0,0,1,0,B_POS,aucun,FAIBLE
16,55.2,158,22.12,0,0,0,0,1,AB_POS,aucun,FAIBLE
19,75.9,176,24.51,0,0,1,0,1,AB_NEG,aucun,FAIBLE
26,42.4,153,18.1,1,0,0,1,0,A_POS,diabete,FAIBLE
22,74.8,175,24.43,0,0,1,1,1,B_NEG,aucun,FAIBLE
16,64.4,173,21.51,0,0,0,0,1,O_POS,aucun,FAIBLE
23,70.9,170,24.55,0,0,0,1,1,B_POS,aucun,FAIBLE
16,73.7,173,24.64,0,0,0,0,1,O_POS,aucun,FAIBLE
19,69.4,168,24.61,0,0,0,0,1,O_POS,aucun,FAIBLE
23,51.7,151,22.69,1,0,0,1,1,B_POS,diabete,FAIBLE
21,55.9,154,23.59,0,1,0,1,1,AB_POS,hypertension,FAIBLE
19,72.2,178,22.78,0,0,0,0,1,AB_POS,aucun,FAIBLE
16,64.3,174,21.22,0,0,1,0,1,O_NEG,aucun,FAIBLE
23,71.3,174,23.56,0,0,0,1,1,A_POS,aucun,FAIBLE
27,62.2,168,22.04,0,0,0,1,1,A_POS,aucun,FAIBLE
17,60.0,161,23.14,0,0,1,0,1,A_NEG,aucun,FAIBLE
27,71.0,174,23.45,0,0,0,1,1,B_POS,aucun,FAIBLE
18,61.7,180,19.03,0,0,1,0,1,O_NEG,aucun,FAIBLE
22,64.5,173,21.55,0,0,1,1,1,B_NEG,aucun,FAIBLE
18,51.1,161,19.7,0,0,1,0,1,A_NEG,aucun,FAIBLE
28,59.5,181,18.17,0,0,1,2,0,O_NEG,aucun,FAIBLE
26,45.6,158,18.25,0,0,0,1,0,O_POS,aucun,FAIBLE
27,63.1,177,20.13,0,0,1,1,1,A_NEG,aucun,FAIBLE
15,63.3,180,19.53,0,0,1,0,1,O_NEG,aucun,FAIBLE
22,51.4,167,18.44,0,0,0,1,0,O_POS,aucun,FAIBLE
19,61.5,177,19.64,0,0,0,0,1,B_POS,aucun,FAIBLE
16,73.2,178,23.12,0,0,1,0,1,AB_NEG,aucun,FAIBLE
15,57.3,174,18.92,0,0,0,0,1,O_POS,aucun,FAIBLE
15,65.7,175,21.46,0,0,1,0,1,B_NEG,aucun,FAIBLE
19,48.7,156,20.02,0,0,1,0,1,A_NEG,aucun,FAIBLE
28,53.2,150,23.66,0,0,1,2,1,A_NEG,aucun,FAIBLE
27,63.6,171,21.74,1,0,0,1,1,B_POS,diabete,FAIBLE
22,50.8,154,21.41,0,0,0,1,1,A_POS,aucun,FAIBLE
24,73.4,173,24.52,0,0,0,1,1,B_POS,aucun,FAIBLE
27,65.9,178,20.81,0,0,0,1,1,A_POS,aucun,FAIBLE
17,60.2,175,19.65,0,0,1,0,1,AB_NEG,aucun,FAIBLE
15,71.2,170,24.64,0,0,1,0,1,B_NEG,aucun,FAIBLE
23,50.2,155,20.89,0,0,1,1,1,B_NEG,aucun,FAIBLE
23,70.2,177,22.41,0,0,1,1,1,AB_NEG,aucun,FAIBLE
20,48.7,156,20.01,1,0,0,1,1,A_POS,diabete,FAIBLE
27,49.7,151,21.82,0,0,0,1,1,AB_POS,aucun,FAIBLE
28,73.4,175,23.97,0,0,1,2,1,AB_NEG,aucun,FAIBLE
29,56.6,173,18.9,0,0,0,2,1,AB_POS,aucun,FAIBLE
15,56.2,163,21.15,0,0,1,0,1,O_NEG,aucun,FAIBLE
22,57.3,162,21.82,0,0,0,1,1,B_POS,aucun,FAIBLE
18,51.4,167,18.44,0,0,0,0,0,AB_POS,aucun,FAIBLE
26,57.3,152,24.82,0,0,1,1,1,B_NEG,aucun,FAIBLE
20,53.6,168,19.0,0,0,1,1,1,B_NEG,aucun,FAIBLE
29,60.0,160,23.44,0,0,1,2,1,O_NEG,aucun,FAIBLE
28,54.3,172,18.35,0,0,0,2,0,O_POS,aucun,FAIBLE
19,54.8,154,23.1,0,0,1,0,1,A_NEG,aucun,FAIBLE
26,50.4,151,22.09,0,0,1,1,1,B_NEG,aucun,FAIBLE
16,53.4,155,22.22,0,0,1,0,1,A_NEG,aucun,FAIBLE
26,74.1,173,24.76,0,0,1,1,1,O_NEG,aucun,FAIBLE
19,52.3,167,18.74,0,0,1,0,1,A_NEG,aucun,FAIBLE
24,57.4,152,24.85,0,0,0,1,1,B_POS,aucun,FAIBLE
26,41.3,152,17.87,0,0,1,1,0,AB_NEG,aucun,FAIBLE
25,46.2,156,19.0,0,0,1,1,1,A_NEG,aucun,FAIBLE
17,64.5,165,23.69,1,0,1,0,1,B_NEG,diabete,FAIBLE
16,59.9,172,20.26,0,0,1,0,1,B_NEG,aucun,FAIBLE
22,47.5,158,19.01,0,0,0,1,1,B_POS,aucun,FAIBLE
24,49.9,167,17.89,0,0,0,1,0,B_POS,aucun,FAIBLE
15,47.8,160,18.68,0,0,1,0,1,AB_NEG,aucun,FAIBLE
17,48.6,161,18.76,0,0,0,0,1,AB_POS,aucun,FAIBLE
29,62.9,172,21.26,0,0,1,2,1,O_NEG,aucun,FAIBLE
26,46.9,163,17.66,0,0,0,1,0,A_POS,aucun,FAIBLE
20,51.3,168,18.16,0,0,0,1,0,B_POS,aucun,FAIBLE
19,66.6,173,22.26,1,1,1,0,1,A_NEG,diabete_hypertension,FAIBLE
29,56.9,160,22.23,0,0,1,2,1,O_NEG,aucun,FAIBLE
26,49.4,161,19.05,0,0,1,1,1,B_NEG,aucun,FAIBLE
21,71.3,172,24.12,0,0,0,1,1,B_POS,aucun,FAIBLE
17,70.0,169,24.51,0,0,1,0,1,B_NEG,aucun,FAIBLE
28,65.1,167,23.34,0,0,1,2,1,O_NEG,aucun,FAIBLE
27,59.2,170,20.47,1,0,0,1,1,B_POS,diabete,FAIBLE
15,53.7,166,19.48,0,0,1,0,1,O_NEG,aucun,FAIBLE
29,57.0,175,18.62,0,0,1,2,1,A_NEG,aucun,FAIBLE
22,73.6,177,23.49,0,0,0,1,1,O_POS,aucun,FAIBLE
28,53.2,170,18.4,0,0,1,2,0,B_NEG,aucun,FAIBLE
26,57.8,165,21.22,1,0,1,1,1,AB_NEG,diabete,FAIBLE
17,48.7,161,18.79,0,1,1,0,1,A_NEG,hypertension,FAIBLE
17,54.8,165,20.12,0,0,1,0,1,O_NEG,aucun,FAIBLE
21,71.9,172,24.31,0,0,1,1,1,AB_NEG,aucun,FAIBLE
17,64.9,175,21.2,0,0,0,0,1,B_POS,aucun,FAIBLE
27,44.4,159,17.58,0,0,1,1,0,AB_NEG,aucun,FAIBLE
17,45.7,156,18.79,0,0,1,0,1,O_NEG,aucun,FAIBLE
24,66.0,180,20.38,0,0,0,1,1,B_POS,aucun,FAIBLE
19,73.4,176,23.69,0,0,0,0,1,A_POS,aucun,FAIBLE
17,68.4,179,21.35,0,1,0,0,1,AB_POS,hypertension,FAIBLE
25,57.7,165,21.21,0,0,1,1,1,AB_NEG,aucun,FAIBLE
25,59.5,157,24.16,0,0,0,1,1,B_POS,aucun,FAIBLE
23,48.4,164,17.99,0,0,0,1,0,A_POS,aucun,FAIBLE
26,68.7,172,23.24,0,0,1,1,1,AB_NEG,aucun,FAIBLE
29,45.5,155,18.94,0,0,1,2,1,O_NEG,aucun,FAIBLE
25,51.3,150,22.78,0,0,0,1,1,A_POS,aucun,FAIBLE
19,57.0,166,20.7,0,0,0,0,1,A_POS,aucun,FAIBLE
23,68.9,173,23.01,0,1,1,1,1,A_NEG,hypertension,FAIBLE
19,70.0,171,23.92,0,0,0,0,1,A_POS,aucun,FAIBLE
28,67.1,172,22.7,0,0,1,2,1,A_NEG,aucun,FAIBLE
25,56.6,165,20.78,0,0,0,1,1,B_POS,aucun,FAIBLE
28,52.1,155,21.69,0,0,0,2,1,AB_POS,aucun,FAIBLE
22,48.8,151,21.39,0,0,1,1,1,B_NEG,aucun,FAIBLE
15,56.7,164,21.08,0,0,1,0,1,AB_NEG,aucun,FAIBLE
23,54.9,150,24.41,0,0,0,1,1,AB_POS,aucun,FAIBLE
24,52.4,170,18.12,0,0,1,1,0,AB_NEG,aucun,FAIBLE
23,56.5,162,21.54,0,0,0,1,1,A_POS,aucun,FAIBLE
22,56.8,159,22.45,0,0,0,1,1,A_POS,aucun,FAIBLE
26,45.2,159,17.89,0,1,0,1,0,A_POS,hypertension,FAIBLE
28,57.0,171,19.48,0,0,0,2,1,AB_POS,aucun,FAIBLE
21,56.1,173,18.74,0,0,1,1,1,O_NEG,aucun,FAIBLE
27,71.8,179,22.42,0,0,0,1,1,B_POS,aucun,FAIBLE
29,56.7,155,23.6,0,0,1,2,1,B_NEG,aucun,FAIBLE
21,60.1,171,20.56,0,0,1,1,1,O_NEG,aucun,FAIBLE
27,57.5,181,17.55,0,0,1,1,0,B_NEG,aucun,FAIBLE
25,68.8,172,23.24,0,1,1,1,1,AB_NEG,hypertension,FAIBLE
22,52.2,158,20.89,0,0,0,1,1,AB_POS,aucun,FAIBLE
21,55.7,153,23.78,0,0,1,1,1,B_NEG,aucun,FAIBLE
27,67.6,180,20.87,0,0,1,1,1,B_NEG,aucun,FAIBLE
29,68.8,180,21.23,0,0,0,2,1,A_POS,aucun,FAIBLE
26,47.4,154,20.0,0,0,1,1,1,O_NEG,aucun,FAIBLE
28,66.3,176,21.39,0,0,0,2,1,O_POS,aucun,FAIBLE
29,58.5,154,24.66,0,0,0,2,1,B_POS,aucun,FAIBLE
27,70.8,177,22.61,0,0,0,1,1,B_POS,aucun,FAIBLE
21,53.9,156,22.15,1,1,0,1,1,B_POS,diabete_hypertension,FAIBLE
21,56.1,154,23.67,0,0,1,1,1,AB_NEG,aucun,FAIBLE
15,65.8,169,23.05,0,0,1,0,1,AB_NEG,aucun,FAIBLE
26,59.0,165,21.65,0,0,0,1,1,B_POS,aucun,FAIBLE
21,74.7,177,23.84,0,0,0,1,1,A_POS,aucun,FAIBLE
28,69.1,178,21.81,0,0,1,2,1,O_NEG,aucun,FAIBLE
17,59.7,173,19.94,0,0,1,0,1,AB_NEG,aucun,FAIBLE
27,57.5,158,23.04,0,0,0,1,1,O_POS,aucun,FAIBLE
26,60.4,172,20.43,0,0,0,1,1,A_POS,aucun,FAIBLE
26,79.5,181,24.27,0,0,1,1,1,A_NEG,aucun,FAIBLE
20,73.7,175,24.07,0,0,1,1,1,B_NEG,aucun,FAIBLE
20,62.0,173,20.73,0,0,1,1,1,AB_NEG,aucun,FAIBLE
22,59.0,174,19.49,0,0,1,1,1,A_NEG,aucun,FAIBLE
29,49.6,160,19.37,0,0,0,2,1,A_POS,aucun,FAIBLE
26,52.0,155,21.66,0,0,0,1,1,AB_POS,aucun,FAIBLE
24,74.2,176,23.97,0,0,1,1,1,AB_NEG,aucun,FAIBLE
22,69.3,176,22.36,0,0,1,1,1,AB_NEG,aucun,FAIBLE
16,56.2,151,24.67,0,0,1,0,1,O_NEG,aucun,FAIBLE
25,64.2,171,21.97,1,1,1,1,1,A_NEG,diabete_hypertension,FAIBLE
15,58.1,171,19.87,0,0,1,0,1,AB_NEG,aucun,FAIBLE
20,69.1,174,22.84,0,0,0,1,1,B_POS,aucun,FAIBLE
16,53.6,166,19.46,0,0,1,0,1,B_NEG,aucun,FAIBLE
25,53.3,159,21.1,0,0,1,1,1,O_NEG,aucun,FAIBLE
26,55.8,176,18.02,1,0,0,1,0,B_POS,diabete,FAIBLE
29,56.6,172,19.13,0,0,0,2,1,B_POS,aucun,FAIBLE
25,56.9,158,22.78,0,0,1,1,1,A_NEG,aucun,FAIBLE
15,53.0,157,21.5,0,0,1,0,1,B_NEG,aucun,FAIBLE
17,48.7,152,21.07,0,0,0,0,1,B_POS,aucun,FAIBLE
29,44.0,155,18.33,0,1,1,2,0,O_NEG,hypertension,FAIBLE
25,45.5,156,18.71,0,0,0,1,1,A_POS,aucun,FAIBLE
24,50.0,156,20.54,0,0,0,1,1,A_POS,aucun,FAIBLE
19,57.1,154,24.1,0,0,0,0,1,O_POS,aucun,FAIBLE
29,58.8,159,23.28,0,0,1,2,1,AB_NEG,aucun,FAIBLE
21,72.7,175,23.72,0,0,0,1,1,A_POS,aucun,FAIBLE
29,54.3,153,23.21,0,0,0,2,1,A_POS,aucun,FAIBLE
17,61.5,159,24.33,0,0,1,0,1,O_NEG,aucun,FAIBLE
26,53.4,151,23.41,0,0,0,1,1,O_POS,aucun,FAIBLE
28,60.4,162,23.03,0,1,0,2,1,O_POS,hypertension,FAIBLE
25,43.7,151,19.17,0,0,0,1,1,B_POS,aucun,FAIBLE
27,61.3,165,22.5,1,1,0,1,1,AB_POS,diabete_hypertension,FAIBLE
26,74.2,177,23.68,0,0,1,1,1,AB_NEG,aucun,FAIBLE
19,43.8,151,19.22,1,0,0,0,1,B_POS,diabete,FAIBLE
27,55.3,175,18.06,0,0,0,1,0,O_POS,aucun,FAIBLE
25,56.9,178,17.95,0,0,1,1,0,A_NEG,aucun,FAIBLE
24,56.4,155,23.46,0,0,0,1,1,AB_POS,aucun,FAIBLE
28,60.2,156,24.75,0,0,0,2,1,A_POS,aucun,FAIBLE
17,44.6,155,18.57,0,0,1,0,1,B_NEG,aucun,FAIBLE
15,55.3,162,21.08,0,0,0,0,1,A_POS,aucun,FAIBLE
16,56.9,158,22.78,0,0,0,0,1,B_POS,aucun,FAIBLE
28,62.1,178,19.6,0,0,1,2,1,A_NEG,aucun,FAIBLE
20,59.8,178,18.86,0,0,0,1,1,O_POS,aucun,FAIBLE
18,55.1,153,23.56,0,0,0,0,1,AB_POS,aucun,FAIBLE
19,61.0,172,20.61,0,0,0,0,1,O_POS,aucun,FAIBLE
15,49.8,163,18.75,0,0,0,0,1,A_POS,aucun,FAIBLE
28,48.9,165,17.94,0,0,0,2,0,AB_POS,aucun,FAIBLE
22,55.5,152,24.02,1,0,0,1,1,A_POS,diabete,FAIBLE
20,66.5,177,21.21,0,0,1,1,1,AB_NEG,aucun,FAIBLE
25,46.9,162,17.86,0,0,1,1,0,A_NEG,aucun,FAIBLE
23,61.6,181,18.81,0,0,0,1,1,B_POS,aucun,FAIBLE
29,63.5,166,23.04,1,0,1,2,1,O_NEG,diabete,FAIBLE
26,72.7,177,23.19,0,0,0,1,1,B_POS,aucun,FAIBLE
15,63.3,170,21.91,0,0,1,0,1,B_NEG,aucun,FAIBLE
23,63.6,174,21.01,0,0,1,1,1,A_NEG,aucun,FAIBLE
20,57.2,153,24.43,0,0,0,1,1,B_POS,aucun,FAIBLE
25,67.3,175,21.98,0,0,0,1,1,AB_POS,aucun,FAIBLE
20,63.8,167,22.89,0,0,1,1,1,O_NEG,aucun,FAIBLE
29,58.1,175,18.99,0,0,1,2,1,O_NEG,aucun,FAIBLE
27,50.7,155,21.09,0,0,1,1,1,A_NEG,aucun,FAIBLE
28,45.9,153,19.62,0,0,1,2,1,AB_NEG,aucun,FAIBLE
24,63.2,167,22.68,0,0,0,1,1,B_POS,aucun,FAIBLE
29,54.9,150,24.38,0,0,0,2,1,A_POS,aucun,FAIBLE
22,60.4,158,24.21,0,0,0,1,1,O_POS,aucun,FAIBLE
24,70.5,177,22.51,0,0,0,1,1,O_POS,aucun,FAIBLE
29,58.0,155,24.12,0,0,0,2,1,O_POS,aucun,FAIBLE
27,65.3,169,22.86,0,0,1,1,1,AB_NEG,aucun,FAIBLE
16,50.6,167,18.16,0,0,1,0,0,A_NEG,aucun,FAIBLE
23,61.9,173,20.67,0,0,1,1,1,B_NEG,aucun,FAIBLE
24,48.4,156,19.87,0,0,1,1,1,A_NEG,aucun,FAIBLE
15,46.0,151,20.16,0,0,0,0,1,B_POS,aucun,FAIBLE
18,76.4,178,24.11,0,0,1,0,1,O_NEG,aucun,FAIBLE
26,59.7,171,20.42,0,0,0,1,1,A_POS,aucun,FAIBLE
15,70.3,173,23.48,0,0,0,0,1,AB_POS,aucun,FAIBLE
26,70.4,180,21.73,0,0,1,1,1,O_NEG,aucun,FAIBLE
22,63.2,171,21.61,0,0,1,1,1,O_NEG,aucun,FAIBLE
15,63.6,166,23.07,0,0,0,0,1,B_POS,aucun,FAIBLE
19,48.6,166,17.62,0,0,0,0,0,O_POS,aucun,FAIBLE
27,48.7,160,19.04,0,0,1,1,1,A_NEG,aucun,FAIBLE
28,58.3,161,22.51,0,0,1,2,1,AB_NEG,aucun,FAIBLE
24,74.8,181,22.82,0,0,0,1,1,A_POS,aucun,FAIBLE
24,49.8,159,19.68,0,0,1,1,1,AB_NEG,aucun,FAIBLE
21,54.8,169,19.18,0,0,1,1,1,AB_NEG,aucun,FAIBLE
15,54.9,150,24.38,0,0,0,0,1,AB_POS,aucun,FAIBLE
26,49.3,157,20.01,0,0,0,1,1,A_POS,aucun,FAIBLE
20,65.8,167,23.6,0,0,0,1,1,B_POS,aucun,FAIBLE
20,64.1,168,22.72,0,0,0,1,1,O_POS,aucun,FAIBLE
19,63.2,165,23.21,0,0,0,0,1,AB_POS,aucun,FAIBLE
20,42.1,154,17.76,0,0,1,1,0,O_NEG,aucun,FAIBLE
28,44.8,157,18.16,0,0,0,2,0,A_POS,aucun,FAIBLE
29,50.1,169,17.53,1,0,0,2,0,B_POS,diabete,FAIBLE
22,55.9,173,18.69,0,0,1,1,1,B_NEG,aucun,FAIBLE
27,67.1,167,24.08,1,0,1,1,1,O_NEG,diabete,FAIBLE
15,56.2,175,18.34,0,0,1,0,0,B_NEG,aucun,FAIBLE
21,72.7,178,22.96,0,0,1,1,1,A_NEG,aucun,FAIBLE
26,66.8,164,24.85,0,0,0,1,1,A_POS,aucun,FAIBLE
24,62.4,171,21.34,0,0,0,1,1,O_POS,aucun,FAIBLE
21,54.0,161,20.83,0,0,0,1,1,A_POS,aucun,FAIBLE
16,67.9,180,20.94,0,0,0,0,1,AB_POS,aucun,FAIBLE
17,58.6,177,18.71,0,1,0,0,1,O_POS,hypertension,FAIBLE
28,68.6,178,21.64,0,0,1,2,1,B_NEG,aucun,FAIBLE
29,49.1,157,19.93,0,0,1,2,1,O_NEG,aucun,FAIBLE
18,57.3,179,17.87,0,0,1,0,0,B_NEG,aucun,FAIBLE
22,55.1,155,22.95,0,0,0,1,1,AB_POS,aucun,FAIBLE
24,46.8,159,18.52,0,0,0,1,1,A_POS,aucun,FAIBLE
15,53.4,164,19.84,0,0,0,0,1,AB_POS,aucun,FAIBLE
21,61.1,158,24.46,0,0,1,1,1,AB_NEG,aucun,FAIBLE
16,57.5,156,23.61,0,0,1,0,1,AB_NEG,aucun,FAIBLE
27,50.8,150,22.59,0,0,0,1,1,O_POS,aucun,FAIBLE
29,58.6,172,19.82,0,0,0,2,1,B_POS,aucun,FAIBLE
16,57.2,162,21.79,0,0,1,0,1,B_NEG,aucun,FAIBLE
17,65.6,178,20.71,0,0,0,0,1,O_POS,aucun,FAIBLE
23,59.7,159,23.6,0,0,0,1,1,AB_POS,aucun,FAIBLE
19,43.0,155,17.89,0,0,0,0,0,A_POS,aucun,FAIBLE
23,42.1,151,18.47,0,0,1,1,0,B_NEG,aucun,FAIBLE
24,66.4,174,21.92,0,0,1,1,1,AB_NEG,aucun,FAIBLE
24,56.4,151,24.72,0,0,1,1,1,AB_NEG,aucun,FAIBLE
16,40.9,151,17.94,0,0,1,0,0,O_NEG,aucun,FAIBLE
26,46.1,150,20.5,0,0,1,1,1,O_NEG,aucun,FAIBLE
29,57.5,170,19.89,1,0,1,2,1,A_NEG,diabete,FAIBLE
16,57.0,168,20.21,0,0,0,0,1,B_POS,aucun,FAIBLE
25,62.4,169,21.83,0,0,1,1,1,A_NEG,aucun,FAIBLE
24,41.3,151,18.13,0,0,0,1,0,A_POS,aucun,FAIBLE
29,50.0,159,19.79,0,0,0,2,1,AB_POS,aucun,FAIBLE
28,44.9,153,19.18,0,0,1,2,1,O_NEG,aucun,FAIBLE
17,69.6,178,21.96,0,0,1,0,1,AB_NEG,aucun,FAIBLE
25,53.2,165,19.54,0,0,1,1,1,O_NEG,aucun,FAIBLE
21,58.7,175,19.17,0,1,0,1,1,A_POS,hypertension,FAIBLE
24,54.2,159,21.44,0,0,0,1,1,O_POS,aucun,FAIBLE
23,45.1,151,19.77,0,1,0,1,1,A_POS,hypertension,FAIBLE
17,45.2,158,18.11,0,0,0,0,0,AB_POS,aucun,FAIBLE
16,48.3,157,19.61,0,0,1,0,1,O_NEG,aucun,FAIBLE
20,56.0,157,22.71,0,0,0,1,1,AB_POS,aucun,FAIBLE
23,50.3,159,19.88,0,0,0,1,1,B_POS,aucun,FAIBLE
29,62.5,160,24.43,0,0,1,2,1,B_NEG,aucun,FAIBLE
17,51.0,151,22.38,1,0,0,0,1,A_POS,diabete,FAIBLE
16,58.1,169,20.34,0,0,1,0,1,A_NEG,aucun,FAIBLE
29,56.2,175,18.35,0,0,1,2,0,A_NEG,aucun,FAIBLE
28,58.1,174,19.2,0,0,0,2,1,B_POS,aucun,FAIBLE
22,75.0,180,23.15,0,0,1,1,1,B_NEG,aucun,FAIBLE
15,54.9,153,23.43,0,0,0,0,1,B_POS,aucun,FAIBLE
28,52.1,170,18.02,0,0,1,2,0,O_NEG,aucun,FAIBLE
17,56.8,170,19.66,0,0,0,0,1,B_POS,aucun,FAIBLE
18,66.4,176,21.43,0,0,1,0,1,AB_NEG,aucun,FAIBLE
26,48.6,165,17.86,0,0,0,1,0,AB_POS,aucun,FAIBLE
26,50.5,153,21.57,0,0,0,1,1,AB_POS,aucun,FAIBLE
26,56.6,158,22.67,0,0,1,1,1,O_NEG,aucun,FAIBLE
24,55.9,162,21.29,0,0,1,1,1,A_NEG,aucun,FAIBLE
17,57.9,166,21.02,0,0,1,0,1,A_NEG,aucun,FAIBLE
16,58.4,159,23.1,0,0,0,0,1,AB_POS,aucun,FAIBLE
15,59.7,163,22.48,0,0,1,0,1,B_NEG,aucun,FAIBLE
15,66.2,166,24.03,0,0,1,0,1,AB_NEG,aucun,FAIBLE
25,47.5,164,17.65,0,0,1,1,0,A_NEG,aucun,FAIBLE
25,44.8,157,18.19,0,0,0,1,0,AB_POS,aucun,FAIBLE
28,56.0,165,20.56,0,0,0,2,1,A_POS,aucun,FAIBLE
25,59.1,166,21.43,0,1,0,1,1,A_POS,hypertension,FAIBLE
26,64.4,164,23.94,0,0,1,1,1,B_NEG,aucun,FAIBLE
28,64.7,179,20.18,0,0,1,2,1,AB_NEG,aucun,FAIBLE
29,51.6,169,18.06,0,0,1,2,0,O_NEG,aucun,FAIBLE
22,65.2,174,21.54,0,0,0,1,1,B_POS,aucun,FAIBLE
28,60.9,174,20.12,0,0,1,2,1,O_NEG,aucun,FAIBLE
16,62.8,171,21.47,0,0,1,0,1,O_NEG,aucun,FAIBLE
23,47.9,151,21.0,0,0,0,1,1,AB_POS,aucun,FAIBLE
23,46.0,157,18.66,0,0,1,1,1,O_NEG,aucun,FAIBLE
27,54.0,164,20.08,0,0,0,1,1,B_POS,aucun,FAIBLE
28,51.0,153,21.79,0,0,0,2,1,A_POS,aucun,FAIBLE
24,65.0,166,23.57,0,0,0,1,1,A_POS,aucun,FAIBLE
25,60.5,160,23.65,0,0,0,1,1,O_POS,aucun,FAIBLE
22,63.6,178,20.06,0,0,0,1,1,O_POS,aucun,FAIBLE
26,61.0,179,19.04,0,0,0,1,1,B_POS,aucun,FAIBLE
23,53.5,156,21.99,0,0,0,1,1,O_POS,aucun,FAIBLE
19,52.5,165,19.29,0,0,1,0,1,B_NEG,aucun,FAIBLE
18,59.5,166,21.58,0,0,0,0,1,A_POS,aucun,FAIBLE
17,56.6,158,22.68,0,0,0,0,1,O_POS,aucun,FAIBLE
25,64.2,161,24.78,0,0,0,1,1,A_POS,aucun,FAIBLE
17,76.9,181,23.49,0,0,1,0,1,B_NEG,aucun,FAIBLE
23,54.6,162,20.8,1,0,1,1,1,B_NEG,diabete,FAIBLE
28,48.3,161,18.64,0,0,0,2,1,O_POS,aucun,FAIBLE
26,59.0,170,20.42,0,0,1,1,1,O_NEG,aucun,FAIBLE
16,57.9,179,18.08,0,0,0,0,0,B_POS,aucun,FAIBLE
15,50.5,163,19.02,0,0,0,0,1,A_POS,aucun,FAIBLE
19,46.8,154,19.74,0,0,0,0,1,B_POS,aucun,FAIBLE
20,58.9,179,18.39,0,0,0,1,0,A_POS,aucun,FAIBLE
28,46.1,150,20.49,1,0,0,2,1,A_POS,diabete,FAIBLE
24,60.5,164,22.51,0,0,1,1,1,AB_NEG,aucun,FAIBLE
29,59.2,172,20.0,0,0,1,2,1,O_NEG,aucun,FAIBLE
25,47.7,159,18.85,0,0,0,1,1,A_POS,aucun,FAIBLE
21,57.8,153,24.7,0,0,0,1,1,AB_POS,aucun,FAIBLE
15,50.9,153,21.75,0,0,1,0,1,O_NEG,aucun,FAIBLE
24,48.4,166,17.57,0,0,1,1,0,O_NEG,aucun,FAIBLE
29,55.3,162,21.08,0,0,1,2,1,B_NEG,aucun,FAIBLE
27,64.0,173,21.38,0,0,1,1,1,AB_NEG,aucun,FAIBLE
23,56.3,176,18.17,0,0,1,1,0,B_NEG,aucun,FAIBLE
15,49.1,166,17.82,0,0,1,0,0,A_NEG,aucun,FAIBLE
28,56.5,178,17.82,0,0,1,2,0,AB_NEG,aucun,FAIBLE
20,49.0,157,19.88,0,1,1,1,1,AB_NEG,hypertension,FAIBLE
24,56.8,171,19.44,0,0,0,1,1,O_POS,aucun,FAIBLE
23,54.1,159,21.41,0,0,0,1,1,AB_POS,aucun,FAIBLE
28,57.6,154,24.3,0,0,1,2,1,A_NEG,aucun,FAIBLE
19,66.6,169,23.33,0,0,1,0,1,B_NEG,aucun,FAIBLE
23,55.1,156,22.63,0,0,1,1,1,B_NEG,aucun,FAIBLE
27,67.0,178,21.14,0,0,1,1,1,AB_NEG,aucun,FAIBLE
24,64.5,175,21.07,0,0,1,1,1,O_NEG,aucun,FAIBLE
23,60.2,179,18.78,0,0,1,1,1,A_NEG,aucun,FAIBLE
24,55.4,157,22.47,0,0,0,1,1,O_POS,aucun,FAIBLE
20,61.4,159,24.29,0,0,0,1,1,AB_POS,aucun,FAIBLE
21,46.0,158,18.43,0,0,0,1,0,B_POS,aucun,FAIBLE
19,71.2,181,21.73,1,0,1,0,1,A_NEG,diabete,FAIBLE
17,62.1,164,23.08,0,0,1,0,1,AB_NEG,aucun,FAIBLE
19,44.5,150,19.77,0,0,0,0,1,B_POS,aucun,FAIBLE
29,69.6,170,24.09,0,0,1,2,1,O_NEG,aucun,FAIBLE
17,50.8,160,19.86,0,0,1,0,1,AB_NEG,aucun,FAIBLE
19,65.4,169,22.9,0,0,1,0,1,A_NEG,aucun,FAIBLE
27,61.4,172,20.74,0,0,1,1,1,O_NEG,aucun,FAIBLE
22,64.7,176,20.89,0,0,1,1,1,B_NEG,aucun,FAIBLE
27,61.8,162,23.55,0,0,0,1,1,B_POS,aucun,FAIBLE
25,55.8,175,18.22,0,1,1,1,0,A_NEG,hypertension,FAIBLE
28,62.5,173,20.88,0,0,1,2,1,B_NEG,aucun,FAIBLE
15,48.1,153,20.53,0,0,0,0,1,AB_POS,aucun,FAIBLE
18,53.2,159,21.04,0,0,0,0,1,B_POS,aucun,FAIBLE
23,64.2,174,21.21,1,0,1,1,1,A_NEG,diabete,FAIBLE
25,70.0,174,23.1,0,0,0,1,1,A_POS,aucun,FAIBLE
21,49.7,152,21.51,0,0,0,1,1,A_POS,aucun,FAIBLE
29,48.0,157,19.46,0,0,0,2,1,B_POS,aucun,FAIBLE
24,51.9,156,21.34,1,0,1,1,1,AB_NEG,diabete,FAIBLE
17,67.7,179,21.13,0,0,0,0,1,O_POS,aucun,FAIBLE
29,66.8,169,23.38,1,0,1,2,1,O_NEG,diabete,FAIBLE
21,49.1,165,18.03,0,0,1,1,0,AB_NEG,aucun,FAIBLE
18,67.2,176,21.69,0,0,0,0,1,A_POS,aucun,FAIBLE
21,66.8,176,21.56,0,0,0,1,1,O_POS,aucun,FAIBLE
25,61.8,177,19.74,0,0,1,1,1,AB_NEG,aucun,FAIBLE
27,53.8,158,21.54,1,0,0,1,1,A_POS,diabete,FAIBLE
16,45.0,160,17.57,0,0,0,0,0,AB_POS,aucun,FAIBLE
24,60.1,158,24.07,0,0,1,1,1,B_NEG,aucun,FAIBLE
17,70.0,171,23.93,0,0,1,0,1,A_NEG,aucun,FAIBLE
16,69.6,173,23.27,0,0,1,0,1,O_NEG,aucun,FAIBLE
16,58.7,173,19.61,0,0,1,0,1,AB_NEG,aucun,FAIBLE
21,69.5,180,21.46,0,0,0,1,1,A_POS,aucun,FAIBLE
27,73.5,174,24.27,1,0,1,1,1,A_NEG,diabete,FAIBLE
25,51.6,159,20.42,0,0,0,1,1,A_POS,aucun,FAIBLE
29,69.9,175,22.83,0,0,0,2,1,AB_POS,aucun,FAIBLE
25,56.6,155,23.55,0,0,1,1,1,AB_NEG,aucun,FAIBLE
22,58.6,180,18.09,0,0,0,1,0,O_POS,aucun,FAIBLE
18,55.3,163,20.8,0,0,1,0,1,A_NEG,aucun,FAIBLE
18,72.9,181,22.25,0,0,0,0,1,O_POS,aucun,FAIBLE
24,62.4,167,22.38,0,0,0,1,1,AB_POS,aucun,FAIBLE
15,49.5,150,21.98,0,0,1,0,1,AB_NEG,aucun,FAIBLE
27,74.4,176,24.02,0,0,0,1,1,AB_POS,aucun,FAIBLE
28,65.2,174,21.53,1,0,1,2,1,O_NEG,diabete,FAIBLE
22,45.1,150,20.02,0,0,1,1,1,O_NEG,aucun,FAIBLE
23,47.6,150,21.15,0,0,1,1,1,O_NEG,aucun,FAIBLE
17,61.5,166,22.33,0,0,0,0,1,B_POS,aucun,FAIBLE
16,46.1,158,18.45,0,0,1,0,0,B_NEG,aucun,FAIBLE
27,61.9,166,22.46,1,0,1,1,1,B_NEG,diabete,FAIBLE
17,50.4,160,19.7,0,0,1,0,1,B_NEG,aucun,FAIBLE
19,55.2,163,20.77,0,0,0,0,1,A_POS,aucun,FAIBLE
21,51.4,169,17.99,0,1,0,1,0,AB_POS,hypertension,FAIBLE
28,47.4,151,20.78,0,0,1,2,1,O_NEG,aucun,FAIBLE
26,60.6,166,22.0,0,0,1,1,1,B_NEG,aucun,FAIBLE
28,53.4,168,18.93,0,0,1,2,1,A_NEG,aucun,FAIBLE
29,56.5,176,18.22,0,0,0,2,0,O_POS,aucun,FAIBLE
23,75.8,176,24.47,0,0,0,1,1,AB_POS,aucun,FAIBLE
19,58.9,159,23.3,0,0,1,0,1,B_NEG,aucun,FAIBLE
21,64.9,174,21.45,0,0,1,1,1,O_NEG,aucun,FAIBLE
20,58.7,171,20.09,0,0,0,1,1,A_POS,aucun,FAIBLE
28,48.2,152,20.87,0,0,1,2,1,AB_NEG,aucun,FAIBLE
17,61.8,176,19.94,0,0,0,0,1,A_POS,aucun,FAIBLE
19,55.3,175,18.06,0,1,0,0,0,B_POS,hypertension,FAIBLE
27,58.1,175,18.96,0,0,1,1,1,A_NEG,aucun,FAIBLE
26,50.3,150,22.35,0,0,0,1,1,B_POS,aucun,FAIBLE
15,49.9,157,20.26,0,0,0,0,1,AB_POS,aucun,FAIBLE
25,57.9,178,18.28,0,0,0,1,0,B_POS,aucun,FAIBLE
26,45.0,157,18.24,0,0,1,1,0,A_NEG,aucun,FAIBLE
15,45.5,156,18.71,0,0,1,0,1,AB_NEG,aucun,FAIBLE
17,44.2,156,18.16,0,0,0,0,0,AB_POS,aucun,FAIBLE
20,66.2,167,23.73,0,0,1,1,1,A_NEG,aucun,FAIBLE
25,59.0,180,18.2,0,0,1,1,0,O_NEG,aucun,FAIBLE
28,74.8,181,22.84,0,0,0,2,1,O_POS,aucun,FAIBLE
28,57.0,163,21.47,0,0,1,2,1,B_NEG,aucun,FAIBLE
17,66.5,166,24.12,0,0,1,0,1,AB_NEG,aucun,FAIBLE
23,61.7,167,22.13,0,0,1,1,1,B_NEG,aucun,FAIBLE
20,64.7,179,20.19,0,0,1,1,1,B_NEG,aucun,FAIBLE
17,61.1,175,19.96,0,0,0,0,1,A_POS,aucun,FAIBLE
24,48.7,153,20.81,0,0,1,1,1,B_NEG,aucun,FAIBLE
17,65.3,170,22.59,0,0,0,0,1,B_POS,aucun,FAIBLE
27,50.0,166,18.14,0,0,1,1,0,A_NEG,aucun,FAIBLE
29,44.8,154,18.89,0,0,1,2,1,B_NEG,aucun,FAIBLE
17,58.4,170,20.22,0,0,0,0,1,A_POS,aucun,FAIBLE
24,64.7,164,24.07,0,0,0,1,1,O_POS,aucun,FAIBLE
17,62.0,181,18.93,0,0,0,0,1,O_POS,aucun,FAIBLE
15,49.3,152,21.35,0,0,0,0,1,B_POS,aucun,FAIBLE
15,43.2,153,18.44,0,0,1,0,0,A_NEG,aucun,FAIBLE
15,61.3,163,23.08,0,0,0,0,1,A_POS,aucun,FAIBLE
17,64.0,172,21.62,0,0,0,0,1,O_POS,aucun,FAIBLE
19,48.5,160,18.94,0,0,1,0,1,A_NEG,aucun,FAIBLE
17,52.8,155,21.97,0,0,0,0,1,A_POS,aucun,FAIBLE
21,77.6,177,24.78,0,0,1,1,1,B_NEG,aucun,FAIBLE
17,55.9,163,21.05,0,0,1,0,1,AB_NEG,aucun,FAIBLE
25,64.2,163,24.17,0,0,0,1,1,A_POS,aucun,FAIBLE
15,57.8,161,22.32,0,0,1,0,1,AB_NEG,aucun,FAIBLE
15,63.3,178,19.99,0,0,0,0,1,O_POS,aucun,FAIBLE
23,55.7,165,20.45,0,0,0,1,1,AB_POS,aucun,FAIBLE
22,54.4,159,21.53,0,0,0,1,1,AB_POS,aucun,FAIBLE
16,52.9,169,18.52,0,0,1,0,1,B_NEG,aucun,FAIBLE
27,63.4,181,19.35,0,0,1,1,1,A_NEG,aucun,FAIBLE
19,65.6,173,21.93,1,0,1,0,1,B_NEG,diabete,FAIBLE
29,66.2,171,22.63,0,0,0,2,1,O_POS,aucun,FAIBLE
16,59.2,181,18.08,0,0,0,0,0,O_POS,aucun,FAIBLE
15,76.9,177,24.55,0,0,0,0,1,O_POS,aucun,FAIBLE
16,43.7,154,18.43,0,0,0,0,0,AB_POS,aucun,FAIBLE
24,69.0,175,22.54,0,0,0,1,1,O_POS,aucun,FAIBLE
24,54.9,150,24.39,0,0,1,1,1,B_NEG,aucun,FAIBLE
27,72.8,172,24.62,0,0,1,1,1,A_NEG,aucun,FAIBLE
28,63.5,180,19.61,0,0,1,2,1,B_NEG,aucun,FAIBLE
23,46.0,152,19.9,0,0,1,1,1,A_NEG,aucun,FAIBLE
17,62.3,165,22.89,0,0,1,0,1,AB_NEG,aucun,FAIBLE
16,43.9,150,19.53,0,0,0,0,1,A_POS,aucun,FAIBLE
21,49.3,165,18.13,0,0,0,1,0,B_POS,aucun,FAIBLE
20,53.4,160,20.88,0,0,1,1,1,O_NEG,aucun,FAIBLE
21,65.8,181,20.1,0,0,1,1,1,A_NEG,aucun,FAIBLE
23,72.6,174,23.97,0,0,0,1,1,B_POS,aucun,FAIBLE
24,46.8,158,18.73,0,0,1,1,1,AB_NEG,aucun,FAIBLE
23,58.8,155,24.47,0,0,1,1,1,B_NEG,aucun,FAIBLE
17,57.2,167,20.53,0,0,1,0,1,B_NEG,aucun,FAIBLE
15,62.8,180,19.39,0,0,0,0,1,A_POS,aucun,FAIBLE
27,50.1,153,21.41,0,0,1,1,1,A_NEG,aucun,FAIBLE
28,51.2,152,22.17,0,0,0,2,1,O_POS,aucun,FAIBLE
21,76.4,178,24.12,0,0,1,1,1,O_NEG,aucun,FAIBLE
23,55.1,155,22.93,0,0,1,1,1,A_NEG,aucun,FAIBLE
18,55.7,173,18.6,0,0,1,0,1,A_NEG,aucun,FAIBLE
28,51.0,153,21.8,0,0,0,2,1,AB_POS,aucun,FAIBLE
25,65.5,169,22.93,0,0,0,1,1,B_POS,aucun,FAIBLE
23,45.9,158,18.39,0,0,0,1,0,A_POS,aucun,FAIBLE
27,47.2,157,19.14,0,0,0,1,1,AB_POS,aucun,FAIBLE
15,49.0,161,18.92,0,0,0,0,1,O_POS,aucun,FAIBLE
16,50.6,166,18.37,0,0,0,0,0,B_POS,aucun,FAIBLE
22,44.4,152,19.21,0,0,1,1,1,A_NEG,aucun,FAIBLE
22,53.1,168,18.81,0,0,0,1,1,AB_POS,aucun,FAIBLE
29,66.2,167,23.72,0,0,0,2,1,O_POS,aucun,FAIBLE
29,56.4,155,23.46,0,0,1,2,1,AB_NEG,aucun,FAIBLE
29,65.8,165,24.17,0,0,1,2,1,AB_NEG,aucun,FAIBLE
18,63.0,178,19.87,1,0,0,0,1,A_POS,diabete,FAIBLE
25,57.2,174,18.9,0,0,1,1,1,O_NEG,aucun,FAIBLE
23,52.2,152,22.61,0,0,0,1,1,A_POS,aucun,FAIBLE
22,48.2,161,18.58,1,0,1,1,1,A_NEG,diabete,FAIBLE
21,65.4,176,21.12,0,0,0,1,1,A_POS,aucun,FAIBLE
28,54.8,152,23.7,0,0,0,2,1,B_POS,aucun,FAIBLE
28,61.7,167,22.11,0,0,0,2,1,O_POS,aucun,FAIBLE
24,74.8,174,24.71,0,0,0,1,1,A_POS,aucun,FAIBLE
19,73.2,178,23.09,0,0,0,0,1,A_POS,aucun,FAIBLE
18,54.7,166,19.86,0,0,1,0,1,A_NEG,aucun,FAIBLE
16,69.6,170,24.09,0,0,0,0,1,B_POS,aucun,FAIBLE
25,51.9,150,23.07,0,0,1,1,1,B_NEG,aucun,FAIBLE
29,59.1,178,18.66,0,0,1,2,1,AB_NEG,aucun,FAIBLE
22,75.4,180,23.26,0,0,0,1,1,A_POS,aucun,FAIBLE
20,53.7,174,17.73,0,0,0,1,0,AB_POS,aucun,FAIBLE
19,62.3,164,23.16,0,0,1,0,1,O_NEG,aucun,FAIBLE
28,52.8,157,21.41,0,0,1,2,1,O_NEG,aucun,FAIBLE
24,69.2,180,21.37,0,0,0,1,1,AB_POS,aucun,FAIBLE
21,60.2,157,24.44,0,0,0,1,1,O_POS,aucun,FAIBLE
29,56.6,157,22.97,0,0,1,2,1,AB_NEG,aucun,FAIBLE
25,50.7,160,19.81,0,0,1,1,1,AB_NEG,aucun,FAIBLE
27,58.1,159,22.96,0,0,0,1,1,O_POS,aucun,FAIBLE
18,62.5,160,24.43,0,0,0,0,1,A_POS,aucun,FAIBLE
27,73.9,175,24.14,0,0,0,1,1,A_POS,aucun,FAIBLE
15,54.7,154,23.06,0,0,0,0,1,B_POS,aucun,FAIBLE
22,54.8,153,23.39,0,0,0,1,1,B_POS,aucun,FAIBLE
18,68.8,179,21.48,0,0,0,0,1,O_POS,aucun,FAIBLE
27,55.1,163,20.74,0,0,1,1,1,AB_NEG,aucun,FAIBLE
29,44.0,154,18.57,1,0,1,2,1,AB_NEG,diabete,FAIBLE
27,78.6,178,24.79,0,0,1,1,1,A_NEG,aucun,FAIBLE
15,45.1,157,18.31,1,0,1,0,0,O_NEG,diabete,FAIBLE
22,43.8,155,18.21,0,0,0,1,0,B_POS,aucun,FAIBLE
17,60.1,160,23.47,0,0,1,0,1,AB_NEG,aucun,FAIBLE
22,58.7,158,23.5,0,0,1,1,1,O_NEG,aucun,FAIBLE
19,61.6,170,21.32,0,0,0,0,1,B_POS,aucun,FAIBLE
28,65.7,173,21.97,0,0,0,2,1,AB_POS,aucun,FAIBLE
29,74.3,173,24.82,0,0,1,2,1,A_NEG,aucun,FAIBLE
23,65.7,169,22.99,1,0,1,1,1,A_NEG,diabete,FAIBLE
18,63.0,174,20.8,0,0,1,0,1,B_NEG,aucun,FAIBLE
26,46.4,155,19.33,0,0,0,1,1,AB_POS,aucun,FAIBLE
23,69.6,178,21.96,0,0,1,1,1,A_NEG,aucun,FAIBLE
29,49.4,165,18.15,1,0,0,2,0,O_POS,diabete,FAIBLE
27,75.0,174,24.77,0,0,1,1,1,A_NEG,aucun,FAIBLE
21,51.5,168,18.26,0,0,0,1,0,O_POS,aucun,FAIBLE
20,75.6,178,23.85,0,0,0,1,1,AB_POS,aucun,FAIBLE
24,40.9,152,17.69,0,0,0,1,0,B_POS,aucun,FAIBLE
28,47.9,152,20.74,0,0,1,2,1,A_NEG,aucun,FAIBLE
22,56.2,153,24.01,0,0,1,1,1,B_NEG,aucun,FAIBLE
21,54.4,163,20.46,1,0,1,1,1,AB_NEG,diabete,FAIBLE
27,63.0,170,21.8,0,0,0,1,1,B_POS,aucun,FAIBLE
15,51.4,153,21.97,0,0,0,0,1,B_POS,aucun,FAIBLE
17,76.5,177,24.43,0,0,0,0,1,O_POS,aucun,FAIBLE
21,62.5,179,19.49,0,0,0,1,1,O_POS,aucun,FAIBLE
23,50.1,159,19.83,0,0,1,1,1,B_NEG,aucun,FAIBLE
29,60.6,177,19.33,0,0,1,2,1,A_NEG,aucun,FAIBLE
17,58.6,175,19.15,0,0,0,0,1,A_POS,aucun,FAIBLE
16,47.0,150,20.9,0,0,0,0,1,O_POS,aucun,FAIBLE
26,55.8,151,24.46,0,0,0,1,1,AB_POS,aucun,FAIBLE
29,80.4,181,24.55,0,0,1,2,1,A_NEG,aucun,FAIBLE
24,60.9,171,20.84,1,0,1,1,1,AB_NEG,diabete,FAIBLE
25,65.7,178,20.73,0,0,1,1,1,B_NEG,aucun,FAIBLE
18,65.6,167,23.52,0,0,1,0,1,AB_NEG,aucun,FAIBLE
29,56.1,164,20.87,1,0,0,2,1,AB_POS,diabete,FAIBLE
15,76.7,179,23.93,0,0,1,0,1,AB_NEG,aucun,FAIBLE
27,42.7,152,18.47,0,0,1,1,0,O_NEG,aucun,FAIBLE
17,61.9,171,21.16,1,0,0,0,1,O_POS,diabete,FAIBLE
23,71.4,179,22.28,0,0,0,1,1,O_POS,aucun,FAIBLE
22,59.7,168,21.17,0,0,1,1,1,A_NEG,aucun,FAIBLE
21,58.8,162,22.39,0,0,0,1,1,B_POS,aucun,FAIBLE
24,61.5,180,18.97,0,0,0,1,1,AB_POS,aucun,FAIBLE
23,48.7,155,20.27,0,0,1,1,1,B_NEG,aucun,FAIBLE
16,47.2,153,20.15,0,0,0,0,1,O_POS,aucun,FAIBLE
25,59.5,156,24.46,0,0,0,1,1,B_POS,aucun,FAIBLE
29,46.8,163,17.61,0,0,1,2,0,O_NEG,aucun,FAIBLE
18,54.0,174,17.83,0,0,1,0,0,AB_NEG,aucun,FAIBLE
24,58.7,166,21.29,0,0,0,1,1,B_POS,aucun,FAIBLE
20,44.0,152,19.05,1,0,0,1,1,B_POS,diabete,FAIBLE
19,59.2,165,21.73,0,0,0,0,1,A_POS,aucun,FAIBLE
21,48.0,152,20.77,0,0,1,1,1,AB_NEG,aucun,FAIBLE
21,78.5,178,24.77,0,0,1,1,1,B_NEG,aucun,FAIBLE
18,50.3,152,21.77,0,0,0,0,1,B_POS,aucun,FAIBLE
21,55.2,162,21.04,1,1,0,1,1,A_POS,diabete_hypertension,FAIBLE
22,63.7,165,23.39,0,0,0,1,1,O_POS,aucun,FAIBLE
25,61.5,173,20.56,0,0,0,1,1,B_POS,aucun,FAIBLE
21,49.5,150,22.01,0,0,0,1,1,A_POS,aucun,FAIBLE
21,48.1,162,18.34,0,0,1,1,0,B_NEG,aucun,FAIBLE
21,64.0,161,24.69,0,0,1,1,1,AB_NEG,aucun,FAIBLE
17,53.5,166,19.43,0,0,0,0,1,A_POS,aucun,FAIBLE
19,49.0,164,18.2,0,0,1,0,0,B_NEG,aucun,FAIBLE
19,64.8,172,21.92,0,0,1,0,1,O_NEG,aucun,FAIBLE
15,54.2,172,18.34,0,0,0,0,0,AB_POS,aucun,FAIBLE
20,56.5,164,21.02,0,0,0,1,1,O_POS,aucun,FAIBLE
20,47.6,158,19.05,0,0,0,1,1,A_POS,aucun,FAIBLE
26,58.1,162,22.12,0,0,1,1,1,AB_NEG,aucun,FAIBLE
17,63.6,178,20.06,0,0,0,0,1,B_POS,aucun,FAIBLE
29,48.2,164,17.92,0,0,0,2,0,B_POS,aucun,FAIBLE
16,76.6,180,23.65,0,0,1,0,1,AB_NEG,aucun,FAIBLE
28,53.1,156,21.84,0,0,1,2,1,O_NEG,aucun,FAIBLE
18,71.8,181,21.93,0,0,0,0,1,AB_POS,aucun,FAIBLE
28,70.4,179,21.97,0,0,0,2,1,B_POS,aucun,FAIBLE
25,71.2,179,22.21,0,0,1,1,1,AB_NEG,aucun,FAIBLE
24,62.1,160,24.27,1,0,0,1,1,A_POS,diabete,FAIBLE
19,57.2,158,22.91,0,0,0,0,1,O_POS,aucun,FAIBLE
19,73.1,178,23.08,0,0,0,0,1,B_POS,aucun,FAIBLE
18,76.3,181,23.29,0,0,0,0,1,O_POS,aucun,FAIBLE
27,65.4,171,22.38,0,0,0,1,1,O_POS,aucun,FAIBLE
20,56.4,170,19.53,0,0,1,1,1,A_NEG,aucun,FAIBLE
16,50.5,151,22.14,0,0,0,0,1,B_POS,aucun,FAIBLE
23,51.0,167,18.27,0,0,1,1,0,AB_NEG,aucun,FAIBLE
25,78.7,178,24.83,0,0,1,1,1,O_NEG,aucun,FAIBLE
22,66.0,169,23.1,0,0,0,1,1,AB_POS,aucun,FAIBLE
29,55.5,176,17.92,0,0,1,2,0,AB_NEG,aucun,FAIBLE
27,44.8,153,19.14,0,0,1,1,1,AB_NEG,aucun,FAIBLE
22,53.5,151,23.44,0,0,1,1,1,AB_NEG,aucun,FAIBLE
19,53.6,159,21.18,0,0,0,0,1,B_POS,aucun,FAIBLE
24,66.1,178,20.86,0,0,0,1,1,B_POS,aucun,FAIBLE
19,54.8,169,19.18,0,0,1,0,1,O_NEG,aucun,FAIBLE
25,72.1,181,22.02,0,0,0,1,1,B_POS,aucun,FAIBLE
27,70.8,174,23.38,0,0,1,1,1,AB_NEG,aucun,FAIBLE
22,63.2,164,23.51,0,1,0,1,1,B_POS,hypertension,FAIBLE
15,43.8,150,19.49,0,0,1,0,1,A_NEG,aucun,FAIBLE
17,72.1,177,23.01,0,0,0,0,1,AB_POS,aucun,FAIBLE
17,53.9,150,23.94,0,0,0,0,1,B_POS,aucun,FAIBLE
17,68.8,174,22.72,0,0,0,0,1,O_POS,aucun,FAIBLE
27,64.0,177,20.44,0,0,1,1,1,AB_NEG,aucun,FAIBLE
19,60.3,174,19.93,0,0,0,0,1,O_POS,aucun,FAIBLE
18,57.4,153,24.52,1,0,0,0,1,B_POS,diabete,FAIBLE
22,43.9,158,17.57,0,0,0,1,0,O_POS,aucun,FAIBLE
15,62.0,169,21.72,0,0,1,0,1,A_NEG,aucun,FAIBLE
15,55.2,175,18.01,0,0,0,0,0,O_POS,aucun,FAIBLE
20,67.4,175,22.01,0,0,0,1,1,O_POS,aucun,FAIBLE
24,77.8,178,24.54,0,0,0,1,1,B_POS,aucun,FAIBLE
23,51.0,167,18.28,0,0,1,1,0,O_NEG,aucun,FAIBLE
17,46.3,150,20.58,0,0,1,0,1,AB_NEG,aucun,FAIBLE
18,69.8,171,23.88,0,0,1,0,1,O_NEG,aucun,FAIBLE
27,44.4,155,18.5,1,0,1,1,0,O_NEG,diabete,FAIBLE
18,47.8,159,18.91,0,0,1,0,1,AB_NEG,aucun,FAIBLE
18,60.1,160,23.47,0,0,1,0,1,B_NEG,aucun,FAIBLE
22,60.0,160,23.43,0,1,0,1,1,O_POS,hypertension,FAIBLE
23,58.1,175,18.96,0,0,1,1,1,A_NEG,aucun,FAIBLE
28,60.5,175,19.76,0,0,0,2,1,B_POS,aucun,FAIBLE
28,58.3,171,19.95,0,0,1,2,1,A_NEG,aucun,FAIBLE
26,53.0,168,18.77,0,0,0,1,1,A_POS,aucun,FAIBLE
21,65.1,170,22.53,0,0,0,1,1,O_POS,aucun,FAIBLE
23,56.7,180,17.5,0,0,0,1,0,AB_POS,aucun,FAIBLE
23,56.2,178,17.74,0,0,1,1,0,A_NEG,aucun,FAIBLE
16,59.3,155,24.68,0,0,0,0,1,AB_POS,aucun,FAIBLE
20,47.0,154,19.8,0,1,0,1,1,AB_POS,hypertension,FAIBLE
20,60.8,176,19.63,0,0,1,1,1,A_NEG,aucun,FAIBLE
27,50.1,168,17.77,0,1,1,1,0,AB_NEG,hypertension,FAIBLE
24,47.4,155,19.75,0,0,1,1,1,O_NEG,aucun,FAIBLE
29,58.4,174,19.29,0,0,1,2,1,A_NEG,aucun,FAIBLE
22,75.8,176,24.48,0,0,1,1,1,O_NEG,aucun,FAIBLE
17,60.5,159,23.94,0,0,1,0,1,AB_NEG,aucun,FAIBLE
25,60.8,170,21.05,0,0,0,1,1,A_POS,aucun,FAIBLE
23,55.9,166,20.28,0,0,0,1,1,O_POS,aucun,FAIBLE
29,51.7,168,18.3,0,0,0,2,0,AB_POS,aucun,FAIBLE
18,73.4,177,23.44,0,0,1,0,1,O_NEG,aucun,FAIBLE
21,75.9,177,24.23,0,0,0,1,1,A_POS,aucun,FAIBLE
17,45.6,160,17.8,0,0,0,0,0,A_POS,aucun,FAIBLE
23,46.1,160,18.01,0,0,0,1,0,AB_POS,aucun,FAIBLE
26,48.1,150,21.37,1,0,0,1,1,A_POS,diabete,FAIBLE
24,63.3,177,20.2,0,0,1,1,1,B_NEG,aucun,FAIBLE
16,43.6,154,18.39,0,0,1,0,0,A_NEG,aucun,FAIBLE
22,65.3,173,21.81,0,0,1,1,1,O_NEG,aucun,FAIBLE
25,62.0,181,18.92,1,0,0,1,1,B_POS,diabete,FAIBLE
19,53.8,162,20.51,0,0,1,0,1,A_NEG,aucun,FAIBLE
15,67.9,180,20.96,0,0,0,0,1,O_POS,aucun,FAIBLE
18,56.3,156,23.13,0,0,0,0,1,AB_POS,aucun,FAIBLE
26,55.7,166,20.22,0,0,1,1,1,A_NEG,aucun,FAIBLE
24,52.9,164,19.68,1,0,1,1,1,A_NEG,diabete,FAIBLE
27,54.7,171,18.71,0,0,0,1,1,AB_POS,aucun,FAIBLE
15,66.1,175,21.58,0,1,1,0,1,A_NEG,hypertension,FAIBLE
29,60.3,171,20.63,0,0,1,2,1,B_NEG,aucun,FAIBLE
19,56.9,156,23.4,0,0,0,0,1,AB_POS,aucun,FAIBLE
19,75.0,176,24.23,0,0,1,0,1,AB_NEG,aucun,FAIBLE
16,52.6,152,22.76,0,0,1,0,1,A_NEG,aucun,FAIBLE
16,54.7,162,20.85,0,0,0,0,1,O_POS,aucun,FAIBLE
19,51.9,154,21.87,0,0,0,0,1,O_POS,aucun,FAIBLE
21,73.4,177,23.44,0,0,1,1,1,AB_NEG,aucun,FAIBLE
18,48.1,153,20.56,0,0,1,0,1,A_NEG,aucun,FAIBLE
15,45.5,157,18.46,0,0,1,0,0,O_NEG,aucun,FAIBLE
22,60.4,179,18.86,1,0,1,1,1,A_NEG,diabete,FAIBLE
29,51.5,161,19.87,0,0,1,2,1,A_NEG,aucun,FAIBLE
18,52.2,154,22.03,0,0,0,0,1,O_POS,aucun,FAIBLE
24,56.2,163,21.16,0,0,0,1,1,AB_POS,aucun,FAIBLE
23,53.8,153,22.99,0,0,0,1,1,B_POS,aucun,FAIBLE
15,54.9,158,22.01,0,0,1,0,1,A_NEG,aucun,FAIBLE
23,58.3,156,23.96,0,0,0,1,1,O_POS,aucun,FAIBLE
17,47.2,160,18.44,0,0,0,0,0,AB_POS,aucun,FAIBLE
27,55.2,161,21.28,0,0,1,1,1,A_NEG,aucun,FAIBLE
18,57.0,177,18.19,0,0,0,0,0,AB_POS,aucun,FAIBLE
26,67.6,175,22.07,0,0,1,1,1,O_NEG,aucun,FAIBLE
16,44.1,158,17.65,0,0,1,0,0,A_NEG,aucun,FAIBLE
20,49.5,164,18.42,0,0,0,1,0,A_POS,aucun,FAIBLE
20,56.4,168,20.0,0,0,0,1,1,O_POS,aucun,FAIBLE
21,62.7,159,24.8,0,0,1,1,1,A_NEG,aucun,FAIBLE
16,47.2,152,20.43,0,0,0,0,1,O_POS,aucun,FAIBLE
23,58.1,176,18.77,0,0,0,1,1,O_POS,aucun,FAIBLE
21,68.6,174,22.65,0,0,1,1,1,O_NEG,aucun,FAIBLE
19,61.1,179,19.06,0,0,0,0,1,AB_POS,aucun,FAIBLE
26,69.1,170,23.9,0,0,0,1,1,O_POS,aucun,FAIBLE
28,49.7,155,20.67,0,0,0,2,1,AB_POS,aucun,FAIBLE
16,66.3,178,20.92,0,0,1,0,1,O_NEG,aucun,FAIBLE
15,61.4,167,22.0,0,0,1,0,1,A_NEG,aucun,FAIBLE
26,49.4,162,18.83,0,0,0,1,1,O_POS,aucun,FAIBLE
15,57.8,180,17.83,0,0,1,0,0,AB_NEG,aucun,FAIBLE
21,50.8,151,22.28,0,1,1,1,1,AB_NEG,hypertension,FAIBLE
18,52.7,158,21.12,0,0,0,0,1,A_POS,aucun,FAIBLE
20,55.3,168,19.59,0,0,0,1,1,AB_POS,aucun,FAIBLE
25,75.4,174,24.9,0,0,1,1,1,O_NEG,aucun,FAIBLE
18,56.8,165,20.85,0,0,0,0,1,AB_POS,aucun,FAIBLE
26,59.3,155,24.66,0,0,0,1,1,A_POS,aucun,FAIBLE
20,52.7,168,18.66,0,0,1,1,1,B_NEG,aucun,FAIBLE
23,57.8,164,21.48,0,0,1,1,1,A_NEG,aucun,FAIBLE
24,49.1,160,19.18,0,0,0,1,1,B_POS,aucun,FAIBLE
17,55.5,167,19.9,0,0,1,0,1,O_NEG,aucun,FAIBLE
26,53.5,166,19.41,0,0,1,1,1,B_NEG,aucun,FAIBLE
26,64.4,181,19.66,0,0,1,1,1,B_NEG,aucun,FAIBLE
21,47.7,162,18.16,0,0,0,1,0,B_POS,aucun,FAIBLE
17,44.9,158,17.98,0,0,1,0,0,B_NEG,aucun,FAIBLE
25,75.6,178,23.85,0,0,0,1,1,O_POS,aucun,FAIBLE
20,60.1,159,23.79,0,0,0,1,1,AB_POS,aucun,FAIBLE
21,60.4,178,19.05,0,0,0,1,1,O_POS,aucun,FAIBLE
16,51.8,172,17.51,0,0,0,0,0,B_POS,aucun,FAIBLE
17,52.1,161,20.09,0,0,0,0,1,O_POS,aucun,FAIBLE
24,68.7,169,24.07,0,0,1,1,1,O_NEG,aucun,FAIBLE
23,46.9,152,20.3,0,0,1,1,1,B_NEG,aucun,FAIBLE
24,55.4,164,20.6,0,0,1,1,1,A_NEG,aucun,FAIBLE
17,76.8,176,24.8,0,0,1,0,1,O_NEG,aucun,FAIBLE
27,73.8,180,22.77,0,0,0,1,1,AB_POS,aucun,FAIBLE
22,80.6,181,24.62,0,0,1,1,1,AB_NEG,aucun,FAIBLE
18,75.0,181,22.89,0,0,1,0,1,B_NEG,aucun,FAIBLE
28,58.9,176,19.03,0,0,0,2,1,A_POS,aucun,FAIBLE
24,69.2,178,21.85,0,0,0,1,1,A_POS,aucun,FAIBLE
22,50.0,165,18.37,0,0,1,1,0,O_NEG,aucun,FAIBLE
29,66.5,173,22.21,0,0,0,2,1,B_POS,aucun,FAIBLE
23,55.5,173,18.55,0,0,0,1,1,A_POS,aucun,FAIBLE
22,42.8,150,19.01,0,1,0,1,1,AB_POS,hypertension,FAIBLE
29,48.1,157,19.5,0,0,0,2,1,O_POS,aucun,FAIBLE
19,58.5,179,18.25,0,0,0,0,0,O_POS,aucun,FAIBLE
17,43.7,155,18.21,0,0,1,0,0,B_NEG,aucun,FAIBLE
26,53.6,169,18.77,0,0,1,1,1,O_NEG,aucun,FAIBLE
28,65.4,175,21.37,0,0,1,2,1,A_NEG,aucun,FAIBLE
29,55.5,178,17.52,0,0,0,2,0,AB_POS,aucun,FAIBLE
22,53.4,164,19.84,0,0,0,1,1,B_POS,aucun,FAIBLE
21,52.5,157,21.3,1,0,1,1,1,AB_NEG,diabete,FAIBLE
18,66.9,169,23.41,0,0,0,0,1,A_POS,aucun,FAIBLE
27,60.5,179,18.88,0,0,1,1,1,B_NEG,aucun,FAIBLE
22,53.6,170,18.53,0,0,0,1,1,A_POS,aucun,FAIBLE
26,55.9,168,19.79,1,0,1,1,1,AB_NEG,diabete,FAIBLE
20,71.6,178,22.61,0,0,1,1,1,AB_NEG,aucun,FAIBLE
19,76.1,177,24.28,1,0,0,0,1,AB_POS,diabete,FAIBLE
17,58.1,167,20.85,0,0,0,0,1,O_POS,aucun,FAIBLE
19,50.2,161,19.37,0,0,0,0,1,A_POS,aucun,FAIBLE
17,57.5,169,20.14,0,0,0,0,1,AB_POS,aucun,FAIBLE
28,55.2,172,18.66,0,0,1,2,1,AB_NEG,aucun,FAIBLE
24,61.7,165,22.66,0,0,0,1,1,B_POS,aucun,FAIBLE
29,64.2,170,22.2,0,0,0,2,1,O_POS,aucun,FAIBLE
17,56.5,166,20.51,0,0,0,0,1,AB_POS,aucun,FAIBLE
29,58.0,177,18.51,0,1,1,2,1,B_NEG,hypertension,FAIBLE
16,58.1,161,22.4,0,0,1,0,1,B_NEG,aucun,FAIBLE
28,67.0,173,22.38,0,0,0,2,1,O_POS,aucun,FAIBLE
18,54.5,164,20.27,0,0,1,0,1,B_NEG,aucun,FAIBLE
29,57.6,178,18.17,0,0,1,2,0,AB_NEG,aucun,FAIBLE
29,66.0,163,24.85,0,0,1,2,1,O_NEG,aucun,FAIBLE
29,54.3,153,23.21,0,0,0,2,1,AB_POS,aucun,FAIBLE
18,79.8,180,24.64,0,0,0,0,1,A_POS,aucun,FAIBLE
25,55.1,160,21.51,0,0,1,1,1,A_NEG,aucun,FAIBLE
19,48.6,160,19.0,0,0,1,0,1,B_NEG,aucun,FAIBLE
20,62.9,179,19.62,0,0,1,1,1,A_NEG,aucun,FAIBLE
16,56.3,170,19.48,0,0,0,0,1,AB_POS,aucun,FAIBLE
19,44.8,158,17.96,0,0,1,0,0,A_NEG,aucun,FAIBLE
17,45.6,158,18.28,0,0,0,0,0,O_POS,aucun,FAIBLE
29,70.9,172,23.96,0,0,0,2,1,A_POS,aucun,FAIBLE
29,53.2,164,19.79,0,0,1,2,1,B_NEG,aucun,FAIBLE
18,72.5,173,24.21,0,0,0,0,1,B_POS,aucun,FAIBLE
25,42.7,154,17.99,0,0,0,1,0,A_POS,aucun,FAIBLE
17,55.4,164,20.6,0,0,0,0,1,O_POS,aucun,FAIBLE
28,60.7,159,24.01,0,0,0,2,1,A_POS,aucun,FAIBLE
29,59.9,176,19.35,0,0,0,2,1,A_POS,aucun,FAIBLE
23,53.6,164,19.94,1,1,0,1,1,AB_POS,diabete_hypertension,FAIBLE
24,54.3,168,19.22,0,1,1,1,1,O_NEG,hypertension,FAIBLE
24,65.9,176,21.28,0,0,1,1,1,AB_NEG,aucun,FAIBLE
15,59.0,177,18.83,0,1,0,0,1,A_POS,hypertension,FAIBLE
16,67.6,169,23.67,0,0,1,0,1,O_NEG,aucun,FAIBLE
26,60.0,175,19.6,0,0,0,1,1,B_POS,aucun,FAIBLE
24,70.5,171,24.12,0,0,1,1,1,AB_NEG,aucun,FAIBLE
28,54.3,152,23.49,1,0,0,2,1,B_POS,diabete,FAIBLE
25,64.7,164,24.06,0,0,1,1,1,A_NEG,aucun,FAIBLE
27,64.0,181,19.54,0,0,0,1,1,AB_POS,aucun,FAIBLE
15,45.1,151,19.76,0,0,1,0,1,O_NEG,aucun,FAIBLE
26,58.4,175,19.08,0,0,0,1,1,B_POS,aucun,FAIBLE
24,54.9,161,21.2,0,0,1,1,1,A_NEG,aucun,FAIBLE
27,50.3,153,21.48,0,0,0,1,1,O_POS,aucun,FAIBLE
24,55.3,162,21.09,0,0,0,1,1,B_POS,aucun,FAIBLE
25,61.2,170,21.19,0,1,1,1,1,O_NEG,hypertension,FAIBLE
17,45.1,155,18.77,0,0,0,0,1,O_POS,aucun,FAIBLE
28,69.2,168,24.51,0,0,1,2,1,A_NEG,aucun,FAIBLE
21,40.5,151,17.75,0,0,0,1,0,O_POS,aucun,FAIBLE
24,64.2,168,22.75,0,0,1,1,1,B_NEG,aucun,FAIBLE
21,71.1,169,24.89,0,0,0,1,1,B_POS,aucun,FAIBLE
29,55.1,166,19.99,0,0,1,2,1,B_NEG,aucun,FAIBLE
20,57.9,171,19.79,0,0,0,1,1,O_POS,aucun,FAIBLE
26,56.6,159,22.37,0,0,1,1,1,B_NEG,aucun,FAIBLE
26,44.4,159,17.54,0,1,1,1,0,A_NEG,hypertension,FAIBLE
26,51.7,157,20.99,0,0,0,1,1,B_POS,aucun,FAIBLE
23,56.0,159,22.14,0,0,1,1,1,AB_NEG,aucun,FAIBLE
20,55.0,161,21.23,0,0,0,1,1,B_POS,aucun,FAIBLE
20,61.2,179,19.09,0,0,0,1,1,AB_POS,aucun,FAIBLE
26,51.1,151,22.41,0,0,0,1,1,AB_POS,aucun,FAIBLE
17,44.3,157,17.97,0,0,1,0,0,B_NEG,aucun,FAIBLE
19,57.6,165,21.17,0,0,0,0,1,A_POS,aucun,FAIBLE
16,74.1,180,22.88,0,0,1,0,1,AB_NEG,aucun,FAIBLE
26,57.8,168,20.49,0,0,1,1,1,B_NEG,aucun,FAIBLE
24,64.7,177,20.64,0,0,0,1,1,B_POS,aucun,FAIBLE
22,81.0,181,24.73,0,1,0,1,1,A_POS,hypertension,FAIBLE
26,41.3,151,18.09,0,0,1,1,0,O_NEG,aucun,FAIBLE
29,58.5,177,18.69,0,0,1,2,1,AB_NEG,aucun,FAIBLE
16,67.6,178,21.32,0,0,1,0,1,O_NEG,aucun,FAIBLE
18,48.7,152,21.06,0,0,0,0,1,A_POS,aucun,FAIBLE
16,49.1,161,18.95,0,0,1,0,1,AB_NEG,aucun,FAIBLE
26,62.5,176,20.17,0,0,0,1,1,B_POS,aucun,FAIBLE
22,61.7,180,19.05,0,0,1,1,1,O_NEG,aucun,FAIBLE
28,67.8,170,23.46,0,0,0,2,1,O_POS,aucun,FAIBLE
24,60.0,160,23.45,0,0,0,1,1,A_POS,aucun,FAIBLE
19,57.1,163,21.48,0,0,0,0,1,O_POS,aucun,FAIBLE
21,67.0,176,21.62,0,0,1,1,1,B_NEG,aucun,FAIBLE
20,57.8,170,20.01,0,0,0,1,1,AB_POS,aucun,FAIBLE
22,53.2,163,20.01,0,0,1,1,1,A_NEG,aucun,FAIBLE
18,57.3,175,18.71,0,0,0,0,1,AB_POS,aucun,FAIBLE
22,62.6,172,21.17,0,0,0,1,1,B_POS,aucun,FAIBLE
17,65.6,181,20.03,0,0,1,0,1,O_NEG,aucun,FAIBLE
20,69.8,175,22.8,0,0,1,1,1,B_NEG,aucun,FAIBLE
22,48.3,151,21.2,0,0,1,1,1,A_NEG,aucun,FAIBLE
27,73.4,178,23.15,0,0,1,1,1,O_NEG,aucun,FAIBLE
21,60.2,167,21.59,0,0,1,1,1,O_NEG,aucun,FAIBLE
20,61.6,163,23.18,0,0,1,1,1,O_NEG,aucun,FAIBLE
27,49.8,156,20.47,0,0,0,1,1,B_POS,aucun,FAIBLE
26,44.3,150,19.68,0,0,1,1,1,B_NEG,aucun,FAIBLE
18,53.0,156,21.77,0,0,0,0,1,B_POS,aucun,FAIBLE
22,57.7,171,19.73,0,0,1,1,1,O_NEG,aucun,FAIBLE
20,47.4,155,19.73,0,0,0,1,1,B_POS,aucun,FAIBLE
27,57.0,155,23.73,0,0,0,1,1,AB_POS,aucun,FAIBLE
26,68.3,173,22.83,0,0,1,1,1,AB_NEG,aucun,FAIBLE
27,48.1,156,19.79,0,0,0,1,1,AB_POS,aucun,FAIBLE
28,51.6,170,17.86,0,0,1,2,0,B_NEG,aucun,FAIBLE
18,56.3,179,17.56,0,0,1,0,0,A_NEG,aucun,FAIBLE
16,57.9,154,24.41,1,1,1,0,1,A_NEG,diabete_hypertension,FAIBLE
19,61.5,159,24.31,0,0,1,0,1,AB_NEG,aucun,FAIBLE
15,60.7,158,24.31,0,0,1,0,1,AB_NEG,aucun,FAIBLE
21,42.6,154,17.98,0,0,1,1,0,B_NEG,aucun,FAIBLE
28,46.9,156,19.27,0,0,1,2,1,A_NEG,aucun,FAIBLE
20,55.1,177,17.59,0,0,1,1,0,AB_NEG,aucun,FAIBLE
22,48.2,152,20.85,0,0,0,1,1,AB_POS,aucun,FAIBLE
17,59.9,180,18.49,0,0,0,0,0,O_POS,aucun,FAIBLE
21,55.4,160,21.65,0,0,0,1,1,B_POS,aucun,FAIBLE
24,54.5,164,20.26,0,0,0,1,1,AB_POS,aucun,FAIBLE
27,61.8,159,24.44,0,0,0,1,1,A_POS,aucun,FAIBLE
26,53.8,175,17.55,0,0,1,1,0,AB_NEG,aucun,FAIBLE
29,42.7,153,18.24,0,0,1,2,0,B_NEG,aucun,FAIBLE
25,77.1,180,23.78,0,0,1,1,1,B_NEG,aucun,FAIBLE
23,64.4,180,19.88,1,0,1,1,1,AB_NEG,diabete,FAIBLE
19,58.9,172,19.91,1,0,1,0,1,A_NEG,diabete,FAIBLE
25,54.1,153,23.09,0,0,0,1,1,B_POS,aucun,FAIBLE
28,72.4,179,22.59,0,0,1,2,1,B_NEG,aucun,FAIBLE
24,63.9,167,22.92,0,0,1,1,1,O_NEG,aucun,FAIBLE
20,44.6,159,17.64,0,0,1,1,0,AB_NEG,aucun,FAIBLE
23,74.9,178,23.64,0,0,0,1,1,A_POS,aucun,FAIBLE
26,65.0,165,23.88,0,0,0,1,1,B_POS,aucun,FAIBLE
23,54.9,155,22.84,0,0,1,1,1,A_NEG,aucun,FAIBLE
20,55.7,174,18.41,0,0,1,1,0,B_NEG,aucun,FAIBLE
27,53.6,153,22.88,0,0,1,1,1,AB_NEG,aucun,FAIBLE
16,75.0,179,23.4,0,0,1,0,1,O_NEG,aucun,FAIBLE
22,44.6,150,19.82,0,1,0,1,1,O_POS,hypertension,FAIBLE
23,45.8,152,19.83,0,0,0,1,1,O_POS,aucun,FAIBLE
21,65.7,168,23.28,0,1,0,1,1,O_POS,hypertension,FAIBLE
24,55.9,169,19.56,0,0,1,1,1,AB_NEG,aucun,FAIBLE
22,49.4,151,21.68,0,0,0,1,1,AB_POS,aucun,FAIBLE
16,54.8,159,21.66,0,0,1,0,1,O_NEG,aucun,FAIBLE
21,56.9,171,19.46,0,0,0,1,1,O_POS,aucun,FAIBLE
25,75.2,175,24.56,0,0,0,1,1,A_POS,aucun,FAIBLE
19,57.3,158,22.95,0,0,1,0,1,AB_NEG,aucun,FAIBLE
21,62.1,166,22.52,0,0,0,1,1,O_POS,aucun,FAIBLE
28,65.5,178,20.68,0,0,0,2,1,A_POS,aucun,FAIBLE
26,66.0,171,22.59,0,0,1,1,1,O_NEG,aucun,FAIBLE
25,55.7,158,22.3,0,0,1,1,1,O_NEG,aucun,FAIBLE
29,66.4,181,20.26,0,0,0,2,1,O_POS,aucun,FAIBLE
26,77.2,181,23.55,0,0,0,1,1,A_POS,aucun,FAIBLE
27,63.6,168,22.53,0,0,1,1,1,B_NEG,aucun,FAIBLE
29,63.6,161,24.54,0,1,0,2,1,AB_POS,hypertension,FAIBLE
27,69.7,169,24.4,0,0,0,1,1,AB_POS,aucun,FAIBLE
26,71.6,178,22.6,0,0,0,1,1,O_POS,aucun,FAIBLE
15,53.7,165,19.73,0,0,1,0,1,B_NEG,aucun,FAIBLE
19,68.4,172,23.13,0,0,1,0,1,O_NEG,aucun,FAIBLE
23,50.5,168,17.89,0,0,0,1,0,AB_POS,aucun,FAIBLE
20,68.3,176,22.06,0,0,1,1,1,AB_NEG,aucun,FAIBLE
21,49.3,159,19.52,0,0,0,1,1,B_POS,aucun,FAIBLE
18,52.1,169,18.25,0,0,0,0,0,B_POS,aucun,FAIBLE
18,54.9,173,18.35,0,0,0,0,0,O_POS,aucun,FAIBLE
21,54.6,167,19.58,0,0,1,1,1,A_NEG,aucun,FAIBLE
23,66.1,178,20.86,0,0,0,1,1,AB_POS,aucun,FAIBLE
20,62.5,166,22.7,0,0,1,1,1,B_NEG,aucun,FAIBLE
28,51.0,157,20.68,0,0,1,2,1,A_NEG,aucun,FAIBLE
26,44.2,158,17.72,0,0,1,1,0,A_NEG,aucun,FAIBLE
26,58.1,153,24.84,0,0,1,1,1,O_NEG,aucun,FAIBLE
21,45.6,160,17.8,1,1,1,1,0,AB_NEG,diabete_hypertension,FAIBLE
29,55.5,166,20.15,0,0,1,2,1,O_NEG,aucun,FAIBLE
28,50.5,163,18.99,1,0,0,2,1,O_POS,diabete,FAIBLE
22,75.3,181,22.99,0,0,1,1,1,O_NEG,aucun,FAIBLE
21,46.5,155,19.38,1,0,0,1,1,AB_POS,diabete,FAIBLE
25,59.5,158,23.85,0,0,0,1,1,A_POS,aucun,FAIBLE
19,54.6,160,21.33,0,0,1,0,1,O_NEG,aucun,FAIBLE
16,58.2,165,21.37,0,0,0,0,1,O_POS,aucun,FAIBLE
23,52.5,162,20.0,0,0,1,1,1,O_NEG,aucun,FAIBLE
17,46.7,150,20.76,0,0,0,0,1,AB_POS,aucun,FAIBLE
27,72.4,171,24.75,0,0,1,1,1,O_NEG,aucun,FAIBLE
22,58.2,181,17.76,0,0,0,1,0,AB_POS,aucun,FAIBLE
22,52.5,157,21.3,0,0,0,1,1,A_POS,aucun,FAIBLE
23,72.9,176,23.53,0,0,1,1,1,AB_NEG,aucun,FAIBLE
22,56.1,155,23.36,0,0,0,1,1,B_POS,aucun,FAIBLE
21,48.3,155,20.1,0,0,1,1,1,O_NEG,aucun,FAIBLE
15,46.0,155,19.15,0,0,0,0,1,AB_POS,aucun,FAIBLE
16,74.3,178,23.44,0,0,0,0,1,O_POS,aucun,FAIBLE
15,65.1,176,21.02,0,0,1,0,1,AB_NEG,aucun,FAIBLE
25,53.2,157,21.57,0,0,0,1,1,O_POS,aucun,FAIBLE
28,71.7,179,22.37,0,1,0,2,1,AB_POS,hypertension,FAIBLE
20,59.9,162,22.82,0,0,1,1,1,O_NEG,aucun,FAIBLE
22,72.6,172,24.53,0,0,0,1,1,A_POS,aucun,FAIBLE
26,66.6,172,22.53,0,0,1,1,1,A_NEG,aucun,FAIBLE
15,57.3,160,22.39,0,0,1,0,1,A_NEG,aucun,FAIBLE
25,68.2,167,24.45,0,0,1,1,1,A_NEG,aucun,FAIBLE
19,53.8,159,21.28,0,0,1,0,1,O_NEG,aucun,FAIBLE
22,68.9,180,21.26,0,0,0,1,1,AB_POS,aucun,FAIBLE
16,52.4,156,21.52,0,0,1,0,1,B_NEG,aucun,FAIBLE
18,50.0,150,22.24,0,0,1,0,1,B_NEG,aucun,FAIBLE
24,59.1,164,21.98,0,0,0,1,1,A_POS,aucun,FAIBLE
16,45.7,158,18.3,0,0,1,0,0,AB_NEG,aucun,FAIBLE
22,67.8,166,24.6,0,0,0,1,1,AB_POS,aucun,FAIBLE
25,51.4,160,20.08,0,0,0,1,1,AB_POS,aucun,FAIBLE
21,63.3,163,23.83,0,0,1,1,1,B_NEG,aucun,FAIBLE
15,52.1,154,21.95,0,0,0,0,1,AB_POS,aucun,FAIBLE
17,59.0,165,21.67,0,0,1,0,1,O_NEG,aucun,FAIBLE
23,60.7,180,18.74,0,0,1,1,1,A_NEG,aucun,FAIBLE
16,57.0,158,22.83,0,0,0,0,1,B_POS,aucun,FAIBLE
23,65.0,162,24.78,1,0,1,1,1,O_NEG,diabete,FAIBLE
18,79.1,180,24.41,0,0,1,0,1,B_NEG,aucun,FAIBLE
20,73.2,176,23.63,0,1,1,1,1,AB_NEG,hypertension,FAIBLE
17,57.7,163,21.72,0,0,0,0,1,O_POS,aucun,FAIBLE
18,63.7,163,23.98,1,0,1,0,1,AB_NEG,diabete,FAIBLE
19,56.3,163,21.21,1,0,1,0,1,AB_NEG,diabete,FAIBLE
17,50.0,161,19.29,1,0,1,0,1,A_NEG,diabete,FAIBLE
27,67.1,181,20.48,0,0,1,1,1,O_NEG,aucun,FAIBLE
20,62.4,173,20.84,0,0,1,1,1,AB_NEG,aucun,FAIBLE
27,47.1,161,18.19,0,0,0,1,0,B_POS,aucun,FAIBLE
27,70.6,173,23.59,1,0,0,1,1,B_POS,diabete,FAIBLE
26,61.7,160,24.09,0,0,1,1,1,B_NEG,aucun,FAIBLE
23,46.1,159,18.23,1,0,1,1,0,B_NEG,diabete,FAIBLE
17,59.2,159,23.4,0,0,1,0,1,O_NEG,aucun,FAIBLE
25,69.4,181,21.17,0,0,0,1,1,AB_POS,aucun,FAIBLE
16,62.3,162,23.72,0,0,0,0,1,O_POS,aucun,FAIBLE
19,64.5,163,24.27,0,0,1,0,1,B_NEG,aucun,FAIBLE
19,62.0,170,21.45,0,0,0,0,1,B_POS,aucun,FAIBLE
26,57.2,172,19.34,0,0,1,1,1,B_NEG,aucun,FAIBLE
28,65.2,168,23.1,0,0,1,2,1,AB_NEG,aucun,FAIBLE
23,45.5,157,18.46,0,0,0,1,0,O_POS,aucun,FAIBLE
25,46.1,152,19.95,0,0,1,1,1,O_NEG,aucun,FAIBLE
17,55.5,160,21.69,0,0,0,0,1,AB_POS,aucun,FAIBLE
28,55.2,167,19.79,0,0,0,2,1,AB_POS,aucun,FAIBLE
21,60.6,163,22.82,0,1,0,1,1,A_POS,hypertension,FAIBLE
22,48.7,166,17.68,0,0,1,1,0,AB_NEG,aucun,FAIBLE
18,56.7,155,23.61,0,0,1,0,1,AB_NEG,aucun,FAIBLE
24,57.2,158,22.92,0,0,1,1,1,AB_NEG,aucun,FAIBLE
22,56.0,159,22.14,0,0,1,1,1,A_NEG,aucun,FAIBLE
28,69.6,180,21.48,0,0,0,2,1,AB_POS,aucun,FAIBLE
20,67.1,174,22.16,0,0,1,1,1,AB_NEG,aucun,FAIBLE
26,41.4,153,17.7,0,0,0,1,0,A_POS,aucun,FAIBLE
25,65.8,176,21.24,0,0,0,1,1,AB_POS,aucun,FAIBLE
24,52.2,151,22.92,0,0,0,1,1,A_POS,aucun,FAIBLE
18,65.8,181,20.07,0,0,1,0,1,O_NEG,aucun,FAIBLE
23,54.6,159,21.61,0,0,0,1,1,AB_POS,aucun,FAIBLE
29,67.5,166,24.51,0,0,0,2,1,AB_POS,aucun,FAIBLE
16,74.5,176,24.05,0,1,1,0,1,A_NEG,hypertension,FAIBLE
17,55.9,176,18.05,0,0,1,0,0,O_NEG,aucun,FAIBLE
21,55.8,167,20.0,0,0,1,1,1,O_NEG,aucun,FAIBLE
29,65.9,165,24.21,0,0,0,2,1,B_POS,aucun,FAIBLE
23,45.2,154,19.06,0,0,1,1,1,O_NEG,aucun,FAIBLE
20,51.6,151,22.65,0,0,0,1,1,B_POS,aucun,FAIBLE
27,73.5,176,23.74,0,0,1,1,1,O_NEG,aucun,FAIBLE
25,71.5,176,23.07,0,0,0,1,1,A_POS,aucun,FAIBLE
20,55.8,165,20.51,0,0,0,1,1,B_POS,aucun,FAIBLE
29,56.2,172,18.99,0,0,1,2,1,B_NEG,aucun,FAIBLE
23,68.4,177,21.84,0,0,1,1,1,AB_NEG,aucun,FAIBLE
15,54.0,159,21.35,0,0,0,0,1,B_POS,aucun,FAIBLE
19,53.5,173,17.87,0,0,1,0,0,B_NEG,aucun,FAIBLE
29,53.5,151,23.46,0,0,1,2,1,O_NEG,aucun,FAIBLE
26,60.4,165,22.18,0,0,1,1,1,A_NEG,aucun,FAIBLE
27,46.8,161,18.06,0,0,1,1,0,A_NEG,aucun,FAIBLE
17,64.6,163,24.33,0,0,0,0,1,AB_POS,aucun,FAIBLE
15,55.7,168,19.72,0,0,0,0,1,O_POS,aucun,FAIBLE
21,54.7,175,17.85,1,0,0,1,0,O_POS,diabete,FAIBLE
17,54.9,162,20.92,0,0,0,0,1,O_POS,aucun,FAIBLE
28,54.1,154,22.83,0,0,0,2,1,A_POS,aucun,FAIBLE
20,42.7,156,17.56,0,0,0,1,0,B_POS,aucun,FAIBLE
18,64.0,173,21.4,0,0,0,0,1,B_POS,aucun,FAIBLE
25,50.0,152,21.64,0,0,0,1,1,A_POS,aucun,FAIBLE
15,53.2,171,18.21,0,0,0,0,0,A_POS,aucun,FAIBLE
19,62.9,172,21.26,0,0,0,0,1,A_POS,aucun,FAIBLE
18,49.4,166,17.94,0,0,0,0,0,O_POS,aucun,FAIBLE
27,57.5,162,21.93,0,0,1,1,1,O_NEG,aucun,FAIBLE
20,46.1,162,17.56,0,0,1,1,0,O_NEG,aucun,FAIBLE
29,67.1,181,20.47,0,0,1,2,1,AB_NEG,aucun,FAIBLE
26,68.5,176,22.11,0,0,1,1,1,O_NEG,aucun,FAIBLE
16,55.9,154,23.59,0,0,0,0,1,O_POS,aucun,FAIBLE
23,63.7,160,24.9,0,0,1,1,1,O_NEG,aucun,FAIBLE
19,54.8,169,19.2,0,0,1,0,1,AB_NEG,aucun,FAIBLE
28,43.9,155,18.27,0,0,1,2,0,AB_NEG,aucun,FAIBLE
28,50.3,169,17.61,0,1,1,2,0,B_NEG,hypertension,FAIBLE
24,55.5,167,19.89,0,0,1,1,1,B_NEG,aucun,FAIBLE
22,48.3,157,19.59,0,0,1,1,1,O_NEG,aucun,FAIBLE
26,61.5,178,19.4,0,0,0,1,1,A_POS,aucun,FAIBLE
25,68.4,166,24.83,0,0,1,1,1,A_NEG,aucun,FAIBLE
19,53.7,153,22.94,0,0,1,0,1,B_NEG,aucun,FAIBLE
15,56.9,158,22.8,1,0,0,0,1,AB_POS,diabete,FAIBLE
27,52.9,162,20.17,0,0,1,1,1,AB_NEG,aucun,FAIBLE
28,42.8,150,19.03,0,0,1,2,1,AB_NEG,aucun,FAIBLE
19,55.6,165,20.43,0,0,0,0,1,A_POS,aucun,FAIBLE
27,56.1,175,18.33,0,0,1,1,0,O_NEG,aucun,FAIBLE
23,60.6,162,23.07,0,0,1,1,1,AB_NEG,aucun,FAIBLE
15,50.2,163,18.88,0,0,1,0,1,O_NEG,aucun,FAIBLE
18,63.8,180,19.69,0,0,0,0,1,O_POS,aucun,FAIBLE
20,69.8,177,22.29,0,0,0,1,1,AB_POS,aucun,FAIBLE
20,41.2,151,18.05,0,0,1,1,0,AB_NEG,aucun,FAIBLE
19,71.1,176,22.95,0,1,1,0,1,O_NEG,hypertension,FAIBLE
15,58.2,154,24.53,0,0,0,0,1,O_POS,aucun,FAIBLE
16,44.2,150,19.63,0,0,0,0,1,AB_POS,aucun,FAIBLE
25,48.7,162,18.55,0,0,1,1,1,A_NEG,aucun,FAIBLE
15,59.9,178,18.9,0,0,1,0,1,A_NEG,aucun,FAIBLE
16,52.7,166,19.11,0,0,1,0,1,B_NEG,aucun,FAIBLE
26,65.8,164,24.45,0,0,0,1,1,B_POS,aucun,FAIBLE
24,65.6,177,20.94,0,0,1,1,1,B_NEG,aucun,FAIBLE
19,74.2,174,24.52,0,1,0,0,1,O_POS,hypertension,FAIBLE
18,50.3,162,19.18,0,0,0,0,1,B_POS,aucun,FAIBLE
17,56.8,160,22.19,0,0,0,0,1,O_POS,aucun,FAIBLE
17,59.8,178,18.88,0,0,1,0,1,O_NEG,aucun,FAIBLE
26,48.4,161,18.68,0,0,1,1,1,B_NEG,aucun,FAIBLE
21,52.5,172,17.75,0,0,1,1,0,A_NEG,aucun,FAIBLE
17,61.1,164,22.71,0,0,0,0,1,B_POS,aucun,FAIBLE
28,71.4,179,22.28,0,0,0,2,1,AB_POS,aucun,FAIBLE
18,68.1,179,21.25,0,0,1,0,1,A_NEG,aucun,FAIBLE
29,51.5,169,18.03,0,0,0,2,0,O_POS,aucun,FAIBLE
28,72.9,179,22.75,0,0,1,2,1,A_NEG,aucun,FAIBLE
24,49.6,153,21.17,0,0,0,1,1,B_POS,aucun,FAIBLE
15,47.8,160,18.65,0,0,0,0,1,A_POS,aucun,FAIBLE
20,66.6,171,22.78,0,0,0,1,1,O_POS,aucun,FAIBLE
24,44.2,152,19.14,0,0,0,1,1,AB_POS,aucun,FAIBLE
17,43.9,158,17.61,1,0,0,0,0,AB_POS,diabete,FAIBLE
20,59.0,177,18.84,0,0,1,1,1,AB_NEG,aucun,FAIBLE
22,55.2,157,22.38,0,0,1,1,1,A_NEG,aucun,FAIBLE
16,62.7,166,22.74,0,0,0,0,1,O_POS,aucun,FAIBLE
24,57.9,170,20.04,0,0,1,1,1,O_NEG,aucun,FAIBLE
26,53.3,158,21.35,0,0,1,1,1,O_NEG,aucun,FAIBLE
16,54.4,156,22.34,0,0,0,0,1,AB_POS,aucun,FAIBLE
18,54.5,168,19.3,0,0,0,0,1,O_POS,aucun,FAIBLE
15,50.7,162,19.32,0,0,1,0,1,B_NEG,aucun,FAIBLE
25,53.5,150,23.79,0,0,0,1,1,AB_POS,aucun,FAIBLE
20,70.0,175,22.85,0,0,0,1,1,O_POS,aucun,FAIBLE
28,56.4,164,20.98,0,0,0,2,1,A_POS,aucun,FAIBLE
17,65.3,181,19.94,0,0,1,0,1,AB_NEG,aucun,FAIBLE
15,77.0,176,24.86,0,0,1,0,1,O_NEG,aucun,FAIBLE
19,41.7,151,18.28,1,0,0,0,0,B_POS,diabete,FAIBLE
24,54.1,152,23.43,0,0,1,1,1,AB_NEG,aucun,FAIBLE
17,43.5,157,17.66,0,0,1,0,0,O_NEG,aucun,FAIBLE
22,46.0,159,18.19,0,0,0,1,0,O_POS,aucun,FAIBLE
19,68.9,172,23.29,0,1,0,0,1,A_POS,hypertension,FAIBLE
27,62.0,170,21.44,0,0,0,1,1,A_POS,aucun,FAIBLE
28,52.2,165,19.16,1,0,0,2,1,AB_POS,diabete,FAIBLE
29,61.1,159,24.18,0,0,0,2,1,O_POS,aucun,FAIBLE
16,52.0,155,21.65,0,0,1,0,1,A_NEG,aucun,FAIBLE
17,54.8,158,21.94,0,0,0,0,1,A_POS,aucun,FAIBLE
27,49.6,161,19.12,0,0,1,1,1,B_NEG,aucun,FAIBLE
17,60.1,168,21.31,0,0,0,0,1,B_POS,aucun,FAIBLE
24,59.8,171,20.45,0,0,1,1,1,O_NEG,aucun,FAIBLE
26,70.0,179,21.85,0,0,1,1,1,B_NEG,aucun,FAIBLE
21,46.4,162,17.68,1,0,0,1,0,A_POS,diabete,FAIBLE
26,64.6,162,24.62,0,0,1,1,1,A_NEG,aucun,FAIBLE
28,54.7,164,20.33,0,0,1,2,1,A_NEG,aucun,FAIBLE
17,59.5,163,22.38,0,0,0,0,1,O_POS,aucun,FAIBLE
19,66.1,175,21.58,0,0,1,0,1,O_NEG,aucun,FAIBLE
17,52.4,160,20.47,0,0,0,0,1,O_POS,aucun,FAIBLE
19,65.1,169,22.8,1,0,0,0,1,B_POS,diabete,FAIBLE
28,72.1,171,24.65,0,0,1,2,1,B_NEG,aucun,FAIBLE
24,64.7,173,21.61,0,0,1,1,1,A_NEG,aucun,FAIBLE
15,49.5,155,20.62,0,0,1,0,1,A_NEG,aucun,FAIBLE
19,45.9,155,19.09,0,0,1,0,1,B_NEG,aucun,FAIBLE
23,59.8,160,23.37,0,0,0,1,1,AB_POS,aucun,FAIBLE
16,62.5,165,22.95,0,0,1,0,1,AB_NEG,aucun,FAIBLE
26,64.7,173,21.6,0,0,1,1,1,A_NEG,aucun,FAIBLE
26,43.4,153,18.52,0,0,0,1,1,B_POS,aucun,FAIBLE
28,54.6,154,23.02,0,0,1,2,1,A_NEG,aucun,FAIBLE
25,52.4,154,22.1,0,0,0,1,1,B_POS,aucun,FAIBLE
22,42.6,155,17.74,0,0,1,1,0,B_NEG,aucun,FAIBLE
19,60.9,165,22.38,0,0,1,0,1,O_NEG,aucun,FAIBLE
29,57.6,180,17.77,0,0,0,2,0,O_POS,aucun,FAIBLE
16,46.9,153,20.03,0,0,1,0,1,A_NEG,aucun,FAIBLE
18,46.8,155,19.49,0,0,1,0,1,A_NEG,aucun,FAIBLE
15,60.5,165,22.24,1,0,0,0,1,AB_POS,diabete,FAIBLE
21,61.6,158,24.68,0,0,0,1,1,A_POS,aucun,FAIBLE
25,60.3,160,23.57,0,0,1,1,1,O_NEG,aucun,FAIBLE
18,45.8,156,18.84,0,0,1,0,1,A_NEG,aucun,FAIBLE
16,57.1,174,18.87,0,0,1,0,1,O_NEG,aucun,FAIBLE
29,59.9,167,21.48,0,0,0,2,1,O_POS,aucun,FAIBLE
26,56.7,176,18.29,0,0,0,1,0,AB_POS,aucun,FAIBLE
24,69.8,169,24.44,0,0,1,1,1,B_NEG,aucun,FAIBLE
23,52.2,153,22.29,0,0,1,1,1,O_NEG,aucun,FAIBLE
15,58.6,174,19.37,0,0,0,0,1,AB_POS,aucun,FAIBLE
27,53.2,158,21.3,0,0,1,1,1,AB_NEG,aucun,FAIBLE
26,60.3,174,19.92,1,0,0,1,1,B_POS,diabete,FAIBLE
28,47.4,158,18.98,0,0,1,2,1,B_NEG,aucun,FAIBLE
23,48.4,153,20.68,0,0,0,1,1,B_POS,aucun,FAIBLE
24,65.1,162,24.8,0,0,0,1,1,B_POS,aucun,FAIBLE
22,47.1,163,17.74,0,0,1,1,0,O_NEG,aucun,FAIBLE
24,53.7,154,22.66,0,0,1,1,1,B_NEG,aucun,FAIBLE
24,45.7,153,19.53,0,0,0,1,1,O_POS,aucun,FAIBLE
24,65.1,170,22.52,1,1,1,1,1,O_NEG,diabete_hypertension,FAIBLE
27,68.6,169,24.03,0,0,1,1,1,A_NEG,aucun,FAIBLE
15,47.9,165,17.59,0,0,0,0,0,O_POS,aucun,FAIBLE
15,59.0,154,24.87,0,0,0,0,1,AB_POS,aucun,FAIBLE
27,52.5,150,23.34,0,0,0,1,1,A_POS,aucun,FAIBLE
17,66.8,164,24.84,0,0,1,0,1,B_NEG,aucun,FAIBLE
29,60.5,161,23.35,0,0,0,2,1,AB_POS,aucun,FAIBLE
21,49.5,168,17.55,0,0,1,1,0,B_NEG,aucun,FAIBLE
20,54.9,175,17.91,0,0,0,1,0,O_POS,aucun,FAIBLE
29,57.5,155,23.93,0,0,1,2,1,A_NEG,aucun,FAIBLE
27,55.2,172,18.65,0,0,0,1,1,AB_POS,aucun,FAIBLE
23,56.4,155,23.46,0,0,1,1,1,AB_NEG,aucun,FAIBLE
19,53.1,163,19.98,1,0,0,0,1,O_POS,diabete,FAIBLE
22,50.2,160,19.62,0,0,1,1,1,A_NEG,aucun,FAIBLE
20,61.5,181,18.77,0,0,1,1,1,B_NEG,aucun,FAIBLE
23,63.5,177,20.25,0,0,0,1,1,A_POS,aucun,FAIBLE
28,65.0,166,23.58,0,0,1,2,1,AB_NEG,aucun,FAIBLE
19,48.7,165,17.91,0,0,1,0,0,O_NEG,aucun,FAIBLE
29,53.8,169,18.83,0,0,1,2,1,O_NEG,aucun,FAIBLE
27,47.0,161,18.12,0,0,1,1,0,A_NEG,aucun,FAIBLE
16,63.6,165,23.38,0,0,0,0,1,AB_POS,aucun,FAIBLE
23,72.4,175,23.65,0,0,0,1,1,AB_POS,aucun,FAIBLE
23,56.5,164,21.0,0,0,1,1,1,B_NEG,aucun,FAIBLE
23,66.8,181,20.4,1,0,1,1,1,A_NEG,diabete,FAIBLE
18,59.3,165,21.79,0,0,1,0,1,O_NEG,aucun,FAIBLE
15,49.6,165,18.22,0,0,0,0,0,B_POS,aucun,FAIBLE
24,44.4,151,19.45,0,0,1,1,1,B_NEG,aucun,FAIBLE
25,55.7,164,20.71,0,0,1,1,1,O_NEG,aucun,FAIBLE
15,52.7,157,21.36,0,0,0,0,1,A_POS,aucun,FAIBLE
17,56.6,165,20.79,0,0,0,0,1,O_POS,aucun,FAIBLE
29,55.2,153,23.59,0,1,0,2,1,A_POS,hypertension,FAIBLE
16,72.6,172,24.55,0,0,0,0,1,O_POS,aucun,FAIBLE
28,68.2,174,22.51,0,0,0,2,1,O_POS,aucun,FAIBLE
28,52.3,166,18.97,0,0,1,2,1,O_NEG,aucun,FAIBLE
18,51.5,162,19.64,0,0,0,0,1,O_POS,aucun,FAIBLE
18,70.9,171,24.26,0,0,1,0,1,A_NEG,aucun,FAIBLE
29,72.0,179,22.48,0,0,0,2,1,O_POS,aucun,FAIBLE
24,65.1,177,20.78,0,0,0,1,1,B_POS,aucun,FAIBLE
27,66.4,172,22.44,0,1,1,1,1,B_NEG,hypertension,FAIBLE
16,63.9,166,23.2,0,0,1,0,1,A_NEG,aucun,FAIBLE
20,67.9,177,21.68,0,0,0,1,1,AB_POS,aucun,FAIBLE
16,62.6,178,19.75,0,0,1,0,1,A_NEG,aucun,FAIBLE
25,76.1,176,24.58,0,0,0,1,1,O_POS,aucun,FAIBLE
21,59.9,169,20.98,0,0,1,1,1,A_NEG,aucun,FAIBLE
29,71.9,180,22.19,0,0,1,2,1,B_NEG,aucun,FAIBLE
21,65.0,177,20.75,0,0,0,1,1,A_POS,aucun,FAIBLE
17,68.9,181,21.05,0,0,0,0,1,O_POS,aucun,FAIBLE
28,50.7,156,20.83,1,0,1,2,1,AB_NEG,diabete,FAIBLE
29,76.7,178,24.21,0,0,0,2,1,A_POS,aucun,FAIBLE
22,74.2,174,24.51,0,0,0,1,1,AB_POS,aucun,FAIBLE
21,68.0,172,23.0,0,0,1,1,1,A_NEG,aucun,FAIBLE
28,65.1,176,21.03,0,0,0,2,1,O_POS,aucun,FAIBLE
20,55.7,166,20.23,0,0,1,1,1,B_NEG,aucun,FAIBLE
25,66.9,171,22.89,0,0,1,1,1,O_NEG,aucun,FAIBLE
16,56.6,160,22.12,0,0,1,0,1,O_NEG,aucun,FAIBLE
20,52.7,170,18.25,0,0,1,1,0,AB_NEG,aucun,FAIBLE
25,60.2,157,24.43,0,0,1,1,1,B_NEG,aucun,FAIBLE
16,57.7,176,18.63,0,0,0,0,1,A_POS,aucun,FAIBLE
26,58.8,176,19.0,0,0,1,1,1,O_NEG,aucun,FAIBLE
15,74.3,176,24.0,1,0,0,0,1,AB_POS,diabete,FAIBLE
24,59.7,177,19.04,0,0,0,1,1,AB_POS,aucun,FAIBLE
28,47.9,162,18.24,1,1,0,2,0,AB_POS,diabete_hypertension,FAIBLE
15,45.6,152,19.72,0,0,0,0,1,O_POS,aucun,FAIBLE
25,51.1,163,19.22,0,0,0,1,1,B_POS,aucun,FAIBLE
17,56.4,153,24.11,0,0,0,0,1,AB_POS,aucun,FAIBLE
19,60.7,172,20.53,0,0,1,0,1,O_NEG,aucun,FAIBLE
24,49.6,162,18.89,0,0,1,1,1,AB_NEG,aucun,FAIBLE
15,46.0,154,19.41,0,0,1,0,1,B_NEG,aucun,FAIBLE
16,56.0,157,22.7,0,0,0,0,1,AB_POS,aucun,FAIBLE
20,65.9,169,23.07,0,0,1,1,1,A_NEG,aucun,FAIBLE
21,70.1,168,24.83,0,0,1,1,1,A_NEG,aucun,FAIBLE
28,58.0,153,24.77,0,0,0,2,1,O_POS,aucun,FAIBLE
16,67.5,176,21.78,0,1,0,0,1,O_POS,hypertension,FAIBLE
24,58.9,165,21.62,0,0,0,1,1,O_POS,aucun,FAIBLE
29,54.7,163,20.58,0,0,1,2,1,AB_NEG,aucun,FAIBLE
16,66.0,169,23.1,0,0,0,0,1,A_POS,aucun,FAIBLE
21,57.3,169,20.08,0,0,1,1,1,B_NEG,aucun,FAIBLE
28,58.1,169,20.33,0,0,1,2,1,A_NEG,aucun,FAIBLE
15,53.7,166,19.49,0,1,1,0,1,A_NEG,hypertension,FAIBLE
16,61.0,157,24.76,0,0,0,0,1,A_POS,aucun,FAIBLE
18,58.6,171,20.02,0,0,0,0,1,O_POS,aucun,FAIBLE
17,42.7,151,18.74,0,0,0,0,1,A_POS,aucun,FAIBLE
28,52.3,172,17.68,0,0,0,2,0,A_POS,aucun,FAIBLE
21,50.3,166,18.26,1,0,1,1,0,AB_NEG,diabete,FAIBLE
19,43.3,157,17.58,0,0,1,0,0,A_NEG,aucun,FAIBLE
21,66.7,171,22.82,0,0,0,1,1,O_POS,aucun,FAIBLE
28,70.9,173,23.7,0,0,1,2,1,O_NEG,aucun,FAIBLE
26,81.4,181,24.85,0,0,1,1,1,O_NEG,aucun,FAIBLE
21,43.1,153,18.41,0,0,1,1,0,B_NEG,aucun,FAIBLE
28,66.8,173,22.3,0,0,1,2,1,O_NEG,aucun,FAIBLE
21,60.1,175,19.63,1,0,1,1,1,O_NEG,diabete,FAIBLE
26,58.1,162,22.12,0,0,1,1,1,AB_NEG,aucun,FAIBLE
16,73.8,176,23.83,0,0,1,0,1,B_NEG,aucun,FAIBLE
16,46.9,156,19.28,0,0,1,0,1,AB_NEG,aucun,FAIBLE
22,53.0,157,21.49,0,0,1,1,1,O_NEG,aucun,FAIBLE
17,50.9,166,18.47,0,0,0,0,0,B_POS,aucun,FAIBLE
21,58.6,167,21.01,0,0,1,1,1,O_NEG,aucun,FAIBLE
22,72.9,180,22.49,0,0,0,1,1,O_POS,aucun,FAIBLE
22,61.2,171,20.92,0,0,1,1,1,O_NEG,aucun,FAIBLE
23,50.6,162,19.29,0,0,0,1,1,O_POS,aucun,FAIBLE
29,63.0,167,22.6,0,0,0,2,1,B_POS,aucun,FAIBLE
22,51.4,151,22.53,0,0,0,1,1,O_POS,aucun,FAIBLE
15,58.6,156,24.09,0,0,0,0,1,O_POS,aucun,FAIBLE
17,64.5,164,23.97,0,0,0,0,1,O_POS,aucun,FAIBLE
27,49.3,167,17.66,0,0,0,1,0,A_POS,aucun,FAIBLE
22,54.8,169,19.18,0,0,0,1,1,B_POS,aucun,FAIBLE
19,64.8,170,22.44,0,0,0,0,1,O_POS,aucun,FAIBLE
17,48.1,160,18.77,0,0,1,0,1,B_NEG,aucun,FAIBLE
19,54.3,169,19.02,0,0,0,0,1,B_POS,aucun,FAIBLE
29,63.0,173,21.04,0,1,1,2,1,B_NEG,hypertension,FAIBLE
20,49.4,164,18.38,0,0,1,1,0,A_NEG,aucun,FAIBLE
28,67.1,172,22.68,0,0,0,2,1,AB_POS,aucun,FAIBLE
15,57.6,178,18.18,0,0,0,0,0,O_POS,aucun,FAIBLE
19,71.8,173,23.98,0,0,1,0,1,O_NEG,aucun,FAIBLE
27,51.8,151,22.73,0,0,0,1,1,B_POS,aucun,FAIBLE
15,52.6,161,20.31,0,0,0,0,1,AB_POS,aucun,FAIBLE
25,56.5,164,21.01,0,1,1,1,1,AB_NEG,hypertension,FAIBLE
26,56.6,168,20.07,0,0,1,1,1,O_NEG,aucun,FAIBLE
25,52.4,156,21.54,0,0,0,1,1,AB_POS,aucun,FAIBLE
25,53.5,153,22.87,0,1,0,1,1,A_POS,hypertension,FAIBLE
18,59.0,159,23.33,0,0,0,0,1,AB_POS,aucun,FAIBLE
16,55.5,167,19.89,0,0,1,0,1,O_NEG,aucun,FAIBLE
24,55.7,151,24.42,0,0,1,1,1,A_NEG,aucun,FAIBLE
28,55.2,171,18.86,0,0,0,2,1,O_POS,aucun,FAIBLE
18,59.1,162,22.53,0,0,0,0,1,A_POS,aucun,FAIBLE
25,43.6,155,18.15,0,0,1,1,0,B_NEG,aucun,FAIBLE
23,60.6,175,19.8,0,0,1,1,1,AB_NEG,aucun,FAIBLE
25,58.8,159,23.27,0,0,1,1,1,A_NEG,aucun,FAIBLE
25,66.0,177,21.05,0,0,1,1,1,B_NEG,aucun,FAIBLE
19,52.7,150,23.42,0,0,1,0,1,O_NEG,aucun,FAIBLE
29,72.0,172,24.35,0,0,1,2,1,B_NEG,aucun,FAIBLE
15,69.0,174,22.78,0,0,1,0,1,AB_NEG,aucun,FAIBLE
28,49.3,163,18.56,0,0,0,2,1,B_POS,aucun,FAIBLE
25,57.1,162,21.77,0,0,1,1,1,AB_NEG,aucun,FAIBLE
17,70.9,172,23.97,0,0,1,0,1,B_NEG,aucun,FAIBLE
20,55.9,156,22.96,0,0,0,1,1,B_POS,aucun,FAIBLE
17,79.7,179,24.88,0,0,1,0,1,A_NEG,aucun,FAIBLE
23,49.8,167,17.84,1,0,0,1,0,O_POS,diabete,FAIBLE
24,64.1,161,24.73,1,0,0,1,1,A_POS,diabete,FAIBLE
15,65.7,170,22.75,0,0,0,0,1,B_POS,aucun,FAIBLE
22,46.9,161,18.09,0,0,0,1,0,A_POS,aucun,FAIBLE
20,56.0,170,19.37,0,0,1,1,1,AB_NEG,aucun,FAIBLE
20,75.7,175,24.71,0,0,1,1,1,A_NEG,aucun,FAIBLE
23,58.0,164,21.58,0,0,1,1,1,A_NEG,aucun,FAIBLE
24,47.7,162,18.16,0,0,1,1,0,A_NEG,aucun,FAIBLE
26,65.3,164,24.29,0,0,1,1,1,AB_NEG,aucun,FAIBLE
18,70.6,172,23.86,0,0,1,0,1,AB_NEG,aucun,FAIBLE
23,66.9,179,20.87,1,0,1,1,1,B_NEG,diabete,FAIBLE
16,57.5,165,21.11,0,0,1,0,1,A_NEG,aucun,FAIBLE
29,48.9,151,21.43,0,0,0,2,1,A_POS,aucun,FAIBLE
25,62.6,163,23.58,0,0,1,1,1,B_NEG,aucun,FAIBLE
19,53.6,155,22.33,0,0,1,0,1,O_NEG,aucun,FAIBLE
18,58.4,156,24.01,0,0,1,0,1,O_NEG,aucun,FAIBLE
17,50.1,157,20.33,0,0,1,0,1,AB_NEG,aucun,FAIBLE
23,63.3,177,20.21,0,0,1,1,1,AB_NEG,aucun,FAIBLE
19,77.3,177,24.68,0,0,1,0,1,AB_NEG,aucun,FAIBLE
29,64.5,161,24.88,0,0,0,2,1,O_POS,aucun,FAIBLE
16,61.1,178,19.3,0,0,0,0,1,B_POS,aucun,FAIBLE
15,52.5,152,22.74,0,0,1,0,1,O_NEG,aucun,FAIBLE
25,51.0,170,17.64,0,0,1,1,0,O_NEG,aucun,FAIBLE
19,69.1,170,23.93,0,0,1,0,1,O_NEG,aucun,FAIBLE
21,58.6,158,23.49,0,0,0,1,1,AB_POS,aucun,FAIBLE
18,52.5,151,23.02,0,0,0,0,1,A_POS,aucun,FAIBLE
22,66.2,173,22.13,0,0,1,1,1,O_NEG,aucun,FAIBLE
26,56.5,174,18.68,0,0,0,1,1,B_POS,aucun,FAIBLE
25,76.3,180,23.55,0,0,1,1,1,B_NEG,aucun,FAIBLE
16,45.9,157,18.64,0,0,0,0,1,O_POS,aucun,FAIBLE
27,47.3,162,18.04,1,0,1,1,0,B_NEG,diabete,FAIBLE
18,59.5,162,22.66,0,0,1,0,1,A_NEG,aucun,FAIBLE
18,66.5,176,21.47,0,0,0,0,1,O_POS,aucun,FAIBLE
18,50.4,159,19.92,0,0,0,0,1,A_POS,aucun,FAIBLE
27,65.8,169,23.03,0,0,0,1,1,O_POS,aucun,FAIBLE
19,43.6,153,18.63,1,1,0,0,1,AB_POS,diabete_hypertension,FAIBLE
28,63.6,160,24.83,0,0,1,2,1,AB_NEG,aucun,FAIBLE
22,65.7,176,21.21,0,0,0,1,1,B_POS,aucun,FAIBLE
27,66.4,165,24.39,0,0,0,1,1,B_POS,aucun,FAIBLE
16,58.3,173,19.47,0,0,0,0,1,B_POS,aucun,FAIBLE
23,73.3,173,24.49,1,1,0,1,1,O_POS,diabete_hypertension,FAIBLE
16,63.6,161,24.55,0,0,0,0,1,AB_POS,aucun,FAIBLE
24,62.9,179,19.64,0,0,1,1,1,AB_NEG,aucun,FAIBLE
27,42.4,155,17.65,0,0,0,1,0,A_POS,aucun,FAIBLE
19,46.9,163,17.65,1,0,1,0,0,O_NEG,diabete,FAIBLE
20,46.7,152,20.23,0,0,0,1,1,O_POS,aucun,FAIBLE
21,60.3,168,21.38,0,0,1,1,1,A_NEG,aucun,FAIBLE
28,67.5,173,22.55,0,0,1,2,1,AB_NEG,aucun,FAIBLE
25,60.3,175,19.68,0,0,1,1,1,B_NEG,aucun,FAIBLE
18,58.6,174,19.36,0,0,0,0,1,B_POS,aucun,FAIBLE
21,46.4,160,18.11,0,0,0,1,0,A_POS,aucun,FAIBLE
24,60.2,157,24.43,0,0,1,1,1,A_NEG,aucun,FAIBLE
16,44.7,159,17.69,0,0,0,0,0,A_POS,aucun,FAIBLE
19,50.9,152,22.03,0,0,0,0,1,O_POS,aucun,FAIBLE
16,54.9,162,20.92,0,0,0,0,1,O_POS,aucun,FAIBLE
15,41.4,153,17.69,0,0,0,0,0,A_POS,aucun,FAIBLE
29,72.6,177,23.17,0,0,0,2,1,AB_POS,aucun,FAIBLE
21,65.8,170,22.78,0,0,1,1,1,O_NEG,aucun,FAIBLE
23,57.4,175,18.74,0,0,0,1,1,AB_POS,aucun,FAIBLE
21,47.6,150,21.16,0,0,1,1,1,O_NEG,aucun,FAIBLE
20,60.0,177,19.16,0,0,1,1,1,B_NEG,aucun,FAIBLE
20,74.2,176,23.96,0,0,0,1,1,B_POS,aucun,FAIBLE
28,66.7,167,23.9,0,0,1,2,1,AB_NEG,aucun,FAIBLE
19,56.8,179,17.73,0,0,0,0,0,AB_POS,aucun,FAIBLE
22,55.0,164,20.45,0,0,0,1,1,AB_POS,aucun,FAIBLE
26,57.6,170,19.95,0,1,0,1,1,B_POS,hypertension,FAIBLE
21,55.9,154,23.56,0,0,1,1,1,B_NEG,aucun,FAIBLE
18,63.9,166,23.18,0,0,0,0,1,A_POS,aucun,FAIBLE
29,71.6,180,22.11,0,0,0,2,1,A_POS,aucun,FAIBLE
27,61.3,172,20.72,0,0,1,1,1,B_NEG,aucun,FAIBLE
21,69.1,176,22.31,0,0,1,1,1,B_NEG,aucun,FAIBLE
25,63.4,163,23.85,0,0,1,1,1,B_NEG,aucun,FAIBLE
16,50.2,169,17.57,0,0,0,0,0,O_POS,aucun,FAIBLE
20,52.2,171,17.84,0,0,0,1,0,A_POS,aucun,FAIBLE
29,54.9,164,20.4,0,0,1,2,1,AB_NEG,aucun,FAIBLE
16,72.8,175,23.76,0,0,1,0,1,AB_NEG,aucun,FAIBLE
18,56.4,170,19.51,0,1,0,0,1,B_POS,hypertension,FAIBLE
28,47.8,161,18.44,0,0,1,2,0,B_NEG,aucun,FAIBLE
26,58.7,156,24.12,0,0,1,1,1,A_NEG,aucun,FAIBLE
27,47.1,154,19.88,0,0,0,1,1,A_POS,aucun,FAIBLE
17,75.2,177,24.0,0,0,1,0,1,AB_NEG,aucun,FAIBLE
17,48.7,154,20.53,0,0,0,0,1,A_POS,aucun,FAIBLE
27,61.9,176,19.98,0,0,1,1,1,AB_NEG,aucun,FAIBLE
16,64.3,175,21.01,0,0,0,0,1,AB_POS,aucun,FAIBLE
23,64.0,179,19.98,0,0,1,1,1,A_NEG,aucun,FAIBLE
16,57.1,160,22.3,0,0,1,0,1,AB_NEG,aucun,FAIBLE
28,61.1,165,22.43,0,0,0,2,1,O_POS,aucun,FAIBLE
25,50.1,158,20.08,0,0,0,1,1,B_POS,aucun,FAIBLE
23,57.1,173,19.07,0,0,1,1,1,B_NEG,aucun,FAIBLE
23,46.5,152,20.15,0,0,0,1,1,O_POS,aucun,FAIBLE
22,48.1,165,17.68,0,0,0,1,0,O_POS,aucun,FAIBLE
20,52.4,171,17.91,0,0,1,1,0,B_NEG,aucun,FAIBLE
28,61.8,164,22.99,0,0,0,2,1,AB_POS,aucun,FAIBLE
16,77.9,181,23.77,0,0,0,0,1,A_POS,aucun,FAIBLE
25,74.7,180,23.06,0,0,0,1,1,O_POS,aucun,FAIBLE
16,66.8,178,21.09,1,0,0,0,1,A_POS,diabete,FAIBLE
26,52.8,171,18.05,0,0,0,1,0,A_POS,aucun,FAIBLE
23,69.1,167,24.78,1,0,0,1,1,B_POS,diabete,FAIBLE
25,60.0,159,23.75,0,0,0,1,1,O_POS,aucun,FAIBLE
29,53.8,169,18.84,0,0,0,2,1,O_POS,aucun,FAIBLE
24,68.7,178,21.68,0,0,1,1,1,A_NEG,aucun,FAIBLE
15,61.5,170,21.29,0,0,1,0,1,O_NEG,aucun,FAIBLE
23,42.6,156,17.53,0,0,1,1,0,O_NEG,aucun,FAIBLE
20,61.9,172,20.92,0,0,0,1,1,A_POS,aucun,FAIBLE
27,51.9,166,18.84,0,0,0,1,1,B_POS,aucun,FAIBLE
26,64.1,168,22.72,0,0,1,1,1,B_NEG,aucun,FAIBLE
21,50.5,155,21.02,0,0,0,1,1,B_POS,aucun,FAIBLE
22,71.2,171,24.34,0,0,1,1,1,O_NEG,aucun,FAIBLE
28,44.4,157,18.03,0,0,1,2,0,A_NEG,aucun,FAIBLE
26,52.0,171,17.79,0,1,1,1,0,A_NEG,hypertension,FAIBLE
28,65.4,165,24.03,0,0,0,2,1,AB_POS,aucun,FAIBLE
26,67.7,172,22.88,0,0,0,1,1,A_POS,aucun,FAIBLE
18,49.8,167,17.87,0,1,0,0,0,A_POS,hypertension,FAIBLE
28,56.1,154,23.66,0,0,1,2,1,AB_NEG,aucun,FAIBLE
15,50.0,165,18.36,0,0,0,0,0,O_POS,aucun,FAIBLE
23,44.5,155,18.51,0,1,0,1,1,A_POS,hypertension,FAIBLE
28,52.1,163,19.61,0,0,1,2,1,B_NEG,aucun,FAIBLE
29,80.4,181,24.53,0,0,1,2,1,A_NEG,aucun,FAIBLE
27,68.7,169,24.07,0,0,0,1,1,B_POS,aucun,FAIBLE
27,71.8,177,22.91,0,0,0,1,1,A_POS,aucun,FAIBLE
18,49.1,156,20.19,0,0,0,0,1,AB_POS,aucun,FAIBLE
21,59.9,160,23.41,0,0,0,1,1,A_POS,aucun,FAIBLE
22,47.5,160,18.57,0,0,0,1,1,A_POS,aucun,FAIBLE
28,72.0,176,23.25,0,0,1,2,1,A_NEG,aucun,FAIBLE
22,70.8,178,22.36,0,0,1,1,1,AB_NEG,aucun,FAIBLE
21,56.7,165,20.84,0,0,0,1,1,A_POS,aucun,FAIBLE
24,65.1,181,19.88,0,0,1,1,1,B_NEG,aucun,FAIBLE
15,61.4,166,22.28,0,0,0,0,1,AB_POS,aucun,FAIBLE
17,51.5,170,17.83,0,0,1,0,0,AB_NEG,aucun,FAIBLE
19,56.7,158,22.72,0,0,0,0,1,AB_POS,aucun,FAIBLE
26,54.2,156,22.28,0,0,0,1,1,AB_POS,aucun,FAIBLE
24,50.0,151,21.92,0,0,0,1,1,A_POS,aucun,FAIBLE
19,41.5,154,17.52,0,0,0,0,0,B_POS,aucun,FAIBLE
20,53.1,164,19.73,0,0,1,1,1,O_NEG,aucun,FAIBLE
26,53.5,159,21.15,0,0,1,1,1,A_NEG,aucun,FAIBLE
17,56.7,158,22.73,0,0,0,0,1,A_POS,aucun,FAIBLE
24,51.1,163,19.22,0,0,0,1,1,B_POS,aucun,FAIBLE
20,73.9,178,23.32,0,0,0,1,1,AB_POS,aucun,FAIBLE
22,57.5,160,22.47,0,0,1,1,1,A_NEG,aucun,FAIBLE
28,58.7,171,20.08,0,0,1,2,1,AB_NEG,aucun,FAIBLE
20,62.9,175,20.54,0,0,1,1,1,O_NEG,aucun,FAIBLE
24,66.7,164,24.8,0,0,1,1,1,A_NEG,aucun,FAIBLE
17,51.1,161,19.73,0,0,0,0,1,B_POS,aucun,FAIBLE
19,59.2,160,23.11,0,0,0,0,1,B_POS,aucun,FAIBLE
19,71.7,171,24.52,0,0,1,0,1,O_NEG,aucun,FAIBLE
27,54.9,170,18.99,0,0,1,1,1,B_NEG,aucun,FAIBLE
18,57.2,167,20.52,0,0,1,0,1,B_NEG,aucun,FAIBLE
24,51.1,155,21.25,1,0,0,1,1,A_POS,diabete,FAIBLE
23,51.4,155,21.38,0,0,1,1,1,AB_NEG,aucun,FAIBLE
29,56.9,152,24.62,0,0,1,2,1,A_NEG,aucun,FAIBLE
28,54.3,158,21.75,0,0,1,2,1,AB_NEG,aucun,FAIBLE
29,50.8,169,17.78,0,0,1,2,0,O_NEG,aucun,FAIBLE
24,54.2,166,19.66,0,0,1,1,1,AB_NEG,aucun,FAIBLE
21,58.6,156,24.08,0,1,1,1,1,A_NEG,hypertension,FAIBLE
29,59.0,167,21.15,0,0,1,2,1,AB_NEG,aucun,FAIBLE
22,46.4,154,19.58,0,0,0,1,1,B_POS,aucun,FAIBLE
20,69.7,181,21.28,0,0,0,1,1,B_POS,aucun,FAIBLE
16,59.9,173,20.01,0,0,0,0,1,A_POS,aucun,FAIBLE
24,73.8,177,23.54,0,0,1,1,1,A_NEG,aucun,FAIBLE
27,70.1,181,21.39,0,0,1,1,1,O_NEG,aucun,FAIBLE
16,67.8,165,24.9,0,0,0,0,1,O_POS,aucun,FAIBLE
24,46.8,154,19.75,0,0,0,1,1,B_POS,aucun,FAIBLE
17,59.1,155,24.62,0,0,0,0,1,AB_POS,aucun,FAIBLE
27,47.1,152,20.37,0,0,1,1,1,O_NEG,aucun,FAIBLE
17,59.9,161,23.09,0,0,1,0,1,O_NEG,aucun,FAIBLE
16,47.5,162,18.09,0,0,0,0,0,AB_POS,aucun,FAIBLE
16,76.1,179,23.74,0,0,1,0,1,O_NEG,aucun,FAIBLE
15,44.9,158,17.99,0,0,1,0,0,O_NEG,aucun,FAIBLE
21,70.9,174,23.42,0,0,0,1,1,O_POS,aucun,FAIBLE
21,63.9,169,22.36,0,0,1,1,1,AB_NEG,aucun,FAIBLE
23,57.8,161,22.29,0,0,0,1,1,AB_POS,aucun,FAIBLE
25,51.9,172,17.54,0,0,1,1,0,AB_NEG,aucun,FAIBLE
23,62.8,180,19.38,0,0,0,1,1,B_POS,aucun,FAIBLE
16,53.5,159,21.16,0,0,1,0,1,A_NEG,aucun,FAIBLE
29,67.2,165,24.69,0,0,1,2,1,AB_NEG,aucun,FAIBLE
26,62.8,165,23.05,0,0,0,1,1,A_POS,aucun,FAIBLE
21,59.3,159,23.46,0,0,0,1,1,B_POS,aucun,FAIBLE
27,57.8,169,20.25,0,0,1,1,1,O_NEG,aucun,FAIBLE
27,43.6,156,17.91,0,0,1,1,0,AB_NEG,aucun,FAIBLE
24,41.3,153,17.65,0,0,1,1,0,A_NEG,aucun,FAIBLE
23,63.1,160,24.65,0,0,0,1,1,B_POS,aucun,FAIBLE
17,45.9,160,17.93,1,0,0,0,0,B_POS,diabete,FAIBLE
25,51.4,160,20.09,0,0,1,1,1,AB_NEG,aucun,FAIBLE
23,51.7,169,18.1,1,0,0,1,0,B_POS,diabete,FAIBLE
15,57.9,176,18.7,0,0,1,0,1,A_NEG,aucun,FAIBLE
18,45.2,151,19.83,0,0,0,0,1,B_POS,aucun,FAIBLE
16,78.9,180,24.35,0,0,1,0,1,AB_NEG,aucun,FAIBLE
24,60.7,167,21.77,0,0,0,1,1,O_POS,aucun,FAIBLE
20,60.3,172,20.38,0,0,0,1,1,B_POS,aucun,FAIBLE
22,53.8,153,22.98,0,0,1,1,1,O_NEG,aucun,FAIBLE
25,56.7,169,19.85,0,0,1,1,1,AB_NEG,aucun,FAIBLE
20,70.1,179,21.88,0,0,1,1,1,O_NEG,aucun,FAIBLE
24,72.4,179,22.61,0,0,1,1,1,O_NEG,aucun,FAIBLE
25,73.3,175,23.94,0,0,0,1,1,AB_POS,aucun,FAIBLE
17,70.0,176,22.6,0,0,0,0,1,O_POS,aucun,FAIBLE
23,49.1,156,20.16,0,0,0,1,1,O_POS,aucun,FAIBLE
19,68.0,168,24.09,0,0,0,0,1,B_POS,aucun,FAIBLE
26,60.3,166,21.88,0,0,0,1,1,O_POS,aucun,FAIBLE
25,49.9,164,18.54,0,0,0,1,1,O_POS,aucun,FAIBLE
17,56.2,167,20.14,0,0,1,0,1,B_NEG,aucun,FAIBLE
20,57.0,167,20.42,0,0,0,1,1,O_POS,aucun,FAIBLE
21,72.0,179,22.46,0,0,1,1,1,O_NEG,aucun,FAIBLE
27,64.9,164,24.13,0,0,0,1,1,O_POS,aucun,FAIBLE
18,58.1,166,21.09,0,0,0,0,1,AB_POS,aucun,FAIBLE
18,47.1,150,20.95,0,0,0,0,1,A_POS,aucun,FAIBLE
17,50.6,161,19.52,0,0,0,0,1,O_POS,aucun,FAIBLE
24,47.0,161,18.13,1,0,0,1,0,AB_POS,diabete,FAIBLE
20,62.1,179,19.38,0,0,1,1,1,B_NEG,aucun,FAIBLE
20,74.5,176,24.07,1,0,1,1,1,O_NEG,diabete,FAIBLE
22,50.5,158,20.23,0,0,0,1,1,A_POS,aucun,FAIBLE
19,52.2,150,23.22,0,0,1,0,1,O_NEG,aucun,FAIBLE
16,48.5,162,18.49,0,0,0,0,0,A_POS,aucun,FAIBLE
29,61.4,175,20.06,0,0,1,2,1,B_NEG,aucun,FAIBLE
22,48.0,154,20.25,0,0,0,1,1,A_POS,aucun,FAIBLE
15,74.8,177,23.87,0,0,1,0,1,AB_NEG,aucun,FAIBLE
29,53.4,167,19.14,0,0,0,2,1,AB_POS,aucun,FAIBLE
20,48.9,151,21.44,0,0,1,1,1,O_NEG,aucun,FAIBLE
26,69.5,168,24.63,0,0,1,1,1,A_NEG,aucun,FAIBLE
18,46.8,151,20.52,0,0,0,0,1,A_POS,aucun,FAIBLE
27,55.6,176,17.95,0,0,0,1,0,B_POS,aucun,FAIBLE
28,66.1,173,22.07,0,0,0,2,1,O_POS,aucun,FAIBLE
19,57.2,157,23.19,0,0,0,0,1,B_POS,aucun,FAIBLE
22,67.7,166,24.55,0,0,0,1,1,A_POS,aucun,FAIBLE
28,50.7,163,19.06,0,0,0,2,1,O_POS,aucun,FAIBLE
18,62.7,163,23.61,0,0,1,0,1,AB_NEG,aucun,FAIBLE
18,47.9,163,18.03,0,0,1,0,0,O_NEG,aucun,FAIBLE
23,74.3,180,22.93,0,0,0,1,1,O_POS,aucun,FAIBLE
25,40.8,152,17.68,0,0,1,1,0,A_NEG,aucun,FAIBLE
25,60.3,159,23.87,0,0,0,1,1,B_POS,aucun,FAIBLE
23,62.2,161,23.99,0,0,1,1,1,B_NEG,aucun,FAIBLE
27,43.5,154,18.35,0,0,0,1,0,AB_POS,aucun,FAIBLE
17,64.1,170,22.19,0,0,0,0,1,AB_POS,aucun,FAIBLE
19,53.5,155,22.26,0,0,1,0,1,B_NEG,aucun,FAIBLE
20,52.3,150,23.24,0,0,1,1,1,O_NEG,aucun,FAIBLE
24,78.4,179,24.46,0,0,0,1,1,O_POS,aucun,FAIBLE
16,74.0,175,24.16,0,0,1,0,1,O_NEG,aucun,FAIBLE
21,56.3,175,18.4,0,0,1,1,0,B_NEG,aucun,FAIBLE
28,52.4,154,22.09,0,0,0,2,1,A_POS,aucun,FAIBLE
26,67.4,168,23.88,0,0,0,1,1,O_POS,aucun,FAIBLE
18,51.8,160,20.22,0,0,1,0,1,A_NEG,aucun,FAIBLE
29,58.1,154,24.48,0,0,0,2,1,AB_POS,aucun,FAIBLE
18,49.7,166,18.03,0,0,0,0,0,O_POS,aucun,FAIBLE
26,53.5,152,23.14,0,0,1,1,1,O_NEG,aucun,FAIBLE
28,62.1,180,19.17,0,0,0,2,1,B_POS,aucun,FAIBLE
24,59.5,164,22.11,1,0,0,1,1,O_POS,diabete,FAIBLE
24,65.0,163,24.46,0,0,1,1,1,B_NEG,aucun,FAIBLE
25,57.1,171,19.53,0,0,0,1,1,A_POS,aucun,FAIBLE
17,78.4,180,24.2,0,0,0,0,1,AB_POS,aucun,FAIBLE
24,49.1,157,19.91,0,0,0,1,1,B_POS,aucun,FAIBLE
28,60.0,175,19.6,0,0,0,2,1,A_POS,aucun,FAIBLE
28,52.1,161,20.1,0,0,1,2,1,B_NEG,aucun,FAIBLE
15,61.0,177,19.46,0,0,1,0,1,B_NEG,aucun,FAIBLE
19,55.0,167,19.73,0,0,1,0,1,A_NEG,aucun,FAIBLE
27,52.1,154,21.99,0,1,1,1,1,AB_NEG,hypertension,FAIBLE
19,67.2,180,20.74,0,0,1,0,1,O_NEG,aucun,FAIBLE
29,63.7,177,20.34,0,0,0,2,1,AB_POS,aucun,FAIBLE
16,44.5,151,19.54,0,0,1,0,1,O_NEG,aucun,FAIBLE
25,57.0,166,20.7,0,0,0,1,1,AB_POS,aucun,FAIBLE
28,63.6,180,19.62,0,0,0,2,1,AB_POS,aucun,FAIBLE
24,71.8,172,24.27,0,0,1,1,1,O_NEG,aucun,FAIBLE
24,62.3,162,23.73,0,0,1,1,1,AB_NEG,aucun,FAIBLE
29,76.6,181,23.39,0,0,0,2,1,A_POS,aucun,FAIBLE
27,67.0,176,21.63,0,0,0,1,1,B_POS,aucun,FAIBLE
29,78.6,181,23.98,0,0,1,2,1,A_NEG,aucun,FAIBLE
20,49.0,152,21.21,0,0,0,1,1,A_POS,aucun,FAIBLE
17,59.2,177,18.89,0,0,0,0,1,AB_POS,aucun,FAIBLE
19,58.0,170,20.08,0,0,1,0,1,AB_NEG,aucun,FAIBLE
15,58.4,160,22.81,0,0,0,0,1,AB_POS,aucun,FAIBLE
21,58.8,156,24.16,0,0,0,1,1,AB_POS,aucun,FAIBLE
25,61.9,174,20.46,0,0,1,1,1,AB_NEG,aucun,FAIBLE
15,62.2,168,22.03,0,0,0,0,1,O_POS,aucun,FAIBLE
18,56.3,172,19.04,0,0,0,0,1,AB_POS,aucun,FAIBLE
20,53.0,165,19.46,0,0,0,1,1,O_POS,aucun,FAIBLE
26,44.6,156,18.34,0,0,0,1,0,O_POS,aucun,FAIBLE
27,52.7,172,17.83,0,0,1,1,0,B_NEG,aucun,FAIBLE
28,54.2,167,19.44,0,0,0,2,1,B_POS,aucun,FAIBLE
20,76.1,178,24.01,0,0,1,1,1,A_NEG,aucun,FAIBLE
18,49.8,167,17.85,0,0,1,0,0,B_NEG,aucun,FAIBLE
20,57.4,170,19.85,0,0,1,1,1,O_NEG,aucun,FAIBLE
16,57.3,172,19.38,0,0,0,0,1,O_POS,aucun,FAIBLE
15,54.6,156,22.42,0,0,0,0,1,A_POS,aucun,FAIBLE
28,58.3,181,17.79,0,0,1,2,0,O_NEG,aucun,FAIBLE
28,56.2,169,19.69,0,0,0,2,1,A_POS,aucun,FAIBLE
29,47.8,163,18.0,0,0,1,2,0,O_NEG,aucun,FAIBLE
19,48.8,165,17.93,1,0,0,0,0,B_POS,diabete,FAIBLE
16,50.7,152,21.96,0,0,0,0,1,O_POS,aucun,FAIBLE
25,64.0,166,23.21,0,0,0,1,1,A_POS,aucun,FAIBLE
27,58.5,181,17.85,0,0,0,1,0,A_POS,aucun,FAIBLE
17,55.0,172,18.6,0,0,0,0,1,A_POS,aucun,FAIBLE
28,56.9,155,23.67,0,0,1,2,1,AB_NEG,aucun,FAIBLE
18,63.4,178,20.01,0,0,1,0,1,B_NEG,aucun,FAIBLE
22,42.9,151,18.82,0,0,0,1,1,O_POS,aucun,FAIBLE
24,47.4,159,18.76,0,0,1,1,1,AB_NEG,aucun,FAIBLE
25,60.4,169,21.15,1,0,0,1,1,B_POS,diabete,FAIBLE
28,47.0,158,18.81,0,0,1,2,1,AB_NEG,aucun,FAIBLE
24,67.9,166,24.64,0,0,0,1,1,O_POS,aucun,FAIBLE
22,57.9,177,18.49,0,0,0,1,0,O_POS,aucun,FAIBLE
21,53.4,164,19.87,0,0,1,1,1,A_NEG,aucun,FAIBLE
16,54.1,153,23.11,0,0,1,0,1,AB_NEG,aucun,FAIBLE
17,48.8,164,18.15,0,1,1,0,0,AB_NEG,hypertension,FAIBLE
19,67.0,166,24.32,0,0,1,0,1,A_NEG,aucun,FAIBLE
24,52.4,159,20.71,1,0,1,1,1,B_NEG,diabete,FAIBLE
15,61.1,163,23.01,0,0,0,0,1,AB_POS,aucun,FAIBLE
16,52.7,161,20.34,0,0,0,0,1,B_POS,aucun,FAIBLE
16,66.1,171,22.6,0,0,0,0,1,AB_POS,aucun,FAIBLE
27,51.3,153,21.93,0,1,1,1,1,AB_NEG,hypertension,FAIBLE
29,40.1,151,17.58,0,0,1,2,0,B_NEG,aucun,FAIBLE
27,65.9,178,20.79,0,0,0,1,1,O_POS,aucun,FAIBLE
29,69.2,175,22.59,0,0,1,2,1,B_NEG,aucun,FAIBLE
22,74.7,174,24.68,0,0,1,1,1,O_NEG,aucun,FAIBLE
20,73.5,176,23.71,0,0,0,1,1,AB_POS,aucun,FAIBLE
21,77.2,179,24.09,0,0,0,1,1,A_POS,aucun,FAIBLE
28,63.0,175,20.58,0,0,1,2,1,O_NEG,aucun,FAIBLE
15,50.0,166,18.15,1,0,0,0,0,B_POS,diabete,FAIBLE
25,53.4,152,23.11,0,0,0,1,1,AB_POS,aucun,FAIBLE
19,49.0,159,19.4,0,0,0,0,1,B_POS,aucun,FAIBLE
16,64.0,178,20.2,0,0,0,0,1,A_POS,aucun,FAIBLE
25,47.4,153,20.24,0,0,1,1,1,AB_NEG,aucun,FAIBLE
18,61.8,158,24.75,0,1,1,0,1,A_NEG,hypertension,FAIBLE
15,70.4,171,24.06,1,0,0,0,1,O_POS,diabete,FAIBLE
18,68.2,171,23.31,0,0,0,0,1,B_POS,aucun,FAIBLE
19,56.1,151,24.6,0,0,0,0,1,A_POS,aucun,FAIBLE
22,55.8,152,24.13,0,0,0,1,1,A_POS,aucun,FAIBLE
29,74.8,178,23.62,0,0,1,2,1,A_NEG,aucun,FAIBLE
21,51.1,158,20.46,0,0,1,1,1,O_NEG,aucun,FAIBLE
18,61.9,177,19.77,0,0,1,0,1,A_NEG,aucun,FAIBLE
15,61.7,169,21.62,0,0,1,0,1,O_NEG,aucun,FAIBLE
23,70.4,177,22.47,0,0,0,1,1,A_POS,aucun,FAIBLE
27,65.9,172,22.27,0,0,1,1,1,AB_NEG,aucun,FAIBLE
24,54.5,169,19.09,0,0,0,1,1,AB_POS,aucun,FAIBLE
26,50.3,162,19.15,0,0,1,1,1,O_NEG,aucun,FAIBLE
21,62.1,177,19.83,0,0,1,1,1,B_NEG,aucun,FAIBLE
18,60.9,177,19.45,0,0,0,0,1,AB_POS,aucun,FAIBLE
29,47.9,153,20.48,0,0,1,2,1,B_NEG,aucun,FAIBLE
28,64.2,162,24.48,1,0,1,2,1,A_NEG,diabete,FAIBLE
21,62.3,174,20.58,0,0,1,1,1,O_NEG,aucun,FAIBLE
23,63.9,161,24.64,0,0,0,1,1,B_POS,aucun,FAIBLE
28,72.8,171,24.9,1,1,0,2,1,A_POS,diabete_hypertension,FAIBLE
18,66.7,177,21.3,0,0,0,0,1,O_POS,aucun,FAIBLE
24,65.2,163,24.52,0,0,1,1,1,A_NEG,aucun,FAIBLE
21,52.7,172,17.81,1,0,1,1,0,A_NEG,diabete,FAIBLE
21,57.7,168,20.44,0,0,1,1,1,AB_NEG,aucun,FAIBLE
21,45.1,156,18.54,1,0,0,1,1,O_POS,diabete,FAIBLE
24,53.2,153,22.74,0,0,1,1,1,O_NEG,aucun,FAIBLE
16,60.6,167,21.72,0,0,1,0,1,A_NEG,aucun,FAIBLE
25,65.1,173,21.77,0,0,1,1,1,O_NEG,aucun,FAIBLE
26,45.8,159,18.12,0,0,1,1,0,O_NEG,aucun,FAIBLE
27,62.8,181,19.16,1,0,1,1,1,A_NEG,diabete,FAIBLE
16,53.3,156,21.9,0,0,1,0,1,O_NEG,aucun,FAIBLE
23,42.7,153,18.25,0,0,1,1,0,A_NEG,aucun,FAIBLE
15,58.9,169,20.64,0,0,1,0,1,O_NEG,aucun,FAIBLE
18,57.4,155,23.9,0,0,0,0,1,O_POS,aucun,FAIBLE
21,58.7,158,23.51,0,0,1,1,1,AB_NEG,aucun,FAIBLE
23,51.5,164,19.15,0,0,0,1,1,O_POS,aucun,FAIBLE
22,77.9,181,23.78,0,0,0,1,1,A_POS,aucun,FAIBLE
27,55.5,175,18.13,0,0,1,1,0,AB_NEG,aucun,FAIBLE
27,44.3,159,17.53,0,0,1,1,0,B_NEG,aucun,FAIBLE
29,67.9,170,23.48,0,0,0,2,1,O_POS,aucun,FAIBLE
22,55.4,168,19.62,1,0,0,1,1,B_POS,diabete,FAIBLE
24,74.2,174,24.51,0,0,1,1,1,AB_NEG,aucun,FAIBLE
28,42.3,152,18.31,0,0,1,2,0,AB_NEG,aucun,FAIBLE
21,74.4,180,22.98,0,0,1,1,1,A_NEG,aucun,FAIBLE
18,47.4,163,17.83,0,0,1,0,0,B_NEG,aucun,FAIBLE
22,78.0,178,24.61,0,0,1,1,1,AB_NEG,aucun,FAIBLE
15,56.8,154,23.96,0,0,1,0,1,B_NEG,aucun,FAIBLE
24,62.5,166,22.69,0,0,1,1,1,AB_NEG,aucun,FAIBLE
29,48.9,157,19.86,0,0,0,2,1,B_POS,aucun,FAIBLE
27,54.6,153,23.34,1,0,0,1,1,AB_POS,diabete,FAIBLE
29,41.9,152,18.15,1,0,0,2,0,B_POS,diabete,FAIBLE
24,55.5,154,23.41,0,0,1,1,1,O_NEG,aucun,FAIBLE
22,48.4,156,19.88,0,0,1,1,1,AB_NEG,aucun,FAIBLE
29,63.9,172,21.58,0,0,0,2,1,O_POS,aucun,FAIBLE
22,71.1,180,21.95,0,0,1,1,1,AB_NEG,aucun,FAIBLE
21,58.8,167,21.09,0,0,1,1,1,B_NEG,aucun,FAIBLE
16,59.7,157,24.24,0,0,0,0,1,O_POS,aucun,FAIBLE
20,39.7,150,17.67,0,0,0,1,0,AB_POS,aucun,FAIBLE
20,66.0,177,21.06,0,0,0,1,1,A_POS,aucun,FAIBLE
22,62.1,171,21.23,0,0,0,1,1,O_POS,aucun,FAIBLE
22,46.1,159,18.24,0,0,0,1,0,O_POS,aucun,FAIBLE
23,61.5,177,19.62,0,0,0,1,1,A_POS,aucun,FAIBLE
28,47.4,162,18.05,0,0,1,2,0,A_NEG,aucun,FAIBLE
19,49.9,167,17.9,1,1,0,0,0,A_POS,diabete_hypertension,FAIBLE
19,49.2,158,19.71,0,0,1,0,1,B_NEG,aucun,FAIBLE
26,75.2,176,24.26,0,0,1,1,1,AB_NEG,aucun,FAIBLE
24,52.3,155,21.75,0,1,1,1,1,B_NEG,hypertension,FAIBLE
17,56.1,178,17.71,0,0,0,0,0,AB_POS,aucun,FAIBLE
15,73.3,174,24.2,0,0,1,0,1,A_NEG,aucun,FAIBLE
20,54.3,172,18.36,0,0,0,1,0,B_POS,aucun,FAIBLE
23,59.3,178,18.72,0,0,1,1,1,A_NEG,aucun,FAIBLE
28,55.9,169,19.59,0,0,0,2,1,B_POS,aucun,FAIBLE
24,59.4,161,22.9,0,0,0,1,1,O_POS,aucun,FAIBLE
24,56.9,174,18.78,0,0,0,1,1,AB_POS,aucun,FAIBLE
24,55.5,169,19.43,0,0,0,1,1,O_POS,aucun,FAIBLE
17,53.8,169,18.83,0,0,0,0,1,B_POS,aucun,FAIBLE
26,48.9,152,21.17,0,0,1,1,1,AB_NEG,aucun,FAIBLE
21,53.7,164,19.96,1,0,0,1,1,AB_POS,diabete,FAIBLE
16,60.7,173,20.28,0,0,1,0,1,A_NEG,aucun,FAIBLE
17,59.2,166,21.47,0,0,1,0,1,A_NEG,aucun,FAIBLE
23,53.7,162,20.48,0,0,0,1,1,O_POS,aucun,FAIBLE
19,73.5,178,23.18,0,0,1,0,1,B_NEG,aucun,FAIBLE
27,66.3,177,21.15,0,0,1,1,1,A_NEG,aucun,FAIBLE
19,61.3,180,18.93,0,0,0,0,1,B_POS,aucun,FAIBLE
24,41.1,150,18.27,0,0,1,1,0,A_NEG,aucun,FAIBLE
29,65.5,170,22.67,0,0,1,2,1,A_NEG,aucun,FAIBLE
18,58.0,162,22.11,0,0,0,0,1,AB_POS,aucun,FAIBLE
27,66.9,179,20.89,0,0,1,1,1,B_NEG,aucun,FAIBLE
15,59.6,155,24.79,0,0,0,0,1,A_POS,aucun,FAIBLE
19,70.5,171,24.1,0,0,0,0,1,O_POS,aucun,FAIBLE
15,41.6,153,17.77,0,0,1,0,0,O_NEG,aucun,FAIBLE
15,46.0,150,20.45,0,0,0,0,1,A_POS,aucun,FAIBLE
20,58.7,180,18.13,0,0,1,1,0,A_NEG,aucun,FAIBLE
27,54.2,172,18.33,0,0,0,1,0,AB_POS,aucun,FAIBLE
22,50.6,156,20.81,0,0,0,1,1,B_POS,aucun,FAIBLE
26,54.4,176,17.58,0,0,0,1,0,A_POS,aucun,FAIBLE
29,48.7,159,19.27,0,0,1,2,1,O_NEG,aucun,FAIBLE
29,47.9,159,18.95,0,0,1,2,1,B_NEG,aucun,FAIBLE
24,65.8,171,22.52,0,0,1,1,1,AB_NEG,aucun,FAIBLE
15,64.9,169,22.71,0,0,1,0,1,B_NEG,aucun,FAIBLE
22,62.1,161,23.94,0,0,1,1,1,B_NEG,aucun,FAIBLE
28,53.5,161,20.63,0,0,0,2,1,A_POS,aucun,FAIBLE
28,53.2,168,18.85,0,0,0,2,1,B_POS,aucun,FAIBLE
29,53.8,160,21.03,1,1,1,2,1,A_NEG,diabete_hypertension,FAIBLE
15,54.1,166,19.65,0,0,1,0,1,O_NEG,aucun,FAIBLE
22,78.8,178,24.86,0,0,0,1,1,O_POS,aucun,FAIBLE
25,72.2,178,22.79,0,0,0,1,1,B_POS,aucun,FAIBLE
25,72.4,172,24.46,0,0,0,1,1,O_POS,aucun,FAIBLE
18,58.0,157,23.54,0,0,0,0,1,AB_POS,aucun,FAIBLE
19,74.8,180,23.1,0,0,1,0,1,B_NEG,aucun,FAIBLE
18,52.5,155,21.84,0,0,1,0,1,O_NEG,aucun,FAIBLE
19,51.6,162,19.65,0,0,1,0,1,A_NEG,aucun,FAIBLE
28,58.4,156,23.99,0,0,0,2,1,O_POS,aucun,FAIBLE
16,74.4,179,23.21,0,0,1,0,1,AB_NEG,aucun,FAIBLE
28,73.3,175,23.94,0,0,0,2,1,AB_POS,aucun,FAIBLE
16,49.3,162,18.78,0,0,1,0,1,O_NEG,aucun,FAIBLE
15,49.6,155,20.66,0,1,0,0,1,A_POS,hypertension,FAIBLE
22,68.3,168,24.18,0,1,0,1,1,B_POS,hypertension,FAIBLE
23,79.1,180,24.42,0,0,1,1,1,O_NEG,aucun,FAIBLE
27,74.0,175,24.18,0,0,1,1,1,A_NEG,aucun,FAIBLE
22,53.5,163,20.14,0,0,1,1,1,AB_NEG,aucun,FAIBLE
23,74.9,178,23.63,0,0,1,1,1,A_NEG,aucun,FAIBLE
27,52.5,150,23.34,0,0,1,1,1,O_NEG,aucun,FAIBLE
22,67.7,172,22.88,0,0,0,1,1,AB_POS,aucun,FAIBLE
18,55.7,165,20.45,0,0,0,0,1,AB_POS,aucun,FAIBLE
26,58.4,174,19.28,0,0,0,1,1,B_POS,aucun,FAIBLE
29,72.7,181,22.2,0,0,0,2,1,A_POS,aucun,FAIBLE
23,45.5,161,17.55,0,0,1,1,0,B_NEG,aucun,FAIBLE
25,45.7,158,18.32,0,1,0,1,0,A_POS,hypertension,FAIBLE
15,65.1,171,22.27,0,0,0,0,1,B_POS,aucun,FAIBLE
29,42.6,152,18.42,0,0,0,2,0,O_POS,aucun,FAIBLE
19,65.5,177,20.91,0,0,1,0,1,B_NEG,aucun,FAIBLE
26,44.8,156,18.4,0,0,1,1,0,O_NEG,aucun,FAIBLE
19,47.8,162,18.21,0,0,1,0,0,A_NEG,aucun,FAIBLE
17,65.7,168,23.27,0,0,1,0,1,AB_NEG,aucun,FAIBLE
22,65.9,179,20.57,0,0,0,1,1,AB_POS,aucun,FAIBLE
26,57.6,154,24.31,0,0,1,1,1,A_NEG,aucun,FAIBLE
25,55.3,176,17.86,0,0,0,1,0,O_POS,aucun,FAIBLE
16,75.6,179,23.59,0,0,0,0,1,O_POS,aucun,FAIBLE
28,42.7,153,18.26,0,0,0,2,0,AB_POS,aucun,FAIBLE
15,46.9,163,17.66,0,0,1,0,0,O_NEG,aucun,FAIBLE
16,53.1,152,23.0,0,0,1,0,1,O_NEG,aucun,FAIBLE
21,53.5,162,20.37,0,0,1,1,1,O_NEG,aucun,FAIBLE
24,57.4,159,22.71,0,0,1,1,1,A_NEG,aucun,FAIBLE
20,47.8,161,18.45,0,0,0,1,0,A_POS,aucun,FAIBLE
28,57.8,169,20.24,0,0,0,2,1,A_POS,aucun,FAIBLE
27,57.3,163,21.56,0,0,0,1,1,AB_POS,aucun,FAIBLE
27,45.7,160,17.86,0,0,0,1,0,B_POS,aucun,FAIBLE
17,46.7,153,19.94,0,1,1,0,1,A_NEG,hypertension,FAIBLE
29,40.7,151,17.84,0,0,0,2,0,AB_POS,aucun,FAIBLE
21,42.6,150,18.95,0,0,1,1,1,O_NEG,aucun,FAIBLE
26,66.8,180,20.62,0,0,1,1,1,O_NEG,aucun,FAIBLE
24,50.2,166,18.2,0,0,1,1,0,A_NEG,aucun,FAIBLE
23,55.5,153,23.73,0,0,0,1,1,A_POS,aucun,FAIBLE
20,60.6,158,24.29,0,0,0,1,1,AB_POS,aucun,FAIBLE
26,59.0,178,18.62,0,0,0,1,1,O_POS,aucun,FAIBLE
22,59.6,171,20.4,0,1,1,1,1,B_NEG,hypertension,FAIBLE
17,48.7,154,20.55,1,0,1,0,1,B_NEG,diabete,FAIBLE
19,47.7,160,18.65,0,0,1,0,1,O_NEG,aucun,FAIBLE
20,48.3,165,17.73,0,0,1,1,0,AB_NEG,aucun,FAIBLE
21,68.2,167,24.45,0,0,0,1,1,A_POS,aucun,FAIBLE
18,54.8,156,22.53,0,0,0,0,1,A_POS,aucun,FAIBLE
17,60.1,157,24.37,1,0,0,0,1,O_POS,diabete,FAIBLE
18,55.4,154,23.36,0,1,0,0,1,AB_POS,hypertension,FAIBLE
20,77.1,179,24.06,0,0,1,1,1,A_NEG,aucun,FAIBLE
15,48.7,160,19.02,0,0,0,0,1,O_POS,aucun,FAIBLE
24,41.1,151,18.02,0,0,1,1,0,O_NEG,aucun,FAIBLE
29,71.4,170,24.71,0,0,0,2,1,B_POS,aucun,FAIBLE
28,55.4,177,17.69,0,0,0,2,0,O_POS,aucun,FAIBLE
17,59.2,167,21.22,0,0,1,0,1,AB_NEG,aucun,FAIBLE
26,51.4,164,19.1,0,0,1,1,1,AB_NEG,aucun,FAIBLE
26,61.7,161,23.8,0,0,1,1,1,O_NEG,aucun,FAIBLE
21,50.7,151,22.26,0,0,0,1,1,O_POS,aucun,FAIBLE
25,60.8,163,22.88,0,0,1,1,1,O_NEG,aucun,FAIBLE
15,61.3,165,22.52,0,0,1,0,1,A_NEG,aucun,FAIBLE
29,49.2,157,19.94,0,0,0,2,1,O_POS,aucun,FAIBLE
18,53.1,158,21.27,0,0,1,0,1,AB_NEG,aucun,FAIBLE
15,43.1,153,18.42,0,0,1,0,0,AB_NEG,aucun,FAIBLE
20,45.2,154,19.04,0,0,0,1,1,B_POS,aucun,FAIBLE
17,57.0,166,20.67,0,0,1,0,1,B_NEG,aucun,FAIBLE
22,53.4,155,22.21,0,0,1,1,1,AB_NEG,aucun,FAIBLE
29,54.4,171,18.6,0,0,0,2,1,B_POS,aucun,FAIBLE
21,59.2,161,22.86,0,0,1,1,1,AB_NEG,aucun,FAIBLE
23,60.8,162,23.16,0,0,1,1,1,A_NEG,aucun,FAIBLE
15,59.4,172,20.07,0,0,1,0,1,O_NEG,aucun,FAIBLE
27,69.4,177,22.14,0,0,0,1,1,AB_POS,aucun,FAIBLE
19,61.2,163,23.02,0,0,1,0,1,AB_NEG,aucun,FAIBLE
19,60.1,159,23.78,0,0,1,0,1,A_NEG,aucun,FAIBLE
19,60.6,174,20.02,0,0,0,0,1,A_POS,aucun,FAIBLE
29,67.2,181,20.51,0,0,1,2,1,B_NEG,aucun,FAIBLE
28,51.0,157,20.69,0,0,0,2,1,O_POS,aucun,FAIBLE
18,63.1,179,19.7,0,1,0,0,1,AB_POS,hypertension,FAIBLE
18,66.8,171,22.85,0,0,0,0,1,O_POS,aucun,FAIBLE
20,58.3,174,19.25,0,0,1,1,1,A_NEG,aucun,FAIBLE
25,59.0,159,23.34,0,0,0,1,1,B_POS,aucun,FAIBLE
25,56.7,155,23.59,0,1,0,1,1,A_POS,hypertension,FAIBLE
22,67.9,167,24.33,0,0,1,1,1,AB_NEG,aucun,FAIBLE
17,55.0,170,19.03,0,0,1,0,1,AB_NEG,aucun,FAIBLE
18,59.1,174,19.53,0,0,1,0,1,O_NEG,aucun,FAIBLE
20,49.2,160,19.2,0,0,1,1,1,B_NEG,aucun,FAIBLE
15,54.3,151,23.81,0,0,0,0,1,AB_POS,aucun,FAIBLE
26,64.8,167,23.23,0,0,0,1,1,AB_POS,aucun,FAIBLE
19,53.6,174,17.71,0,0,0,0,0,A_POS,aucun,FAIBLE
23,74.1,181,22.61,0,0,1,1,1,O_NEG,aucun,FAIBLE
21,60.5,164,22.48,0,0,0,1,1,B_POS,aucun,FAIBLE
26,57.4,164,21.34,0,0,0,1,1,O_POS,aucun,FAIBLE
16,51.3,159,20.29,1,0,0,0,1,A_POS,diabete,FAIBLE
28,60.8,161,23.44,0,0,1,2,1,B_NEG,aucun,FAIBLE
20,49.3,154,20.8,0,0,1,1,1,AB_NEG,aucun,FAIBLE
20,58.4,156,24.01,0,0,1,1,1,AB_NEG,aucun,FAIBLE
23,57.8,175,18.86,0,0,1,1,1,B_NEG,aucun,FAIBLE
29,62.4,172,21.09,0,0,1,2,1,O_NEG,aucun,FAIBLE
19,68.4,179,21.34,0,0,0,0,1,AB_POS,aucun,FAIBLE
15,52.6,152,22.78,0,0,0,0,1,AB_POS,aucun,FAIBLE
21,51.2,169,17.94,0,0,0,1,0,AB_POS,aucun,FAIBLE
24,58.8,155,24.47,0,1,0,1,1,A_POS,hypertension,FAIBLE
18,77.7,179,24.26,0,0,0,0,1,AB_POS,aucun,FAIBLE
27,75.6,175,24.67,0,0,1,1,1,O_NEG,aucun,FAIBLE
27,54.9,154,23.14,0,0,1,1,1,O_NEG,aucun,FAIBLE
21,64.1,162,24.41,0,0,0,1,1,O_POS,aucun,FAIBLE
18,60.8,166,22.06,0,0,1,0,1,AB_NEG,aucun,FAIBLE
17,67.4,168,23.88,0,0,1,0,1,A_NEG,aucun,FAIBLE
16,69.1,175,22.55,0,0,0,0,1,A_POS,aucun,FAIBLE
20,60.1,179,18.75,0,0,1,1,1,AB_NEG,aucun,FAIBLE
28,69.8,173,23.31,0,0,0,2,1,O_POS,aucun,FAIBLE
26,53.5,166,19.4,0,0,0,1,1,A_POS,aucun,FAIBLE
26,78.4,178,24.73,0,0,1,1,1,B_NEG,aucun,FAIBLE
23,56.2,178,17.74,0,0,1,1,0,B_NEG,aucun,FAIBLE
20,63.3,178,19.97,0,0,1,1,1,O_NEG,aucun,FAIBLE
21,42.6,153,18.2,1,0,1,1,0,O_NEG,diabete,FAIBLE
18,58.1,178,18.34,0,0,1,0,0,AB_NEG,aucun,FAIBLE
21,39.5,150,17.57,0,0,0,1,0,O_POS,aucun,FAIBLE
15,52.3,150,23.24,0,0,0,0,1,AB_POS,aucun,FAIBLE
15,54.1,165,19.89,0,0,1,0,1,AB_NEG,aucun,FAIBLE
21,69.8,172,23.59,0,0,1,1,1,B_NEG,aucun,FAIBLE
29,52.4,159,20.73,0,0,1,2,1,B_NEG,aucun,FAIBLE
26,40.0,150,17.79,0,0,1,1,0,A_NEG,aucun,FAIBLE
15,53.5,157,21.72,0,0,1,0,1,A_NEG,aucun,FAIBLE
19,73.7,180,22.73,0,0,0,0,1,B_POS,aucun,FAIBLE
28,53.0,150,23.54,0,0,0,2,1,A_POS,aucun,FAIBLE
21,57.5,165,21.11,0,0,0,1,1,O_POS,aucun,FAIBLE
18,72.5,171,24.79,0,0,1,0,1,B_NEG,aucun,FAIBLE
24,47.2,155,19.66,0,0,1,1,1,AB_NEG,aucun,FAIBLE
15,52.5,160,20.49,0,1,0,0,1,AB_POS,hypertension,FAIBLE
24,49.0,159,19.4,0,0,1,1,1,A_NEG,aucun,FAIBLE
25,57.7,167,20.69,0,0,1,1,1,B_NEG,aucun,FAIBLE
22,67.7,176,21.86,0,0,0,1,1,O_POS,aucun,FAIBLE
20,80.4,180,24.82,0,0,0,1,1,B_POS,aucun,FAIBLE
23,61.5,181,18.78,0,0,0,1,1,AB_POS,aucun,FAIBLE
20,60.7,159,24.01,0,0,1,1,1,AB_NEG,aucun,FAIBLE
19,52.0,165,19.1,0,0,0,0,1,B_POS,aucun,FAIBLE
24,57.4,154,24.21,0,0,1,1,1,A_NEG,aucun,FAIBLE
29,53.6,170,18.54,0,0,1,2,1,O_NEG,aucun,FAIBLE
22,45.7,153,19.52,0,0,0,1,1,B_POS,aucun,FAIBLE
16,60.7,179,18.94,0,0,0,0,1,O_POS,aucun,FAIBLE
29,50.7,167,18.18,0,0,0,2,0,A_POS,aucun,FAIBLE
26,42.5,150,18.89,0,0,0,1,1,O_POS,aucun,FAIBLE
17,80.0,180,24.7,0,0,1,0,1,O_NEG,aucun,FAIBLE
17,50.4,150,22.4,0,0,0,0,1,B_POS,aucun,FAIBLE
15,60.2,181,18.39,0,0,0,0,0,AB_POS,aucun,FAIBLE
23,62.3,167,22.36,0,0,0,1,1,A_POS,aucun,FAIBLE
23,62.1,159,24.57,0,0,0,1,1,O_POS,aucun,FAIBLE
17,55.8,155,23.22,0,0,0,0,1,A_POS,aucun,FAIBLE
24,66.3,179,20.69,0,0,1,1,1,B_NEG,aucun,FAIBLE
29,54.9,158,22.0,0,0,0,2,1,O_POS,aucun,FAIBLE
15,51.5,158,20.61,0,0,0,0,1,O_POS,aucun,FAIBLE
19,48.5,154,20.43,0,0,0,0,1,AB_POS,aucun,FAIBLE
23,77.5,180,23.93,0,0,1,1,1,B_NEG,aucun,FAIBLE
15,69.8,170,24.17,0,0,0,0,1,O_POS,aucun,FAIBLE
23,60.8,177,19.42,0,0,1,1,1,A_NEG,aucun,FAIBLE
15,72.3,177,23.09,0,0,1,0,1,B_NEG,aucun,FAIBLE
22,50.7,150,22.55,0,0,0,1,1,B_POS,aucun,FAIBLE
24,47.8,161,18.45,0,0,1,1,0,O_NEG,aucun,FAIBLE
29,46.0,157,18.66,0,0,0,2,1,O_POS,aucun,FAIBLE
27,59.0,166,21.41,0,0,0,1,1,A_POS,aucun,FAIBLE
16,44.3,153,18.9,0,0,0,0,1,B_POS,aucun,FAIBLE
19,69.7,168,24.69,0,0,0,0,1,AB_POS,aucun,FAIBLE
17,52.4,164,19.5,0,1,1,0,1,AB_NEG,hypertension,FAIBLE
16,50.3,166,18.25,0,0,0,0,0,B_POS,aucun,FAIBLE
15,62.3,166,22.61,0,1,0,0,1,AB_POS,hypertension,FAIBLE
27,44.1,154,18.61,0,0,0,1,1,AB_POS,aucun,FAIBLE
20,46.7,150,20.77,0,0,1,1,1,B_NEG,aucun,FAIBLE
24,71.4,179,22.28,0,0,1,1,1,O_NEG,aucun,FAIBLE
19,59.0,169,20.64,0,0,0,0,1,A_POS,aucun,FAIBLE
29,54.5,164,20.28,0,0,1,2,1,O_NEG,aucun,FAIBLE
20,56.1,154,23.66,0,0,1,1,1,A_NEG,aucun,FAIBLE
27,60.8,166,22.06,0,0,0,1,1,A_POS,aucun,FAIBLE
15,66.9,164,24.89,0,0,0,0,1,O_POS,aucun,FAIBLE
18,53.2,151,23.35,0,0,1,0,1,AB_NEG,aucun,FAIBLE
27,55.0,167,19.72,0,0,1,1,1,B_NEG,aucun,FAIBLE
15,61.6,164,22.9,0,0,1,0,1,AB_NEG,aucun,FAIBLE
29,71.7,176,23.14,0,0,1,2,1,O_NEG,aucun,FAIBLE
17,60.5,171,20.7,0,0,1,0,1,A_NEG,aucun,FAIBLE
17,52.5,156,21.58,0,0,1,0,1,B_NEG,aucun,FAIBLE
28,58.8,176,18.99,0,0,0,2,1,O_POS,aucun,FAIBLE
17,58.7,171,20.09,0,0,0,0,1,A_POS,aucun,FAIBLE
20,68.4,181,20.87,0,0,0,1,1,O_POS,aucun,FAIBLE
20,53.3,167,19.13,0,0,1,1,1,B_NEG,aucun,FAIBLE
17,65.0,173,21.72,0,0,1,0,1,A_NEG,aucun,FAIBLE
23,74.0,178,23.37,0,0,0,1,1,B_POS,aucun,FAIBLE
28,41.5,151,18.2,0,0,1,2,0,O_NEG,aucun,FAIBLE
16,67.7,174,22.35,0,0,0,0,1,AB_POS,aucun,FAIBLE
29,59.1,161,22.81,0,0,1,2,1,AB_NEG,aucun,FAIBLE
19,73.6,180,22.72,0,1,1,0,1,O_NEG,hypertension,FAIBLE
29,62.9,160,24.58,0,0,0,2,1,AB_POS,aucun,FAIBLE
24,60.7,173,20.27,0,0,0,1,1,AB_POS,aucun,FAIBLE
19,75.7,180,23.37,0,0,1,0,1,AB_NEG,aucun,FAIBLE
16,59.7,170,20.65,0,0,1,0,1,B_NEG,aucun,FAIBLE
27,56.3,164,20.94,0,0,0,1,1,B_POS,aucun,FAIBLE
29,57.4,162,21.88,0,1,0,2,1,O_POS,hypertension,FAIBLE
19,51.8,164,19.24,0,0,0,0,1,A_POS,aucun,FAIBLE
23,47.0,162,17.9,0,0,1,1,0,O_NEG,aucun,FAIBLE
18,54.7,170,18.93,0,0,1,0,1,O_NEG,aucun,FAIBLE
29,51.9,169,18.16,0,0,0,2,0,O_POS,aucun,FAIBLE
20,64.7,171,22.13,0,0,1,1,1,AB_NEG,aucun,FAIBLE
19,57.7,162,21.98,0,0,0,0,1,A_POS,aucun,FAIBLE
29,65.5,169,22.93,0,0,1,2,1,B_NEG,aucun,FAIBLE
17,72.6,180,22.4,0,0,0,0,1,O_POS,aucun,FAIBLE
24,55.8,160,21.8,0,0,0,1,1,AB_POS,aucun,FAIBLE
28,65.7,168,23.26,0,0,0,2,1,AB_POS,aucun,FAIBLE
15,53.8,152,23.3,0,0,1,0,1,AB_NEG,aucun,FAIBLE
24,52.5,171,17.94,0,0,0,1,0,O_POS,aucun,FAIBLE
28,65.3,174,21.55,0,0,1,2,1,O_NEG,aucun,FAIBLE
17,71.7,181,21.9,0,0,0,0,1,A_POS,aucun,FAIBLE
27,67.3,176,21.73,0,0,1,1,1,A_NEG,aucun,FAIBLE
19,66.1,165,24.27,0,0,1,0,1,B_NEG,aucun,FAIBLE
20,41.7,152,18.03,0,0,0,1,0,AB_POS,aucun,FAIBLE
22,56.6,152,24.51,0,0,0,1,1,B_POS,aucun,FAIBLE
17,51.6,159,20.39,0,0,0,0,1,O_POS,aucun,FAIBLE
24,49.5,167,17.73,0,0,1,1,0,O_NEG,aucun,FAIBLE
21,64.7,173,21.63,0,0,1,1,1,O_NEG,aucun,FAIBLE
17,48.9,155,20.35,0,0,1,0,1,B_NEG,aucun,FAIBLE
22,62.0,168,21.97,1,0,0,1,1,A_POS,diabete,FAIBLE
20,53.2,169,18.62,0,0,0,1,1,B_POS,aucun,FAIBLE
22,57.2,171,19.56,0,1,1,1,1,A_NEG,hypertension,FAIBLE
22,69.1,171,23.62,0,0,0,1,1,AB_POS,aucun,FAIBLE
23,71.9,177,22.94,0,0,1,1,1,A_NEG,aucun,FAIBLE
22,47.6,152,20.61,0,0,1,1,1,B_NEG,aucun,FAIBLE
23,71.0,171,24.27,0,0,0,1,1,A_POS,aucun,FAIBLE
17,49.0,157,19.88,0,0,1,0,1,O_NEG,aucun,FAIBLE
18,58.4,160,22.82,0,0,1,0,1,AB_NEG,aucun,FAIBLE
23,62.1,178,19.6,0,0,0,1,1,AB_POS,aucun,FAIBLE
24,56.9,159,22.52,0,0,1,1,1,O_NEG,aucun,FAIBLE
28,53.1,166,19.28,0,0,0,2,1,AB_POS,aucun,FAIBLE
16,59.4,162,22.63,0,0,1,0,1,O_NEG,aucun,FAIBLE
26,54.1,174,17.85,0,0,0,1,0,AB_POS,aucun,FAIBLE
29,53.6,167,19.23,1,0,0,2,1,B_POS,diabete,FAIBLE
29,48.9,159,19.33,0,0,1,2,1,A_NEG,aucun,FAIBLE
28,54.6,156,22.45,0,0,1,2,1,O_NEG,aucun,FAIBLE
20,52.3,169,18.3,0,0,0,1,0,B_POS,aucun,FAIBLE
24,54.7,173,18.26,0,0,0,1,0,AB_POS,aucun,FAIBLE
29,48.8,155,20.31,0,0,1,2,1,B_NEG,aucun,FAIBLE
26,45.5,152,19.68,0,0,1,1,1,AB_NEG,aucun,FAIBLE
19,58.6,175,19.15,0,0,0,0,1,B_POS,aucun,FAIBLE
21,51.3,164,19.06,0,0,0,1,1,O_POS,aucun,FAIBLE
20,72.3,181,22.07,0,0,0,1,1,B_POS,aucun,FAIBLE
26,56.7,161,21.88,0,1,1,1,1,B_NEG,hypertension,FAIBLE
26,68.6,174,22.65,0,0,1,1,1,B_NEG,aucun,FAIBLE
28,62.2,162,23.69,0,0,1,2,1,A_NEG,aucun,FAIBLE
17,55.4,174,18.3,0,0,1,0,0,A_NEG,aucun,FAIBLE
24,59.4,179,18.54,0,0,1,1,1,AB_NEG,aucun,FAIBLE
17,44.0,157,17.87,0,0,1,0,0,B_NEG,aucun,FAIBLE
20,50.4,164,18.74,0,0,1,1,1,A_NEG,aucun,FAIBLE
27,61.4,159,24.28,0,0,0,1,1,B_POS,aucun,FAIBLE
15,59.0,161,22.77,0,0,1,0,1,A_NEG,aucun,FAIBLE
27,46.9,158,18.78,1,0,1,1,1,B_NEG,diabete,FAIBLE
23,78.9,180,24.35,0,0,0,1,1,B_POS,aucun,FAIBLE
15,62.4,177,19.92,0,0,1,0,1,O_NEG,aucun,FAIBLE
17,65.5,172,22.15,0,1,1,0,1,A_NEG,hypertension,FAIBLE
16,68.0,177,21.72,0,0,0,0,1,O_POS,aucun,FAIBLE
17,54.6,154,23.04,0,0,1,0,1,O_NEG,aucun,FAIBLE
28,73.3,178,23.14,0,0,0,2,1,A_POS,aucun,FAIBLE
24,58.2,179,18.18,0,0,1,1,0,AB_NEG,aucun,FAIBLE
18,41.2,150,18.32,0,0,0,0,0,A_POS,aucun,FAIBLE
18,41.4,152,17.9,0,0,0,0,0,AB_POS,aucun,FAIBLE
19,64.1,169,22.46,0,0,0,0,1,AB_POS,aucun,FAIBLE
22,41.9,150,18.62,0,0,0,1,1,B_POS,aucun,FAIBLE
19,59.8,170,20.71,0,0,1,0,1,B_NEG,aucun,FAIBLE
26,69.7,169,24.42,0,0,0,1,1,A_POS,aucun,FAIBLE
25,53.2,156,21.84,0,0,0,1,1,B_POS,aucun,FAIBLE
20,61.3,171,20.96,0,0,1,1,1,A_NEG,aucun,FAIBLE
24,52.3,154,22.04,0,0,0,1,1,O_POS,aucun,FAIBLE
24,70.6,171,24.14,0,0,1,1,1,B_NEG,aucun,FAIBLE
19,58.9,170,20.38,0,0,0,0,1,A_POS,aucun,FAIBLE
28,64.6,176,20.87,0,0,1,2,1,B_NEG,aucun,FAIBLE
27,51.5,166,18.7,0,1,1,1,1,AB_NEG,hypertension,FAIBLE
15,64.4,162,24.55,0,0,0,0,1,A_POS,aucun,FAIBLE
25,49.3,156,20.27,0,0,1,1,1,A_NEG,aucun,FAIBLE
22,62.4,166,22.65,0,0,0,1,1,AB_POS,aucun,FAIBLE
20,64.7,172,21.89,0,0,0,1,1,AB_POS,aucun,FAIBLE
20,67.9,176,21.92,0,0,1,1,1,O_NEG,aucun,FAIBLE
21,66.2,180,20.43,0,0,0,1,1,AB_POS,aucun,FAIBLE
18,69.1,172,23.36,0,0,0,0,1,O_POS,aucun,FAIBLE
20,63.7,176,20.56,0,0,1,1,1,O_NEG,aucun,FAIBLE
15,58.5,163,22.02,1,1,0,0,1,A_POS,diabete_hypertension,FAIBLE
28,57.0,175,18.6,0,0,1,2,1,B_NEG,aucun,FAIBLE
29,61.6,175,20.11,0,0,0,2,1,AB_POS,aucun,FAIBLE
27,66.9,180,20.64,0,0,1,1,1,B_NEG,aucun,FAIBLE
17,54.4,163,20.46,0,0,0,0,1,B_POS,aucun,FAIBLE
28,48.7,159,19.27,0,0,0,2,1,B_POS,aucun,FAIBLE
29,58.8,168,20.83,0,1,0,2,1,A_POS,hypertension,FAIBLE
21,60.8,170,21.04,0,0,1,1,1,B_NEG,aucun,FAIBLE
15,63.6,176,20.54,0,0,1,0,1,B_NEG,aucun,FAIBLE
25,64.8,180,20.01,0,0,1,1,1,AB_NEG,aucun,FAIBLE
25,67.2,179,20.96,0,0,0,1,1,O_POS,aucun,FAIBLE
27,73.9,173,24.7,0,0,1,1,1,A_NEG,aucun,FAIBLE
22,69.6,173,23.26,0,0,0,1,1,AB_POS,aucun,FAIBLE
19,54.6,152,23.63,0,0,0,0,1,B_POS,aucun,FAIBLE
23,61.3,174,20.25,0,1,1,1,1,A_NEG,hypertension,FAIBLE
25,70.0,180,21.6,0,0,1,1,1,B_NEG,aucun,FAIBLE
29,43.4,151,19.02,0,0,1,2,1,B_NEG,aucun,FAIBLE
28,70.8,174,23.38,0,0,0,2,1,A_POS,aucun,FAIBLE
24,64.8,180,20.01,0,0,0,1,1,O_POS,aucun,FAIBLE
28,51.5,168,18.24,0,0,0,2,0,A_POS,aucun,FAIBLE
21,77.5,177,24.74,0,0,1,1,1,B_NEG,aucun,FAIBLE
18,66.8,167,23.95,0,0,0,0,1,B_POS,aucun,FAIBLE
24,69.5,170,24.06,0,0,0,1,1,O_POS,aucun,FAIBLE
24,72.5,173,24.22,0,0,0,1,1,O_POS,aucun,FAIBLE
22,59.5,159,23.52,0,0,1,1,1,O_NEG,aucun,FAIBLE
18,65.8,174,21.75,1,1,0,0,1,A_POS,diabete_hypertension,FAIBLE
24,59.4,158,23.79,0,0,0,1,1,B_POS,aucun,FAIBLE
29,60.5,168,21.44,0,0,1,2,1,AB_NEG,aucun,FAIBLE
29,50.1,162,19.08,1,0,1,2,1,AB_NEG,diabete,FAIBLE
28,65.2,172,22.04,0,0,1,2,1,AB_NEG,aucun,FAIBLE
18,59.6,164,22.18,0,0,1,0,1,O_NEG,aucun,FAIBLE
28,76.5,181,23.35,0,0,1,2,1,B_NEG,aucun,FAIBLE
26,59.1,171,20.21,0,0,0,1,1,AB_POS,aucun,FAIBLE
24,48.3,157,19.61,0,0,1,1,1,B_NEG,aucun,FAIBLE
26,68.3,174,22.54,0,0,1,1,1,B_NEG,aucun,FAIBLE
23,60.4,168,21.41,0,0,1,1,1,B_NEG,aucun,FAIBLE
22,68.0,176,21.96,0,0,1,1,1,AB_NEG,aucun,FAIBLE
19,51.0,161,19.66,0,0,0,0,1,B_POS,aucun,FAIBLE
29,68.5,173,22.87,0,0,0,2,1,O_POS,aucun,FAIBLE
23,47.1,164,17.53,0,0,1,1,0,O_NEG,aucun,FAIBLE
19,62.2,167,22.29,0,0,1,0,1,A_NEG,aucun,FAIBLE
28,74.2,180,22.91,0,0,0,2,1,AB_POS,aucun,FAIBLE
15,41.3,150,18.34,0,0,0,0,0,AB_POS,aucun,FAIBLE
26,71.6,170,24.77,0,0,1,1,1,AB_NEG,aucun,FAIBLE
19,54.2,174,17.89,0,0,0,0,0,A_POS,aucun,FAIBLE
16,60.1,168,21.29,0,0,1,0,1,AB_NEG,aucun,FAIBLE
28,54.7,174,18.07,1,0,0,2,0,O_POS,diabete,FAIBLE
23,63.4,174,20.93,0,0,1,1,1,B_NEG,aucun,FAIBLE
28,73.3,176,23.66,0,0,1,2,1,AB_NEG,aucun,FAIBLE
18,55.0,150,24.46,0,0,1,0,1,O_NEG,aucun,FAIBLE
18,55.3,162,21.07,0,1,0,0,1,A_POS,hypertension,FAIBLE
16,56.6,152,24.51,0,0,1,0,1,A_NEG,aucun,FAIBLE
28,73.5,175,23.99,0,1,0,2,1,B_POS,hypertension,FAIBLE
24,51.3,165,18.84,0,0,0,1,1,O_POS,aucun,FAIBLE
17,48.2,153,20.57,0,1,1,0,1,B_NEG,hypertension,FAIBLE
23,63.1,163,23.77,0,0,1,1,1,O_NEG,aucun,FAIBLE
18,71.0,181,21.67,0,0,0,0,1,O_POS,aucun,FAIBLE
25,54.8,156,22.5,0,0,1,1,1,A_NEG,aucun,FAIBLE
25,50.3,161,19.39,0,0,1,1,1,A_NEG,aucun,FAIBLE
15,58.4,172,19.76,0,0,0,0,1,A_POS,aucun,FAIBLE
21,54.8,166,19.89,0,0,0,1,1,O_POS,aucun,FAIBLE
19,65.3,169,22.88,0,0,0,0,1,O_POS,aucun,FAIBLE
21,56.9,160,22.24,0,0,1,1,1,O_NEG,aucun,FAIBLE
22,57.5,154,24.25,0,0,0,1,1,A_POS,aucun,FAIBLE
16,59.5,155,24.76,0,0,1,0,1,AB_NEG,aucun,FAIBLE
27,70.2,180,21.68,0,0,0,1,1,B_POS,aucun,FAIBLE
24,61.6,168,21.84,0,0,0,1,1,O_POS,aucun,FAIBLE
25,51.0,153,21.77,0,0,1,1,1,AB_NEG,aucun,FAIBLE
29,49.7,162,18.94,0,1,1,2,1,O_NEG,hypertension,FAIBLE
19,64.8,167,23.22,0,0,1,0,1,AB_NEG,aucun,FAIBLE
26,55.4,157,22.49,0,0,0,1,1,A_POS,aucun,FAIBLE
15,73.3,173,24.49,0,1,1,0,1,A_NEG,hypertension,FAIBLE
29,63.3,164,23.55,0,0,1,2,1,A_NEG,aucun,FAIBLE
22,57.5,169,20.14,0,0,1,1,1,A_NEG,aucun,FAIBLE
26,72.7,179,22.69,0,0,1,1,1,O_NEG,aucun,FAIBLE
28,42.1,152,18.23,0,0,1,2,0,B_NEG,aucun,FAIBLE
15,56.0,172,18.93,0,1,1,0,1,AB_NEG,hypertension,FAIBLE
25,73.6,177,23.49,1,1,0,1,1,AB_POS,diabete_hypertension,FAIBLE
23,47.0,162,17.9,0,0,1,1,0,O_NEG,aucun,FAIBLE
27,48.4,153,20.67,0,0,1,1,1,B_NEG,aucun,FAIBLE
29,62.8,166,22.77,0,0,1,2,1,A_NEG,aucun,FAIBLE
20,54.1,152,23.44,0,0,0,1,1,AB_POS,aucun,FAIBLE
15,56.8,163,21.39,0,0,0,0,1,B_POS,aucun,FAIBLE
15,62.3,165,22.89,0,0,1,0,1,B_NEG,aucun,FAIBLE
18,62.2,159,24.6,1,0,0,0,1,B_POS,diabete,FAIBLE
21,57.2,159,22.62,0,0,0,1,1,O_POS,aucun,FAIBLE
15,56.6,179,17.67,0,0,1,0,0,A_NEG,aucun,FAIBLE
22,72.0,172,24.34,0,0,0,1,1,AB_POS,aucun,FAIBLE
24,54.3,157,22.04,0,0,1,1,1,A_NEG,aucun,FAIBLE
15,65.8,171,22.52,0,0,0,0,1,O_POS,aucun,FAIBLE
25,54.9,162,20.91,0,0,0,1,1,AB_POS,aucun,FAIBLE
21,49.5,165,18.18,0,0,0,1,0,O_POS,aucun,FAIBLE
16,61.2,181,18.68,0,0,1,0,1,O_NEG,aucun,FAIBLE
15,58.2,173,19.44,0,0,1,0,1,B_NEG,aucun,FAIBLE
15,58.7,180,18.11,0,0,1,0,0,AB_NEG,aucun,FAIBLE
24,44.3,155,18.42,0,0,1,1,0,B_NEG,aucun,FAIBLE
23,53.7,165,19.71,0,0,1,1,1,O_NEG,aucun,FAIBLE
24,54.7,166,19.86,0,0,0,1,1,AB_POS,aucun,FAIBLE
24,58.1,180,17.93,0,0,1,1,0,A_NEG,aucun,FAIBLE
28,61.3,172,20.71,0,0,0,2,1,B_POS,aucun,FAIBLE
23,62.9,179,19.64,0,0,1,1,1,AB_NEG,aucun,FAIBLE
17,58.3,172,19.7,0,0,1,0,1,B_NEG,aucun,FAIBLE
28,63.6,171,21.74,0,0,1,2,1,O_NEG,aucun,FAIBLE
27,56.4,154,23.78,0,0,1,1,1,AB_NEG,aucun,FAIBLE
26,59.6,155,24.8,0,0,1,1,1,AB_NEG,aucun,FAIBLE
23,43.3,155,18.04,0,0,1,1,0,B_NEG,aucun,FAIBLE
15,60.1,174,19.84,0,0,0,0,1,O_POS,aucun,FAIBLE
17,43.6,152,18.88,0,0,0,0,1,O_POS,aucun,FAIBLE
18,47.5,155,19.77,0,0,0,0,1,O_POS,aucun,FAIBLE
21,62.5,168,22.15,0,0,1,1,1,AB_NEG,aucun,FAIBLE
28,47.6,162,18.13,0,0,0,2,0,B_POS,aucun,FAIBLE
23,66.3,165,24.36,0,0,1,1,1,AB_NEG,aucun,FAIBLE
25,54.2,169,18.97,0,0,1,1,1,AB_NEG,aucun,FAIBLE
15,56.2,165,20.66,0,0,1,0,1,O_NEG,aucun,FAIBLE
16,44.4,159,17.54,0,0,1,0,0,O_NEG,aucun,FAIBLE
18,68.2,173,22.8,0,0,1,0,1,B_NEG,aucun,FAIBLE
18,52.8,155,21.96,0,0,1,0,1,A_NEG,aucun,FAIBLE
23,69.7,176,22.5,0,0,1,1,1,O_NEG,aucun,FAIBLE
15,64.5,178,20.34,0,1,1,0,1,B_NEG,hypertension,FAIBLE
23,57.8,178,18.24,0,0,1,1,0,AB_NEG,aucun,FAIBLE
16,49.3,157,20.01,0,0,0,0,1,O_POS,aucun,FAIBLE
15,61.6,171,21.08,0,0,1,0,1,B_NEG,aucun,FAIBLE
21,67.8,181,20.69,0,0,1,1,1,A_NEG,aucun,FAIBLE
26,49.0,164,18.2,1,0,1,1,0,AB_NEG,diabete,FAIBLE
29,50.7,169,17.75,0,0,1,2,0,AB_NEG,aucun,FAIBLE
22,52.0,151,22.8,0,0,0,1,1,O_POS,aucun,FAIBLE
17,53.3,168,18.88,0,1,1,0,1,A_NEG,hypertension,FAIBLE
28,60.1,179,18.74,0,1,1,2,1,O_NEG,hypertension,FAIBLE
29,61.6,173,20.6,0,0,0,2,1,B_POS,aucun,FAIBLE
24,63.1,167,22.61,1,0,0,1,1,AB_POS,diabete,FAIBLE
20,62.3,176,20.11,0,0,0,1,1,A_POS,aucun,FAIBLE
19,61.8,169,21.63,0,0,1,0,1,AB_NEG,aucun,FAIBLE
27,64.9,173,21.68,0,0,0,1,1,A_POS,aucun,FAIBLE
16,51.8,168,18.35,0,0,1,0,0,O_NEG,aucun,FAIBLE
28,68.4,175,22.33,0,1,1,2,1,O_NEG,hypertension,FAIBLE
21,60.1,173,20.09,0,0,0,1,1,AB_POS,aucun,FAIBLE
23,67.4,173,22.52,0,0,0,1,1,A_POS,aucun,FAIBLE
29,64.9,171,22.19,0,0,1,2,1,B_NEG,aucun,FAIBLE
27,45.2,160,17.65,0,0,0,1,0,AB_POS,aucun,FAIBLE
19,50.0,165,18.35,0,0,0,0,0,A_POS,aucun,FAIBLE
22,53.5,168,18.96,0,0,0,1,1,O_POS,aucun,FAIBLE
16,61.4,165,22.56,0,0,1,0,1,A_NEG,aucun,FAIBLE
23,63.7,175,20.81,0,0,1,1,1,B_NEG,aucun,FAIBLE
20,44.6,152,19.32,0,0,0,1,1,B_POS,aucun,FAIBLE
20,46.5,157,18.85,0,0,0,1,1,O_POS,aucun,FAIBLE
24,52.0,166,18.86,0,0,0,1,1,AB_POS,aucun,FAIBLE
22,53.9,165,19.79,0,0,1,1,1,A_NEG,aucun,FAIBLE
16,52.1,160,20.34,0,0,1,0,1,O_NEG,aucun,FAIBLE
22,56.2,161,21.68,0,0,0,1,1,B_POS,aucun,FAIBLE
16,62.1,181,18.96,0,0,1,0,1,B_NEG,aucun,FAIBLE
28,44.3,151,19.43,0,0,0,2,1,B_POS,aucun,FAIBLE
15,59.9,180,18.47,0,0,1,0,0,AB_NEG,aucun,FAIBLE
21,66.8,167,23.96,0,0,1,1,1,O_NEG,aucun,FAIBLE
24,48.6,154,20.5,0,0,1,1,1,A_NEG,aucun,FAIBLE
18,72.4,181,22.1,0,0,0,0,1,AB_POS,aucun,FAIBLE
24,54.6,157,22.15,0,0,0,1,1,O_POS,aucun,FAIBLE
18,40.2,151,17.63,0,0,1,0,0,A_NEG,aucun,FAIBLE
24,63.1,164,23.46,0,1,0,1,1,O_POS,hypertension,FAIBLE
27,71.7,176,23.15,0,0,1,1,1,O_NEG,aucun,FAIBLE
24,52.3,159,20.69,0,0,1,1,1,B_NEG,aucun,FAIBLE
27,68.5,169,23.99,0,0,1,1,1,A_NEG,aucun,FAIBLE
19,41.0,151,17.97,0,0,0,0,0,O_POS,aucun,FAIBLE
15,46.4,161,17.91,0,0,0,0,0,B_POS,aucun,FAIBLE
15,56.5,167,20.24,0,0,0,0,1,A_POS,aucun,FAIBLE
29,72.5,180,22.38,0,0,1,2,1,B_NEG,aucun,FAIBLE
15,66.4,175,21.68,0,0,1,0,1,A_NEG,aucun,FAIBLE
21,45.3,155,18.86,0,1,0,1,1,A_POS,hypertension,FAIBLE
24,62.0,163,23.33,0,0,0,1,1,A_POS,aucun,FAIBLE
20,49.6,154,20.9,0,0,0,1,1,AB_POS,aucun,FAIBLE
19,64.4,175,21.03,1,0,0,0,1,AB_POS,diabete,FAIBLE
26,56.2,154,23.69,0,0,1,1,1,B_NEG,aucun,FAIBLE
16,67.1,170,23.2,0,0,1,0,1,B_NEG,aucun,FAIBLE
29,53.0,163,19.93,0,0,1,2,1,AB_NEG,aucun,FAIBLE
29,51.3,162,19.54,0,0,0,2,1,AB_POS,aucun,FAIBLE
15,52.4,162,19.98,0,0,1,0,1,A_NEG,aucun,FAIBLE
28,51.0,158,20.42,0,0,1,2,1,A_NEG,aucun,FAIBLE
25,69.9,174,23.09,0,0,1,1,1,O_NEG,aucun,FAIBLE
21,68.1,170,23.55,0,0,0,1,1,O_POS,aucun,FAIBLE
19,60.4,161,23.31,0,0,1,0,1,B_NEG,aucun,FAIBLE
25,72.3,181,22.08,0,0,1,1,1,A_NEG,aucun,FAIBLE
21,46.9,160,18.33,0,0,1,1,0,B_NEG,aucun,FAIBLE
22,50.0,168,17.7,0,0,1,1,0,AB_NEG,aucun,FAIBLE
28,64.6,170,22.37,0,0,0,2,1,A_POS,aucun,FAIBLE
26,48.7,165,17.88,0,0,1,1,0,A_NEG,aucun,FAIBLE
28,56.1,160,21.91,0,0,1,2,1,B_NEG,aucun,FAIBLE
24,63.5,173,21.23,0,0,0,1,1,AB_POS,aucun,FAIBLE
18,57.7,167,20.67,0,0,0,0,1,B_POS,aucun,FAIBLE
29,67.4,165,24.77,0,0,1,2,1,AB_NEG,aucun,FAIBLE
15,49.5,161,19.09,0,0,0,0,1,O_POS,aucun,FAIBLE
20,67.9,181,20.74,0,0,0,1,1,O_POS,aucun,FAIBLE
16,73.2,180,22.6,0,0,0,0,1,O_POS,aucun,FAIBLE
23,67.1,166,24.37,0,0,1,1,1,A_NEG,aucun,FAIBLE
29,74.4,181,22.7,0,0,1,2,1,O_NEG,aucun,FAIBLE
22,55.5,176,17.91,0,0,1,1,0,A_NEG,aucun,FAIBLE
16,55.6,151,24.38,0,0,1,0,1,B_NEG,aucun,FAIBLE
26,50.8,155,21.16,0,0,0,1,1,B_POS,aucun,FAIBLE
18,55.0,170,19.03,0,0,0,0,1,A_POS,aucun,FAIBLE
16,60.1,157,24.37,0,1,1,0,1,A_NEG,hypertension,FAIBLE
18,79.4,180,24.5,0,0,1,0,1,A_NEG,aucun,FAIBLE
24,56.8,162,21.63,0,0,1,1,1,B_NEG,aucun,FAIBLE
18,50.6,168,17.94,0,0,0,0,0,B_POS,aucun,FAIBLE
27,62.0,174,20.49,0,1,1,1,1,B_NEG,hypertension,FAIBLE
19,46.0,156,18.88,0,0,0,0,1,A_POS,aucun,FAIBLE
29,68.4,170,23.67,0,0,1,2,1,A_NEG,aucun,FAIBLE
20,49.9,167,17.9,0,0,0,1,0,B_POS,aucun,FAIBLE
28,69.0,175,22.52,0,0,0,2,1,AB_POS,aucun,FAIBLE
15,68.2,168,24.16,0,0,1,0,1,A_NEG,aucun,FAIBLE
15,73.6,177,23.5,0,0,0,0,1,O_POS,aucun,FAIBLE
25,54.9,172,18.55,0,0,1,1,1,B_NEG,aucun,FAIBLE
26,66.8,177,21.31,0,0,1,1,1,B_NEG,aucun,FAIBLE
28,58.0,171,19.84,0,0,1,2,1,B_NEG,aucun,FAIBLE
21,52.8,166,19.18,0,0,1,1,1,O_NEG,aucun,FAIBLE
20,52.3,160,20.43,0,0,1,1,1,O_NEG,aucun,FAIBLE
25,60.4,168,21.4,0,0,0,1,1,O_POS,aucun,FAIBLE
26,56.5,176,18.24,0,1,1,1,0,A_NEG,hypertension,FAIBLE
18,72.0,173,24.05,0,0,1,0,1,AB_NEG,aucun,FAIBLE
16,52.3,163,19.69,0,0,0,0,1,A_POS,aucun,FAIBLE
23,46.6,158,18.68,0,0,0,1,1,B_POS,aucun,FAIBLE
26,47.6,152,20.62,0,0,1,1,1,AB_NEG,aucun,FAIBLE
15,45.6,158,18.28,0,0,1,0,0,AB_NEG,aucun,FAIBLE
18,56.7,178,17.89,0,0,0,0,0,B_POS,aucun,FAIBLE
15,45.2,157,18.34,0,0,1,0,0,AB_NEG,aucun,FAIBLE
29,41.8,150,18.59,0,0,0,2,1,O_POS,aucun,FAIBLE
28,45.1,151,19.79,0,0,0,2,1,B_POS,aucun,FAIBLE
27,56.2,168,19.91,1,1,0,1,1,AB_POS,diabete_hypertension,FAIBLE
27,61.2,161,23.62,0,0,1,1,1,O_NEG,aucun,FAIBLE
26,50.7,169,17.75,0,0,0,1,0,A_POS,aucun,FAIBLE
24,71.6,181,21.86,0,0,1,1,1,A_NEG,aucun,FAIBLE
22,67.9,179,21.18,0,0,1,1,1,O_NEG,aucun,FAIBLE
26,55.4,164,20.59,0,0,0,1,1,A_POS,aucun,FAIBLE
19,72.5,180,22.39,0,0,1,0,1,O_NEG,aucun,FAIBLE
27,73.6,180,22.72,0,0,0,1,1,B_POS,aucun,FAIBLE
19,54.5,160,21.29,0,0,0,0,1,O_POS,aucun,FAIBLE
29,52.0,160,20.32,0,0,1,2,1,B_NEG,aucun,FAIBLE
16,57.7,161,22.26,0,0,1,0,1,A_NEG,aucun,FAIBLE
22,58.2,177,18.57,0,0,0,1,1,AB_POS,aucun,FAIBLE
27,59.5,165,21.87,0,0,1,1,1,B_NEG,aucun,FAIBLE
26,64.4,178,20.32,0,0,0,1,1,O_POS,aucun,FAIBLE
25,47.1,156,19.35,0,0,0,1,1,AB_POS,aucun,FAIBLE
24,53.9,159,21.34,0,0,1,1,1,B_NEG,aucun,FAIBLE
21,60.2,158,24.13,0,0,1,1,1,O_NEG,aucun,FAIBLE
21,58.8,156,24.16,0,0,1,1,1,AB_NEG,aucun,FAIBLE
26,63.3,171,21.63,0,0,1,1,1,A_NEG,aucun,FAIBLE
28,60.0,158,24.05,1,0,1,2,1,A_NEG,diabete,FAIBLE
16,60.6,168,21.45,0,0,0,0,1,AB_POS,aucun,FAIBLE
21,66.6,175,21.74,0,0,0,1,1,AB_POS,aucun,FAIBLE
22,73.2,175,23.89,0,0,0,1,1,A_POS,aucun,FAIBLE
28,50.4,164,18.75,0,0,1,2,1,A_NEG,aucun,FAIBLE
29,56.4,155,23.49,0,0,0,2,1,AB_POS,aucun,FAIBLE
29,65.9,164,24.5,0,0,0,2,1,AB_POS,aucun,FAIBLE
25,55.8,160,21.8,0,0,1,1,1,O_NEG,aucun,FAIBLE
29,52.0,164,19.33,0,0,0,2,1,A_POS,aucun,FAIBLE
28,47.7,165,17.51,0,0,0,2,0,O_POS,aucun,FAIBLE
27,47.2,158,18.9,0,0,1,1,1,AB_NEG,aucun,FAIBLE
25,75.0,176,24.2,0,0,0,1,1,B_POS,aucun,FAIBLE
24,63.5,166,23.04,0,0,1,1,1,O_NEG,aucun,FAIBLE
18,49.8,153,21.28,1,1,1,0,1,O_NEG,diabete_hypertension,FAIBLE
28,71.0,179,22.17,0,0,0,2,1,A_POS,aucun,FAIBLE
27,65.3,163,24.58,0,0,0,1,1,B_POS,aucun,FAIBLE
24,54.2,162,20.64,0,0,0,1,1,B_POS,aucun,FAIBLE
28,71.7,173,23.95,0,0,1,2,1,A_NEG,aucun,FAIBLE
29,53.4,154,22.53,0,0,0,2,1,O_POS,aucun,FAIBLE
24,59.7,155,24.85,0,0,1,1,1,O_NEG,aucun,FAIBLE
26,65.2,181,19.91,0,0,1,1,1,A_NEG,aucun,FAIBLE
17,46.2,155,19.24,0,0,1,0,1,A_NEG,aucun,FAIBLE
16,57.9,179,18.07,0,0,0,0,0,B_POS,aucun,FAIBLE
21,47.3,164,17.6,1,0,0,1,0,O_POS,diabete,FAIBLE
16,55.9,166,20.28,0,0,1,0,1,A_NEG,aucun,FAIBLE
19,53.9,157,21.88,0,0,0,0,1,AB_POS,aucun,FAIBLE
27,56.2,162,21.43,0,0,1,1,1,A_NEG,aucun,FAIBLE
26,54.0,150,24.01,0,0,1,1,1,A_NEG,aucun,FAIBLE
22,74.2,181,22.66,0,0,0,1,1,A_POS,aucun,FAIBLE
17,42.3,155,17.6,0,0,1,0,0,AB_NEG,aucun,FAIBLE
28,56.3,165,20.66,0,0,0,2,1,A_POS,aucun,FAIBLE
19,71.2,176,22.99,0,0,0,0,1,B_POS,aucun,FAIBLE
29,63.4,161,24.44,0,0,0,2,1,A_POS,aucun,FAIBLE
29,59.4,177,18.98,0,0,1,2,1,B_NEG,aucun,FAIBLE
28,65.5,167,23.48,0,0,0,2,1,B_POS,aucun,FAIBLE
20,68.1,180,21.0,0,0,1,1,1,AB_NEG,aucun,FAIBLE
29,52.4,163,19.73,0,0,1,2,1,O_NEG,aucun,FAIBLE
24,73.5,177,23.46,0,0,0,1,1,B_POS,aucun,FAIBLE
17,76.2,179,23.79,0,0,0,0,1,O_POS,aucun,FAIBLE
26,49.4,153,21.11,0,1,0,1,1,AB_POS,hypertension,FAIBLE
28,45.2,153,19.33,1,0,0,2,1,AB_POS,diabete,FAIBLE
19,58.8,181,17.94,0,0,1,0,0,A_NEG,aucun,FAIBLE
28,41.0,152,17.76,0,0,0,2,0,O_POS,aucun,FAIBLE
29,48.0,150,21.33,1,1,0,2,1,A_POS,diabete_hypertension,FAIBLE
15,49.8,150,22.12,0,0,1,0,1,O_NEG,aucun,FAIBLE
17,68.7,173,22.96,0,1,1,0,1,B_NEG,hypertension,FAIBLE
29,55.9,166,20.3,0,0,0,2,1,O_POS,aucun,FAIBLE
19,56.4,175,18.43,0,0,1,0,0,O_NEG,aucun,FAIBLE
23,49.8,164,18.53,0,0,0,1,1,O_POS,aucun,FAIBLE
23,63.4,170,21.95,0,0,0,1,1,A_POS,aucun,FAIBLE
15,59.1,157,23.98,0,0,1,0,1,AB_NEG,aucun,FAIBLE
17,59.1,160,23.07,0,0,0,0,1,AB_POS,aucun,FAIBLE
22,70.8,176,22.86,0,0,0,1,1,AB_POS,aucun,FAIBLE
24,74.1,175,24.19,0,0,1,1,1,O_NEG,aucun,FAIBLE
20,48.8,157,19.79,0,0,0,1,1,A_POS,aucun,FAIBLE
29,49.1,160,19.19,0,0,1,2,1,B_NEG,aucun,FAIBLE
24,57.5,160,22.47,0,0,1,1,1,AB_NEG,aucun,FAIBLE
17,55.1,161,21.25,0,0,0,0,1,O_POS,aucun,FAIBLE
19,61.4,159,24.3,0,0,1,0,1,B_NEG,aucun,FAIBLE
23,44.6,159,17.63,0,0,1,1,0,AB_NEG,aucun,FAIBLE
15,63.0,179,19.66,0,0,1,0,1,O_NEG,aucun,FAIBLE
15,50.6,152,21.92,0,0,1,0,1,O_NEG,aucun,FAIBLE
16,50.3,164,18.68,0,0,0,0,1,AB_POS,aucun,FAIBLE
19,70.9,173,23.7,0,0,1,0,1,B_NEG,aucun,FAIBLE
17,48.6,151,21.32,0,0,0,0,1,B_POS,aucun,FAIBLE
17,53.5,150,23.78,0,0,1,0,1,AB_NEG,aucun,FAIBLE
18,57.9,166,21.0,0,0,0,0,1,AB_POS,aucun,FAIBLE
15,65.1,179,20.31,0,0,0,0,1,AB_POS,aucun,FAIBLE
20,51.3,160,20.04,0,0,0,1,1,O_POS,aucun,FAIBLE
24,45.3,155,18.87,0,0,1,1,1,O_NEG,aucun,FAIBLE
26,72.1,177,23.01,0,0,1,1,1,AB_NEG,aucun,FAIBLE
23,55.1,156,22.65,0,0,0,1,1,A_POS,aucun,FAIBLE
17,55.5,157,22.53,0,0,0,0,1,A_POS,aucun,FAIBLE
23,64.9,167,23.28,0,0,0,1,1,AB_POS,aucun,FAIBLE
25,42.9,150,19.06,0,0,0,1,1,AB_POS,aucun,FAIBLE
27,80.6,181,24.6,0,0,1,1,1,A_NEG,aucun,FAIBLE
15,67.7,165,24.88,0,0,0,0,1,B_POS,aucun,FAIBLE
15,65.9,170,22.79,0,0,1,0,1,O_NEG,aucun,FAIBLE
23,57.8,168,20.47,0,0,0,1,1,AB_POS,aucun,FAIBLE
22,59.7,172,20.17,1,0,1,1,1,B_NEG,diabete,FAIBLE
22,66.2,169,23.19,0,0,0,1,1,A_POS,aucun,FAIBLE
29,63.7,168,22.57,0,0,0,2,1,AB_POS,aucun,FAIBLE
26,49.8,152,21.53,0,0,1,1,1,A_NEG,aucun,FAIBLE
16,55.7,158,22.31,0,0,1,0,1,A_NEG,aucun,FAIBLE
15,55.7,178,17.57,0,0,0,0,0,O_POS,aucun,FAIBLE
17,54.7,173,18.27,0,0,1,0,0,O_NEG,aucun,FAIBLE
16,60.1,172,20.31,0,0,0,0,1,B_POS,aucun,FAIBLE
22,59.5,163,22.38,0,0,0,1,1,AB_POS,aucun,FAIBLE
26,45.4,155,18.9,0,0,1,1,1,B_NEG,aucun,FAIBLE
17,58.0,181,17.7,0,0,1,0,0,A_NEG,aucun,FAIBLE
24,56.8,157,23.05,0,0,1,1,1,AB_NEG,aucun,FAIBLE
17,67.9,176,21.93,0,0,1,0,1,O_NEG,aucun,FAIBLE
28,66.0,180,20.37,0,0,0,2,1,O_POS,aucun,FAIBLE
26,57.2,152,24.76,1,0,0,1,1,AB_POS,diabete,FAIBLE
15,73.6,178,23.22,0,0,1,0,1,A_NEG,aucun,FAIBLE
21,57.8,163,21.76,0,1,0,1,1,O_POS,hypertension,FAIBLE
28,53.7,151,23.56,0,0,0,2,1,AB_POS,aucun,FAIBLE
17,60.7,168,21.5,0,0,1,0,1,A_NEG,aucun,FAIBLE
21,46.8,163,17.62,0,0,0,1,0,B_POS,aucun,FAIBLE
24,48.8,152,21.12,0,0,0,1,1,B_POS,aucun,FAIBLE
24,65.9,174,21.75,0,0,1,1,1,AB_NEG,aucun,FAIBLE
19,57.9,176,18.68,0,0,1,0,1,A_NEG,aucun,FAIBLE
23,47.1,159,18.63,0,0,0,1,1,A_POS,aucun,FAIBLE
23,58.4,179,18.24,0,0,1,1,0,B_NEG,aucun,FAIBLE
18,66.8,166,24.24,0,0,1,0,1,AB_NEG,aucun,FAIBLE
23,47.3,154,19.94,0,0,0,1,1,A_POS,aucun,FAIBLE
29,69.5,171,23.77,0,0,0,2,1,O_POS,aucun,FAIBLE
23,51.2,166,18.59,0,0,0,1,1,O_POS,aucun,FAIBLE
16,66.7,177,21.31,0,0,1,0,1,B_NEG,aucun,FAIBLE
27,61.1,176,19.72,0,0,0,1,1,B_POS,aucun,FAIBLE
15,62.6,171,21.41,0,0,0,0,1,AB_POS,aucun,FAIBLE
16,65.6,164,24.39,0,0,1,0,1,A_NEG,aucun,FAIBLE
18,56.7,169,19.87,0,0,1,0,1,B_NEG,aucun,FAIBLE
18,60.5,179,18.89,0,0,1,0,1,O_NEG,aucun,FAIBLE
17,73.4,179,22.9,0,0,1,0,1,B_NEG,aucun,FAIBLE
27,51.4,162,19.58,0,0,0,1,1,A_POS,aucun,FAIBLE
19,73.6,177,23.49,0,0,0,0,1,A_POS,aucun,FAIBLE
22,54.6,161,21.08,0,0,0,1,1,B_POS,aucun,FAIBLE
22,46.6,150,20.72,0,0,1,1,1,A_NEG,aucun,FAIBLE
16,43.7,153,18.66,0,0,1,0,1,A_NEG,aucun,FAIBLE
20,64.1,172,21.66,0,0,0,1,1,B_POS,aucun,FAIBLE
17,52.4,163,19.74,0,0,0,0,1,B_POS,aucun,FAIBLE
18,64.4,173,21.51,0,0,0,0,1,A_POS,aucun,FAIBLE
27,52.7,171,18.03,0,1,0,1,0,B_POS,hypertension,FAIBLE
16,50.4,150,22.4,0,0,1,0,1,O_NEG,aucun,FAIBLE
29,49.7,164,18.49,0,0,1,2,0,B_NEG,aucun,FAIBLE
24,55.5,174,18.34,0,0,0,1,0,AB_POS,aucun,FAIBLE
20,58.8,166,21.36,0,0,1,1,1,AB_NEG,aucun,FAIBLE
22,51.8,151,22.72,0,0,1,1,1,AB_NEG,aucun,FAIBLE
28,52.8,165,19.41,0,0,1,2,1,O_NEG,aucun,FAIBLE
20,53.2,153,22.72,0,0,1,1,1,A_NEG,aucun,FAIBLE
23,54.7,160,21.35,0,0,1,1,1,O_NEG,aucun,FAIBLE
19,49.9,164,18.54,1,0,0,0,1,A_POS,diabete,FAIBLE
17,58.5,174,19.33,0,0,1,0,1,A_NEG,aucun,FAIBLE
18,59.8,159,23.66,0,0,0,0,1,B_POS,aucun,FAIBLE
16,56.7,159,22.43,0,0,0,0,1,A_POS,aucun,FAIBLE
22,65.8,170,22.77,0,0,0,1,1,A_POS,aucun,FAIBLE
16,69.1,168,24.49,0,0,0,0,1,A_POS,aucun,FAIBLE
22,43.7,154,18.44,0,0,1,1,0,B_NEG,aucun,FAIBLE
21,56.6,155,23.54,0,0,1,1,1,B_NEG,aucun,FAIBLE
27,66.1,174,21.84,0,0,1,1,1,O_NEG,aucun,FAIBLE
21,62.7,169,21.96,0,0,1,1,1,O_NEG,aucun,FAIBLE
28,54.8,159,21.66,0,0,0,2,1,O_POS,aucun,FAIBLE
22,59.3,156,24.38,0,0,1,1,1,B_NEG,aucun,FAIBLE
25,43.7,156,17.95,0,0,1,1,0,A_NEG,aucun,FAIBLE
28,42.0,152,18.16,0,0,1,2,0,B_NEG,aucun,FAIBLE
28,51.4,150,22.86,0,0,0,2,1,AB_POS,aucun,FAIBLE
29,59.9,166,21.74,0,0,1,2,1,AB_NEG,aucun,FAIBLE
24,59.1,163,22.26,0,0,1,1,1,B_NEG,aucun,FAIBLE
17,71.9,178,22.69,0,0,1,0,1,AB_NEG,aucun,FAIBLE
25,61.3,177,19.55,0,0,1,1,1,B_NEG,aucun,FAIBLE
29,47.4,160,18.51,0,0,0,2,1,B_POS,aucun,FAIBLE
23,54.1,160,21.12,0,0,0,1,1,A_POS,aucun,FAIBLE
25,68.2,166,24.76,0,0,1,1,1,AB_NEG,aucun,FAIBLE
23,60.2,168,21.33,0,0,1,1,1,A_NEG,aucun,FAIBLE
20,47.8,155,19.88,0,0,0,1,1,AB_POS,aucun,FAIBLE
25,57.2,154,24.12,0,0,0,1,1,O_POS,aucun,FAIBLE
24,60.9,181,18.6,0,0,0,1,1,B_POS,aucun,FAIBLE
27,57.1,156,23.47,1,0,0,1,1,O_POS,diabete,FAIBLE
20,60.5,177,19.31,0,0,1,1,1,O_NEG,aucun,FAIBLE
24,60.6,162,23.07,0,0,0,1,1,O_POS,aucun,FAIBLE
26,73.8,175,24.09,0,0,1,1,1,A_NEG,aucun,FAIBLE
22,61.0,161,23.55,0,0,1,1,1,O_NEG,aucun,FAIBLE
20,61.3,177,19.55,0,0,1,1,1,O_NEG,aucun,FAIBLE
21,58.2,157,23.63,0,0,0,1,1,B_POS,aucun,FAIBLE
15,52.2,165,19.17,1,0,0,0,1,B_POS,diabete,FAIBLE
25,63.4,162,24.15,0,0,1,1,1,O_NEG,aucun,FAIBLE
26,67.8,171,23.2,0,0,1,1,1,B_NEG,aucun,FAIBLE
15,54.3,169,19.01,0,0,0,0,1,B_POS,aucun,FAIBLE
25,57.9,173,19.33,0,0,0,1,1,A_POS,aucun,FAIBLE
17,55.0,156,22.6,0,0,0,0,1,AB_POS,aucun,FAIBLE
16,64.3,173,21.48,0,0,0,0,1,O_POS,aucun,FAIBLE
21,48.2,158,19.31,0,0,0,1,1,B_POS,aucun,FAIBLE
29,49.3,156,20.27,0,0,0,2,1,A_POS,aucun,FAIBLE
17,64.0,165,23.52,0,0,0,0,1,AB_POS,aucun,FAIBLE
16,54.6,175,17.82,0,0,0,0,0,B_POS,aucun,FAIBLE
20,52.5,167,18.84,0,0,0,1,1,O_POS,aucun,FAIBLE
22,48.3,160,18.87,0,0,1,1,1,A_NEG,aucun,FAIBLE
29,61.1,161,23.56,0,0,0,2,1,A_POS,aucun,FAIBLE
28,76.1,181,23.24,0,0,0,2,1,B_POS,aucun,FAIBLE
17,53.3,153,22.78,0,0,1,0,1,A_NEG,aucun,FAIBLE
27,50.4,169,17.66,0,0,1,1,0,A_NEG,aucun,FAIBLE
21,67.4,168,23.89,0,0,0,1,1,A_POS,aucun,FAIBLE
22,59.0,173,19.7,0,0,0,1,1,O_POS,aucun,FAIBLE
16,66.4,170,22.98,0,0,0,0,1,O_POS,aucun,FAIBLE
29,56.9,152,24.62,0,0,0,2,1,O_POS,aucun,FAIBLE
18,50.8,155,21.14,0,0,0,0,1,O_POS,aucun,FAIBLE
18,54.9,172,18.56,0,0,0,0,1,B_POS,aucun,FAIBLE
18,65.4,173,21.84,0,0,1,0,1,A_NEG,aucun,FAIBLE
29,64.0,178,20.19,0,0,0,2,1,O_POS,aucun,FAIBLE
29,53.2,171,18.18,0,0,0,2,0,B_POS,aucun,FAIBLE
15,57.2,152,24.78,0,0,1,0,1,B_NEG,aucun,FAIBLE
25,54.5,175,17.8,0,0,0,1,0,A_POS,aucun,FAIBLE
18,45.7,159,18.06,0,0,0,0,0,A_POS,aucun,FAIBLE
29,53.7,152,23.24,0,0,0,2,1,AB_POS,aucun,FAIBLE
28,53.9,154,22.73,0,0,1,2,1,O_NEG,aucun,FAIBLE
20,64.0,179,19.98,0,0,0,1,1,AB_POS,aucun,FAIBLE
25,61.2,176,19.75,0,0,0,1,1,A_POS,aucun,FAIBLE
17,63.8,172,21.58,0,0,0,0,1,AB_POS,aucun,FAIBLE
22,64.5,165,23.69,1,0,0,1,1,B_POS,diabete,FAIBLE
28,57.3,158,22.94,0,0,1,2,1,O_NEG,aucun,FAIBLE
21,69.4,177,22.17,0,0,0,1,1,A_POS,aucun,FAIBLE
26,65.8,173,21.98,0,0,1,1,1,B_NEG,aucun,FAIBLE
18,56.3,178,17.78,0,0,0,0,0,A_POS,aucun,FAIBLE
16,45.7,155,19.04,0,0,0,0,1,B_POS,aucun,FAIBLE
16,54.3,157,22.03,0,0,1,0,1,B_NEG,aucun,FAIBLE
29,74.9,181,22.87,0,0,0,2,1,A_POS,aucun,FAIBLE
21,63.7,170,22.04,0,0,0,1,1,B_POS,aucun,FAIBLE
27,72.4,175,23.63,0,0,0,1,1,B_POS,aucun,FAIBLE
23,65.0,174,21.48,0,0,0,1,1,AB_POS,aucun,FAIBLE
24,54.5,170,18.86,0,0,1,1,1,B_NEG,aucun,FAIBLE
17,51.8,155,21.54,0,0,0,0,1,AB_POS,aucun,FAIBLE
16,61.0,171,20.87,0,0,0,0,1,O_POS,aucun,FAIBLE
28,50.2,158,20.12,0,0,1,2,1,O_NEG,aucun,FAIBLE
25,56.9,167,20.4,0,0,1,1,1,B_NEG,aucun,FAIBLE
27,43.5,153,18.58,0,0,1,1,1,AB_NEG,aucun,FAIBLE
20,58.8,154,24.79,0,0,1,1,1,A_NEG,aucun,FAIBLE
21,69.4,168,24.58,0,0,1,1,1,O_NEG,aucun,FAIBLE
15,45.1,155,18.77,0,0,0,0,1,O_POS,aucun,FAIBLE
19,54.1,169,18.94,0,0,0,0,1,A_POS,aucun,FAIBLE
16,78.9,178,24.9,0,0,1,0,1,O_NEG,aucun,FAIBLE
21,57.0,179,17.8,0,0,0,1,0,B_POS,aucun,FAIBLE
19,65.5,172,22.13,0,0,0,0,1,AB_POS,aucun,FAIBLE
20,64.0,163,24.08,0,0,0,1,1,B_POS,aucun,FAIBLE
26,51.2,155,21.31,0,0,0,1,1,B_POS,aucun,FAIBLE
16,56.3,151,24.7,0,0,0,0,1,O_POS,aucun,FAIBLE
19,70.9,181,21.65,0,0,1,0,1,O_NEG,aucun,FAIBLE
18,53.4,172,18.04,1,0,0,0,0,B_POS,diabete,FAIBLE
23,41.1,150,18.28,0,0,0,1,0,AB_POS,aucun,FAIBLE
28,72.1,177,23.02,0,0,1,2,1,O_NEG,aucun,FAIBLE
25,49.6,158,19.86,0,0,0,1,1,A_POS,aucun,FAIBLE
28,47.0,153,20.06,0,0,1,2,1,O_NEG,aucun,FAIBLE
16,52.7,173,17.61,0,0,0,0,0,A_POS,aucun,FAIBLE
23,60.6,170,20.97,0,1,1,1,1,AB_NEG,hypertension,FAIBLE
22,70.1,168,24.83,1,0,0,1,1,O_POS,diabete,FAIBLE
25,43.9,155,18.27,0,0,1,1,0,A_NEG,aucun,FAIBLE
18,53.4,167,19.13,0,0,0,0,1,B_POS,aucun,FAIBLE
19,67.8,181,20.71,0,0,1,0,1,AB_NEG,aucun,FAIBLE
26,51.9,160,20.27,0,0,0,1,1,A_POS,aucun,FAIBLE
20,58.4,169,20.46,0,0,0,1,1,AB_POS,aucun,FAIBLE
25,58.4,160,22.82,0,1,0,1,1,AB_POS,hypertension,FAIBLE
28,75.2,180,23.22,0,0,0,2,1,B_POS,aucun,FAIBLE
16,48.1,158,19.27,0,0,0,0,1,AB_POS,aucun,FAIBLE
27,53.0,154,22.34,0,0,0,1,1,O_POS,aucun,FAIBLE
29,48.0,155,19.98,0,0,0,2,1,B_POS,aucun,FAIBLE
28,67.2,176,21.69,0,0,1,2,1,O_NEG,aucun,FAIBLE
15,52.7,151,23.13,0,1,0,0,1,O_POS,hypertension,FAIBLE
24,57.9,167,20.78,0,0,1,1,1,AB_NEG,aucun,FAIBLE
20,53.3,173,17.81,0,0,0,1,0,AB_POS,aucun,FAIBLE
29,59.0,164,21.95,0,0,1,2,1,O_NEG,aucun,FAIBLE
16,69.1,167,24.79,0,0,0,0,1,O_POS,aucun,FAIBLE
23,48.9,155,20.36,1,0,1,1,1,O_NEG,diabete,FAIBLE
18,75.4,178,23.81,0,0,1,0,1,B_NEG,aucun,FAIBLE
29,46.2,157,18.74,0,0,0,2,1,A_POS,aucun,FAIBLE
16,58.8,167,21.07,0,0,1,0,1,AB_NEG,aucun,FAIBLE
21,69.2,167,24.83,0,0,1,1,1,B_NEG,aucun,FAIBLE
28,60.3,159,23.86,0,0,1,2,1,AB_NEG,aucun,FAIBLE
18,63.6,160,24.86,0,0,1,0,1,A_NEG,aucun,FAIBLE
25,51.7,152,22.37,1,0,1,1,1,B_NEG,diabete,FAIBLE
19,46.0,150,20.43,0,0,1,0,1,AB_NEG,aucun,FAIBLE
15,68.2,169,23.87,0,0,0,0,1,A_POS,aucun,FAIBLE
25,77.1,180,23.81,0,0,1,1,1,O_NEG,aucun,FAIBLE
28,64.4,172,21.78,0,0,1,2,1,O_NEG,aucun,FAIBLE
28,57.6,160,22.51,0,0,1,2,1,B_NEG,aucun,FAIBLE
18,46.3,162,17.65,0,0,1,0,0,A_NEG,aucun,FAIBLE
22,57.6,165,21.15,0,0,0,1,1,AB_POS,aucun,FAIBLE
27,60.1,180,18.54,0,0,0,1,1,B_POS,aucun,FAIBLE
15,49.2,157,19.96,0,0,0,0,1,A_POS,aucun,FAIBLE
19,54.6,166,19.82,0,0,1,0,1,AB_NEG,aucun,FAIBLE
21,67.7,173,22.64,0,0,1,1,1,AB_NEG,aucun,FAIBLE
27,58.1,156,23.89,0,0,1,1,1,AB_NEG,aucun,FAIBLE
28,59.1,166,21.44,0,0,1,2,1,A_NEG,aucun,FAIBLE
17,65.4,165,24.03,0,0,1,0,1,AB_NEG,aucun,FAIBLE
19,53.7,156,22.05,0,0,1,0,1,O_NEG,aucun,FAIBLE
19,80.4,181,24.54,0,0,0,0,1,A_POS,aucun,FAIBLE
21,54.5,161,21.02,0,0,0,1,1,AB_POS,aucun,FAIBLE
25,60.9,169,21.32,0,1,0,1,1,O_POS,hypertension,FAIBLE
24,58.3,158,23.34,0,0,1,1,1,B_NEG,aucun,FAIBLE
21,49.2,155,20.5,0,0,1,1,1,O_NEG,aucun,FAIBLE
18,57.3,155,23.85,0,0,1,0,1,A_NEG,aucun,FAIBLE
26,57.3,177,18.3,0,0,0,1,0,A_POS,aucun,FAIBLE
16,48.7,165,17.88,0,0,0,0,0,O_POS,aucun,FAIBLE
18,53.9,150,23.96,0,0,1,0,1,A_NEG,aucun,FAIBLE
24,44.5,150,19.78,0,0,1,1,1,A_NEG,aucun,FAIBLE
21,59.3,172,20.06,0,0,1,1,1,B_NEG,aucun,FAIBLE
22,56.1,151,24.59,0,0,1,1,1,AB_NEG,aucun,FAIBLE
21,58.0,161,22.37,0,0,0,1,1,O_POS,aucun,FAIBLE
28,62.1,178,19.6,0,0,0,2,1,O_POS,aucun,FAIBLE
22,66.6,175,21.74,0,0,0,1,1,O_POS,aucun,FAIBLE
20,77.7,179,24.27,0,0,0,1,1,A_POS,aucun,FAIBLE
18,56.4,166,20.45,0,0,1,0,1,B_NEG,aucun,FAIBLE
28,45.8,160,17.89,0,0,0,2,0,B_POS,aucun,FAIBLE
24,56.6,151,24.81,1,0,0,1,1,AB_POS,diabete,FAIBLE
25,53.3,151,23.37,0,0,0,1,1,AB_POS,aucun,FAIBLE
24,44.1,151,19.36,0,0,0,1,1,AB_POS,aucun,FAIBLE
18,49.5,163,18.63,1,0,0,0,1,O_POS,diabete,FAIBLE
28,68.8,167,24.67,0,1,1,2,1,O_NEG,hypertension,FAIBLE
23,42.5,151,18.62,0,0,0,1,1,O_POS,aucun,FAIBLE
22,78.9,181,24.07,0,0,1,1,1,A_NEG,aucun,FAIBLE
16,55.1,166,20.0,0,0,1,0,1,O_NEG,aucun,FAIBLE
24,42.9,153,18.34,1,0,1,1,0,O_NEG,diabete,FAIBLE
28,72.6,172,24.55,1,1,1,2,1,O_NEG,diabete_hypertension,FAIBLE
17,47.4,158,18.97,0,0,0,0,1,A_POS,aucun,FAIBLE
25,50.2,164,18.68,0,0,1,1,1,O_NEG,aucun,FAIBLE
24,64.1,174,21.18,0,0,0,1,1,AB_POS,aucun,FAIBLE
23,56.5,179,17.63,0,0,1,1,0,B_NEG,aucun,FAIBLE
17,51.7,156,21.26,0,1,1,0,1,AB_NEG,hypertension,FAIBLE
27,41.0,151,17.98,0,0,0,1,0,O_POS,aucun,FAIBLE
23,51.9,159,20.53,0,0,1,1,1,B_NEG,aucun,FAIBLE
28,58.9,174,19.46,0,0,0,2,1,O_POS,aucun,FAIBLE
18,57.6,153,24.6,0,1,0,0,1,B_POS,hypertension,FAIBLE
15,54.4,158,21.79,0,0,0,0,1,B_POS,aucun,FAIBLE
26,70.4,171,24.08,0,0,0,1,1,A_POS,aucun,FAIBLE
19,63.2,174,20.87,0,0,0,0,1,AB_POS,aucun,FAIBLE
18,55.9,172,18.89,0,0,0,0,1,O_POS,aucun,FAIBLE
25,47.1,158,18.88,1,0,0,1,1,O_POS,diabete,FAIBLE
29,57.2,174,18.9,1,0,0,2,1,B_POS,diabete,FAIBLE
26,53.5,167,19.2,0,0,0,1,1,A_POS,aucun,FAIBLE
19,73.6,181,22.47,0,0,1,0,1,O_NEG,aucun,FAIBLE
20,49.0,163,18.44,0,0,0,1,0,O_POS,aucun,FAIBLE
22,54.5,162,20.78,0,0,1,1,1,B_NEG,aucun,FAIBLE
16,54.0,168,19.12,0,0,1,0,1,B_NEG,aucun,FAIBLE
26,51.3,161,19.78,0,0,1,1,1,AB_NEG,aucun,FAIBLE
28,60.2,169,21.07,0,0,1,2,1,O_NEG,aucun,FAIBLE
22,58.5,158,23.45,0,0,0,1,1,A_POS,aucun,FAIBLE
19,57.7,172,19.49,0,0,1,0,1,B_NEG,aucun,FAIBLE
28,66.0,179,20.59,0,0,1,2,1,A_NEG,aucun,FAIBLE
16,65.5,165,24.06,0,0,0,0,1,O_POS,aucun,FAIBLE
18,53.0,156,21.79,0,0,1,0,1,A_NEG,aucun,FAIBLE
27,52.1,162,19.84,0,0,0,1,1,B_POS,aucun,FAIBLE
29,64.5,165,23.68,0,0,0,2,1,B_POS,aucun,FAIBLE
19,60.2,158,24.11,0,0,0,0,1,B_POS,aucun,FAIBLE
15,53.5,154,22.56,0,0,0,0,1,A_POS,aucun,FAIBLE
15,47.1,152,20.39,0,0,0,0,1,AB_POS,aucun,FAIBLE
27,57.9,159,22.92,1,0,1,1,1,B_NEG,diabete,FAIBLE
15,48.3,156,19.84,0,0,0,0,1,O_POS,aucun,FAIBLE
22,56.7,166,20.58,0,0,0,1,1,A_POS,aucun,FAIBLE
21,42.7,150,18.98,0,0,0,1,1,AB_POS,aucun,FAIBLE
29,57.1,159,22.58,0,0,1,2,1,O_NEG,aucun,FAIBLE
23,59.3,174,19.58,0,0,1,1,1,B_NEG,aucun,FAIBLE
22,73.8,175,24.08,0,0,1,1,1,B_NEG,aucun,FAIBLE
26,43.9,152,19.01,0,0,1,1,1,O_NEG,aucun,FAIBLE
27,54.4,173,18.19,0,0,0,1,0,A_POS,aucun,FAIBLE
28,54.3,165,19.95,0,0,1,2,1,A_NEG,aucun,FAIBLE
27,61.7,173,20.63,0,0,1,1,1,B_NEG,aucun,FAIBLE
20,44.3,153,18.91,0,0,0,1,1,O_POS,aucun,FAIBLE
16,47.5,151,20.85,0,0,1,0,1,B_NEG,aucun,FAIBLE
19,52.4,169,18.35,0,0,1,0,0,A_NEG,aucun,FAIBLE
21,61.3,167,21.98,0,0,1,1,1,A_NEG,aucun,FAIBLE
15,64.9,170,22.46,0,0,1,0,1,B_NEG,aucun,FAIBLE
27,59.5,161,22.97,0,0,0,1,1,O_POS,aucun,FAIBLE
21,47.7,157,19.34,0,0,1,1,1,B_NEG,aucun,FAIBLE
28,52.8,159,20.89,0,0,1,2,1,AB_NEG,aucun,FAIBLE
25,63.8,171,21.81,0,0,1,1,1,A_NEG,aucun,FAIBLE
16,52.7,171,18.03,1,0,1,0,0,AB_NEG,diabete,FAIBLE
18,65.3,170,22.59,0,0,1,0,1,O_NEG,aucun,FAIBLE
17,56.2,172,18.99,0,1,0,0,1,A_POS,hypertension,FAIBLE
20,71.1,169,24.89,0,0,0,1,1,A_POS,aucun,FAIBLE
19,63.1,175,20.6,0,0,1,0,1,B_NEG,aucun,FAIBLE
23,54.5,153,23.3,0,0,0,1,1,O_POS,aucun,FAIBLE
20,59.7,173,19.96,0,0,0,1,1,O_POS,aucun,FAIBLE
28,52.8,161,20.37,0,0,1,2,1,B_NEG,aucun,FAIBLE
22,65.8,164,24.45,0,0,1,1,1,O_NEG,aucun,FAIBLE
19,49.7,155,20.69,0,0,0,0,1,AB_POS,aucun,FAIBLE
24,55.9,170,19.35,0,0,0,1,1,O_POS,aucun,FAIBLE
27,46.1,157,18.71,0,0,1,1,1,A_NEG,aucun,FAIBLE
24,62.5,162,23.8,0,0,0,1,1,AB_POS,aucun,FAIBLE
29,62.2,179,19.42,0,0,0,2,1,AB_POS,aucun,FAIBLE
28,55.1,160,21.54,0,0,0,2,1,O_POS,aucun,FAIBLE
25,57.1,154,24.08,0,0,1,1,1,O_NEG,aucun,FAIBLE
15,50.3,152,21.79,0,0,0,0,1,B_POS,aucun,FAIBLE
15,59.8,155,24.88,0,0,1,0,1,AB_NEG,aucun,FAIBLE
26,57.0,159,22.55,0,0,1,1,1,O_NEG,aucun,FAIBLE
20,49.8,162,18.97,0,0,1,1,1,B_NEG,aucun,FAIBLE
25,56.6,172,19.12,0,0,0,1,1,B_POS,aucun,FAIBLE
20,74.4,174,24.59,0,0,0,1,1,A_POS,aucun,FAIBLE
17,58.0,153,24.78,0,0,1,0,1,B_NEG,aucun,FAIBLE
22,51.2,150,22.76,0,0,0,1,1,A_POS,aucun,FAIBLE
21,50.8,150,22.59,0,0,0,1,1,O_POS,aucun,FAIBLE
29,54.8,150,24.34,0,0,1,2,1,A_NEG,aucun,FAIBLE
22,44.4,150,19.75,0,0,1,1,1,AB_NEG,aucun,FAIBLE
24,62.2,160,24.28,1,0,0,1,1,AB_POS,diabete,FAIBLE
17,75.3,176,24.3,1,0,0,0,1,O_POS,diabete,FAIBLE
20,44.7,157,18.14,0,0,0,1,0,O_POS,aucun,FAIBLE
25,60.6,168,21.46,0,0,0,1,1,B_POS,aucun,FAIBLE
24,59.9,178,18.9,0,0,0,1,1,B_POS,aucun,FAIBLE
21,47.4,151,20.8,0,0,1,1,1,B_NEG,aucun,FAIBLE
20,65.6,172,22.16,0,0,1,1,1,B_NEG,aucun,FAIBLE
28,48.5,152,20.99,0,0,1,2,1,A_NEG,aucun,FAIBLE
17,46.8,156,19.25,0,0,0,0,1,A_POS,aucun,FAIBLE
20,57.0,168,20.19,0,0,0,1,1,AB_POS,aucun,FAIBLE
16,67.7,173,22.62,0,0,0,0,1,AB_POS,aucun,FAIBLE
23,55.7,166,20.2,1,0,0,1,1,O_POS,diabete,FAIBLE
21,63.7,170,22.05,0,0,1,1,1,O_NEG,aucun,FAIBLE
24,52.0,163,19.56,0,0,1,1,1,A_NEG,aucun,FAIBLE
23,57.0,154,24.03,0,0,0,1,1,A_POS,aucun,FAIBLE
22,52.5,169,18.38,0,0,1,1,0,B_NEG,aucun,FAIBLE
18,50.2,165,18.43,0,0,0,0,0,B_POS,aucun,FAIBLE
22,53.5,167,19.17,0,0,0,1,1,B_POS,aucun,FAIBLE
24,67.7,179,21.11,0,0,1,1,1,O_NEG,aucun,FAIBLE
26,78.1,181,23.84,0,0,0,1,1,O_POS,aucun,FAIBLE
25,48.2,164,17.93,0,0,0,1,0,A_POS,aucun,FAIBLE
21,50.3,162,19.17,0,0,0,1,1,AB_POS,aucun,FAIBLE
26,64.5,172,21.81,0,0,1,1,1,AB_NEG,aucun,FAIBLE
20,48.1,151,21.09,0,0,1,1,1,B_NEG,aucun,FAIBLE
20,74.8,178,23.62,0,0,0,1,1,AB_POS,aucun,FAIBLE
24,57.4,170,19.86,0,0,0,1,1,AB_POS,aucun,FAIBLE
20,54.5,160,21.3,0,0,1,1,1,AB_NEG,aucun,FAIBLE
29,61.3,166,22.25,0,0,1,2,1,A_NEG,aucun,FAIBLE
21,45.1,150,20.03,0,0,0,1,1,O_POS,aucun,FAIBLE
28,65.5,163,24.65,0,0,0,2,1,B_POS,aucun,FAIBLE
27,51.8,171,17.7,0,0,1,1,0,O_NEG,aucun,FAIBLE
28,59.8,160,23.35,0,1,0,2,1,AB_POS,hypertension,FAIBLE
15,54.7,163,20.6,0,0,0,0,1,B_POS,aucun,FAIBLE
15,42.1,154,17.76,1,0,0,0,0,O_POS,diabete,FAIBLE
29,53.9,154,22.72,0,0,0,2,1,O_POS,aucun,FAIBLE
27,70.4,175,23.0,0,0,0,1,1,A_POS,aucun,FAIBLE
15,60.5,166,21.94,0,1,0,0,1,AB_POS,hypertension,FAIBLE
27,64.3,180,19.83,0,0,1,1,1,AB_NEG,aucun,FAIBLE
16,51.7,162,19.71,0,0,0,0,1,AB_POS,aucun,FAIBLE
17,56.0,153,23.93,0,0,0,0,1,A_POS,aucun,FAIBLE
23,59.3,180,18.3,0,0,1,1,0,O_NEG,aucun,FAIBLE
21,69.8,175,22.79,0,0,1,1,1,O_NEG,aucun,FAIBLE
19,58.3,164,21.66,0,0,1,0,1,O_NEG,aucun,FAIBLE
27,72.8,177,23.23,0,0,1,1,1,B_NEG,aucun,FAIBLE
15,41.4,151,18.15,0,0,0,0,0,O_POS,aucun,FAIBLE
21,48.6,150,21.58,0,0,0,1,1,O_POS,aucun,FAIBLE
26,63.7,179,19.89,0,0,0,1,1,O_POS,aucun,FAIBLE
23,54.4,152,23.55,0,0,1,1,1,O_NEG,aucun,FAIBLE
21,53.1,171,18.16,0,0,1,1,0,AB_NEG,aucun,FAIBLE
21,48.4,160,18.92,0,0,0,1,1,B_POS,aucun,FAIBLE
23,62.1,158,24.86,0,0,0,1,1,B_POS,aucun,FAIBLE
23,62.8,161,24.22,0,0,1,1,1,O_NEG,aucun,FAIBLE
15,62.1,178,19.59,0,0,1,0,1,AB_NEG,aucun,FAIBLE
22,46.1,159,18.22,0,0,1,1,0,B_NEG,aucun,FAIBLE
18,70.4,178,22.23,1,1,0,0,1,A_POS,diabete_hypertension,FAIBLE
21,53.7,175,17.54,0,0,1,1,0,B_NEG,aucun,FAIBLE
28,51.5,171,17.6,0,0,1,2,0,O_NEG,aucun,FAIBLE
17,56.5,160,22.09,0,0,0,0,1,AB_POS,aucun,FAIBLE
22,70.6,169,24.73,0,0,0,1,1,B_POS,aucun,FAIBLE
23,49.8,155,20.75,0,0,0,1,1,AB_POS,aucun,FAIBLE
17,53.1,151,23.31,0,1,0,0,1,A_POS,hypertension,FAIBLE
28,46.0,156,18.9,0,0,1,2,1,B_NEG,aucun,FAIBLE
15,49.9,160,19.51,0,0,1,0,1,O_NEG,aucun,FAIBLE
19,58.7,172,19.85,0,0,0,0,1,AB_POS,aucun,FAIBLE
16,53.1,151,23.29,1,0,0,0,1,B_POS,diabete,FAIBLE
24,42.6,152,18.45,0,0,0,1,0,AB_POS,aucun,FAIBLE
18,49.7,154,20.95,0,0,0,0,1,O_POS,aucun,FAIBLE
23,57.8,179,18.05,0,0,0,1,0,B_POS,aucun,FAIBLE
17,42.1,155,17.5,0,1,0,0,0,B_POS,hypertension,FAIBLE
25,56.2,171,19.23,0,0,1,1,1,O_NEG,aucun,FAIBLE
26,62.2,167,22.31,0,0,0,1,1,O_POS,aucun,FAIBLE
19,67.5,175,22.05,1,0,0,0,1,AB_POS,diabete,FAIBLE
25,48.3,150,21.47,0,0,0,1,1,AB_POS,aucun,FAIBLE
19,67.5,179,21.05,1,1,0,0,1,A_POS,diabete_hypertension,FAIBLE
15,68.4,170,23.66,0,0,1,0,1,B_NEG,aucun,FAIBLE
24,62.5,180,19.29,1,0,1,1,1,B_NEG,diabete,FAIBLE
28,52.5,154,22.13,0,0,0,2,1,O_POS,aucun,FAIBLE
18,75.0,174,24.78,0,0,0,0,1,AB_POS,aucun,FAIBLE
19,51.4,153,21.97,0,0,1,0,1,A_NEG,aucun,FAIBLE
16,45.6,151,19.99,0,0,0,0,1,A_POS,aucun,FAIBLE
29,56.4,179,17.59,0,0,0,2,0,A_POS,aucun,FAIBLE
18,50.0,168,17.72,0,0,1,0,0,AB_NEG,aucun,FAIBLE
23,73.0,177,23.29,0,0,1,1,1,B_NEG,aucun,FAIBLE
18,77.9,180,24.05,0,0,0,0,1,A_POS,aucun,FAIBLE
21,45.0,155,18.75,0,0,0,1,1,A_POS,aucun,FAIBLE
29,50.7,151,22.23,0,0,0,2,1,AB_POS,aucun,FAIBLE
23,51.4,155,21.39,0,0,1,1,1,AB_NEG,aucun,FAIBLE
23,62.8,173,20.98,0,0,1,1,1,B_NEG,aucun,FAIBLE
24,42.6,155,17.73,0,0,1,1,0,B_NEG,aucun,FAIBLE
28,68.4,170,23.67,0,0,0,2,1,O_POS,aucun,FAIBLE
24,62.5,168,22.15,0,0,0,1,1,O_POS,aucun,FAIBLE
20,65.1,171,22.27,0,0,1,1,1,B_NEG,aucun,FAIBLE
28,51.5,155,21.44,1,0,1,2,1,B_NEG,diabete,FAIBLE
24,60.1,174,19.86,0,0,1,1,1,B_NEG,aucun,FAIBLE
18,65.8,174,21.73,0,0,0,0,1,A_POS,aucun,FAIBLE
28,65.8,166,23.88,0,0,1,2,1,AB_NEG,aucun,FAIBLE
17,46.4,158,18.59,0,0,0,0,1,B_POS,aucun,FAIBLE
28,63.7,164,23.69,0,0,1,2,1,O_NEG,aucun,FAIBLE
24,64.4,168,22.83,0,0,0,1,1,B_POS,aucun,FAIBLE
25,56.8,158,22.73,0,0,1,1,1,O_NEG,aucun,FAIBLE
23,61.9,160,24.18,0,0,0,1,1,A_POS,aucun,FAIBLE
26,61.3,171,20.95,0,0,0,1,1,AB_POS,aucun,FAIBLE
15,59.4,173,19.86,0,0,1,0,1,O_NEG,aucun,FAIBLE
29,59.0,169,20.66,0,0,1,2,1,AB_NEG,aucun,FAIBLE
23,55.4,162,21.11,0,0,0,1,1,B_POS,aucun,FAIBLE
15,54.2,151,23.75,0,0,1,0,1,A_NEG,aucun,FAIBLE
26,46.6,150,20.73,0,0,0,1,1,O_POS,aucun,FAIBLE
20,62.4,176,20.14,0,0,0,1,1,O_POS,aucun,FAIBLE
19,53.2,164,19.77,0,0,1,0,1,O_NEG,aucun,FAIBLE
17,52.7,172,17.82,0,0,1,0,0,AB_NEG,aucun,FAIBLE
16,54.1,165,19.88,0,0,0,0,1,B_POS,aucun,FAIBLE
28,47.7,162,18.18,0,0,1,2,0,B_NEG,aucun,FAIBLE
26,46.7,161,18.01,1,0,1,1,0,B_NEG,diabete,FAIBLE
28,49.1,166,17.8,0,0,1,2,0,AB_NEG,aucun,FAIBLE
23,60.1,170,20.8,0,0,0,1,1,A_POS,aucun,FAIBLE
25,77.0,177,24.58,0,0,1,1,1,O_NEG,aucun,FAIBLE
18,49.6,163,18.67,0,0,1,0,1,B_NEG,aucun,FAIBLE
27,48.3,165,17.76,0,0,1,1,0,A_NEG,aucun,FAIBLE
27,47.9,152,20.74,0,0,1,1,1,A_NEG,aucun,FAIBLE
22,53.5,159,21.15,0,0,1,1,1,A_NEG,aucun,FAIBLE
20,51.2,156,21.03,0,0,0,1,1,A_POS,aucun,FAIBLE
29,61.4,159,24.31,0,0,1,2,1,B_NEG,aucun,FAIBLE
15,49.9,157,20.23,0,0,0,0,1,O_POS,aucun,FAIBLE
27,67.2,165,24.68,0,0,0,1,1,O_POS,aucun,FAIBLE
15,64.5,165,23.69,0,0,1,0,1,B_NEG,aucun,FAIBLE
24,53.6,155,22.33,0,0,1,1,1,A_NEG,aucun,FAIBLE
16,64.8,168,22.95,0,0,1,0,1,B_NEG,aucun,FAIBLE
27,52.7,158,21.12,0,0,1,1,1,O_NEG,aucun,FAIBLE
23,67.6,172,22.85,0,0,1,1,1,A_NEG,aucun,FAIBLE
29,49.8,158,19.95,0,0,1,2,1,A_NEG,aucun,FAIBLE
17,49.0,152,21.19,0,0,0,0,1,A_POS,aucun,FAIBLE
18,57.3,161,22.09,0,0,0,0,1,AB_POS,aucun,FAIBLE
29,56.1,178,17.7,0,0,0,2,0,AB_POS,aucun,FAIBLE
29,53.0,166,19.24,0,0,1,2,1,AB_NEG,aucun,FAIBLE
28,71.8,179,22.4,0,0,0,2,1,AB_POS,aucun,FAIBLE
26,59.6,166,21.63,0,0,0,1,1,B_POS,aucun,FAIBLE
22,69.6,173,23.26,0,0,0,1,1,A_POS,aucun,FAIBLE
26,57.9,160,22.61,0,0,1,1,1,B_NEG,aucun,FAIBLE
23,56.3,164,20.93,1,1,1,1,1,A_NEG,diabete_hypertension,FAIBLE
23,71.2,177,22.74,0,0,0,1,1,AB_POS,aucun,FAIBLE
17,50.9,166,18.47,0,0,1,0,0,B_NEG,aucun,FAIBLE
29,70.0,168,24.78,0,0,1,2,1,AB_NEG,aucun,FAIBLE
26,66.0,165,24.24,0,0,0,1,1,AB_POS,aucun,FAIBLE
20,53.4,165,19.6,1,0,1,1,1,O_NEG,diabete,FAIBLE
22,57.4,171,19.63,0,0,1,1,1,O_NEG,aucun,FAIBLE
28,65.7,169,23.01,0,0,0,2,1,B_POS,aucun,FAIBLE
23,56.7,158,22.72,0,0,0,1,1,O_POS,aucun,FAIBLE
22,64.7,175,21.13,0,0,0,1,1,AB_POS,aucun,FAIBLE
29,46.5,150,20.66,0,0,1,2,1,B_NEG,aucun,FAIBLE
27,66.5,166,24.14,0,0,0,1,1,O_POS,aucun,FAIBLE
27,46.9,154,19.76,0,0,1,1,1,A_NEG,aucun,FAIBLE
28,59.0,174,19.48,0,0,1,2,1,AB_NEG,aucun,FAIBLE
17,74.4,174,24.56,0,0,1,0,1,AB_NEG,aucun,FAIBLE
21,64.9,164,24.13,0,0,0,1,1,B_POS,aucun,FAIBLE
16,65.1,173,21.76,0,0,1,0,1,O_NEG,aucun,FAIBLE
26,56.3,163,21.2,1,0,1,1,1,A_NEG,diabete,FAIBLE
20,42.8,150,19.03,0,0,0,1,1,A_POS,aucun,FAIBLE
21,49.7,153,21.23,0,0,1,1,1,A_NEG,aucun,FAIBLE
15,44.8,159,17.74,0,0,0,0,0,B_POS,aucun,FAIBLE
28,53.1,174,17.53,0,0,0,2,0,A_POS,aucun,FAIBLE
25,51.0,161,19.69,0,0,1,1,1,A_NEG,aucun,FAIBLE
16,61.3,175,20.03,0,0,1,0,1,A_NEG,aucun,FAIBLE
27,53.0,165,19.46,0,0,1,1,1,O_NEG,aucun,FAIBLE
16,72.0,180,22.23,0,0,0,0,1,B_POS,aucun,FAIBLE
19,67.9,172,22.94,0,0,1,0,1,A_NEG,aucun,FAIBLE
27,59.5,155,24.76,0,0,1,1,1,B_NEG,aucun,FAIBLE
19,60.6,156,24.9,0,0,0,0,1,B_POS,aucun,FAIBLE
26,57.0,153,24.36,0,0,0,1,1,B_POS,aucun,FAIBLE
19,54.2,165,19.9,0,0,0,0,1,B_POS,aucun,FAIBLE
17,66.4,177,21.19,0,0,0,0,1,AB_POS,aucun,FAIBLE
23,72.3,171,24.73,0,0,0,1,1,AB_POS,aucun,FAIBLE
29,60.7,177,19.38,0,0,1,2,1,B_NEG,aucun,FAIBLE
24,51.9,150,23.07,0,0,1,1,1,O_NEG,aucun,FAIBLE
18,47.5,158,19.01,0,0,0,0,1,O_POS,aucun,FAIBLE
29,66.3,168,23.49,0,0,1,2,1,A_NEG,aucun,FAIBLE
19,53.1,161,20.47,0,0,0,0,1,A_POS,aucun,FAIBLE
22,46.9,156,19.28,0,0,1,1,1,A_NEG,aucun,FAIBLE
23,58.5,154,24.68,0,0,1,1,1,B_NEG,aucun,FAIBLE
28,59.0,173,19.73,0,0,0,2,1,B_POS,aucun,FAIBLE
22,58.0,167,20.81,0,0,1,1,1,B_NEG,aucun,FAIBLE
28,48.3,165,17.74,0,0,1,2,0,A_NEG,aucun,FAIBLE
24,57.6,168,20.4,0,0,0,1,1,A_POS,aucun,FAIBLE
15,60.5,158,24.24,0,1,1,0,1,O_NEG,hypertension,FAIBLE
22,59.2,174,19.55,0,0,1,1,1,A_NEG,aucun,FAIBLE
17,54.3,176,17.53,0,1,1,0,0,AB_NEG,hypertension,FAIBLE
21,59.7,165,21.92,0,0,0,1,1,B_POS,aucun,FAIBLE
23,72.4,173,24.19,0,0,0,1,1,A_POS,aucun,FAIBLE
16,57.9,161,22.34,0,0,1,0,1,A_NEG,aucun,FAIBLE
25,64.8,165,23.81,0,0,0,1,1,B_POS,aucun,FAIBLE
22,52.9,158,21.21,0,0,0,1,1,B_POS,aucun,FAIBLE
15,54.2,175,17.71,1,0,1,0,0,AB_NEG,diabete,FAIBLE
22,55.2,150,24.53,0,0,1,1,1,AB_NEG,aucun,FAIBLE
25,44.6,157,18.08,0,0,0,1,0,A_POS,aucun,FAIBLE
26,58.2,163,21.91,0,0,1,1,1,O_NEG,aucun,FAIBLE
27,63.7,166,23.11,1,0,1,1,1,O_NEG,diabete,FAIBLE
25,57.5,159,22.73,0,0,0,1,1,B_POS,aucun,FAIBLE
23,64.6,163,24.32,0,0,0,1,1,A_POS,aucun,FAIBLE
18,59.9,166,21.75,0,0,1,0,1,AB_NEG,aucun,FAIBLE
24,58.9,159,23.3,0,0,1,1,1,O_NEG,aucun,FAIBLE
24,66.4,174,21.94,0,0,0,1,1,AB_POS,aucun,FAIBLE
16,65.6,181,20.01,0,0,0,0,1,AB_POS,aucun,FAIBLE
28,54.3,159,21.5,0,0,0,2,1,O_POS,aucun,FAIBLE
28,75.4,180,23.27,0,0,0,2,1,AB_POS,aucun,FAIBLE
17,58.6,175,19.14,0,0,0,0,1,A_POS,aucun,FAIBLE
18,50.7,160,19.82,0,1,0,0,1,B_POS,hypertension,FAIBLE
23,57.3,152,24.79,0,0,1,1,1,B_NEG,aucun,FAIBLE
17,56.5,179,17.62,0,0,1,0,0,AB_NEG,aucun,FAIBLE
24,67.1,173,22.43,0,0,1,1,1,B_NEG,aucun,FAIBLE
21,58.9,163,22.18,0,0,1,1,1,AB_NEG,aucun,FAIBLE
18,59.2,171,20.25,0,0,0,0,1,O_POS,aucun,FAIBLE
23,78.5,180,24.24,0,0,0,1,1,O_POS,aucun,FAIBLE
24,52.1,153,22.26,1,0,1,1,1,AB_NEG,diabete,FAIBLE
27,51.1,167,18.33,0,0,1,1,0,A_NEG,aucun,FAIBLE
23,69.0,176,22.28,0,0,1,1,1,B_NEG,aucun,FAIBLE
25,59.9,173,20.02,0,1,0,1,1,B_POS,hypertension,FAIBLE
22,47.6,151,20.89,1,0,1,1,1,B_NEG,diabete,FAIBLE
23,62.7,181,19.13,0,0,1,1,1,O_NEG,aucun,FAIBLE
29,59.2,179,18.48,0,0,0,2,0,AB_POS,aucun,FAIBLE
15,59.6,159,23.57,0,0,1,0,1,AB_NEG,aucun,FAIBLE
16,59.4,180,18.33,0,1,1,0,0,B_NEG,hypertension,FAIBLE
23,56.2,171,19.24,0,0,1,1,1,B_NEG,aucun,FAIBLE
27,60.3,164,22.42,0,0,1,1,1,B_NEG,aucun,FAIBLE
20,73.8,180,22.78,1,0,1,1,1,O_NEG,diabete,FAIBLE
24,53.7,168,19.02,0,0,0,1,1,A_POS,aucun,FAIBLE
20,68.1,177,21.75,0,0,0,1,1,AB_POS,aucun,FAIBLE
18,63.9,171,21.84,0,0,0,0,1,AB_POS,aucun,FAIBLE
27,53.6,153,22.91,0,0,1,1,1,A_NEG,aucun,FAIBLE
19,55.7,157,22.6,0,0,0,0,1,B_POS,aucun,FAIBLE
25,58.3,166,21.17,0,0,0,1,1,AB_POS,aucun,FAIBLE
17,54.6,169,19.11,0,0,0,0,1,AB_POS,aucun,FAIBLE
22,56.5,178,17.84,0,0,0,1,0,B_POS,aucun,FAIBLE
25,49.5,159,19.56,0,0,1,1,1,B_NEG,aucun,FAIBLE
28,50.4,150,22.4,0,0,0,2,1,O_POS,aucun,FAIBLE
29,43.4,153,18.53,0,0,1,2,1,A_NEG,aucun,FAIBLE
22,46.4,162,17.68,1,0,0,1,0,B_POS,diabete,FAIBLE
17,52.5,159,20.75,0,0,1,0,1,O_NEG,aucun,FAIBLE
18,42.3,153,18.07,0,0,1,0,0,B_NEG,aucun,FAIBLE
19,45.1,159,17.85,0,0,0,0,0,B_POS,aucun,FAIBLE
28,59.3,163,22.32,0,0,0,2,1,B_POS,aucun,FAIBLE
26,50.8,157,20.6,0,0,1,1,1,B_NEG,aucun,FAIBLE
23,50.3,162,19.15,0,0,0,1,1,A_POS,aucun,FAIBLE
21,61.5,177,19.63,0,0,1,1,1,B_NEG,aucun,FAIBLE
15,59.3,162,22.59,0,0,0,0,1,B_POS,aucun,FAIBLE
15,63.5,178,20.04,0,0,0,0,1,B_POS,aucun,FAIBLE
28,58.8,164,21.85,0,0,0,2,1,AB_POS,aucun,FAIBLE
16,51.4,167,18.42,0,0,1,0,0,B_NEG,aucun,FAIBLE
23,61.7,176,19.91,0,0,1,1,1,A_NEG,aucun,FAIBLE
22,58.9,167,21.13,0,0,0,1,1,AB_POS,aucun,FAIBLE
28,63.0,165,23.15,0,0,0,2,1,A_POS,aucun,MOYEN
29,60.1,153,25.69,0,1,0,2,2,AB_POS,hypertension,MOYEN
36,93.0,180,28.69,0,0,0,3,2,B_POS,aucun,MOYEN
34,55.6,156,22.85,0,1,1,2,1,B_NEG,hypertension,MOYEN
35,69.8,154,29.43,0,0,1,3,2,B_NEG,aucun,MOYEN
32,61.0,162,23.24,0,0,1,2,1,A_NEG,aucun,MOYEN
36,69.3,176,22.38,0,0,0,3,1,B_POS,aucun,MOYEN
37,68.0,175,22.2,0,0,0,3,1,A_POS,aucun,MOYEN
29,62.5,158,25.04,0,0,0,2,2,A_POS,aucun,MOYEN
30,79.9,177,25.49,0,0,1,2,2,O_NEG,aucun,MOYEN
30,61.3,159,24.25,1,0,1,2,1,A_NEG,diabete,MOYEN
29,65.9,155,27.43,0,1,1,2,2,B_NEG,hypertension,MOYEN
32,56.9,156,23.38,0,0,1,2,1,B_NEG,aucun,MOYEN
28,72.7,177,23.21,0,0,1,2,1,A_NEG,aucun,MOYEN
35,51.6,151,22.65,0,0,1,3,1,B_NEG,aucun,MOYEN
37,74.4,162,28.33,0,0,1,3,2,A_NEG,aucun,MOYEN
32,64.5,161,24.89,0,0,0,2,1,O_POS,aucun,MOYEN
29,83.0,176,26.8,0,1,1,2,2,AB_NEG,hypertension,MOYEN
31,90.2,175,29.47,0,0,0,2,2,AB_POS,aucun,MOYEN
37,57.7,154,24.34,0,1,0,3,1,AB_POS,hypertension,MOYEN
33,68.1,171,23.27,0,0,1,2,1,AB_NEG,aucun,MOYEN
34,81.7,166,29.65,1,0,0,2,2,AB_POS,diabete,MOYEN
33,77.0,180,23.77,1,0,0,2,1,AB_POS,diabete,MOYEN
30,62.8,158,25.15,0,1,1,2,2,A_NEG,hypertension,MOYEN
37,55.8,159,22.06,1,0,0,3,1,B_POS,diabete,MOYEN
36,66.4,154,28.01,0,0,1,3,2,B_NEG,aucun,MOYEN
34,60.3,153,25.78,1,0,1,2,2,AB_NEG,diabete,MOYEN
32,83.5,180,25.78,0,1,0,2,2,O_POS,hypertension,MOYEN
37,82.4,169,28.86,0,0,0,3,2,B_POS,aucun,MOYEN
37,88.5,172,29.92,0,0,1,3,2,AB_NEG,aucun,MOYEN
36,90.8,178,28.66,1,1,1,3,2,AB_NEG,diabete_hypertension,MOYEN
33,55.6,156,22.85,0,0,1,2,1,O_NEG,aucun,MOYEN
35,68.4,155,28.47,1,0,1,3,2,A_NEG,diabete,MOYEN
34,56.0,155,23.31,0,1,1,2,1,O_NEG,hypertension,MOYEN
33,54.0,151,23.68,0,0,0,2,1,O_POS,aucun,MOYEN
31,88.2,177,28.16,0,0,1,2,2,A_NEG,aucun,MOYEN
34,74.4,167,26.68,0,0,1,2,2,B_NEG,aucun,MOYEN
30,66.1,158,26.5,0,1,1,2,2,B_NEG,hypertension,MOYEN
36,66.0,156,27.11,1,0,0,3,2,B_POS,diabete,MOYEN
31,83.2,172,28.12,0,1,1,2,2,AB_NEG,hypertension,MOYEN
36,79.5,165,29.2,0,1,1,3,2,O_NEG,hypertension,MOYEN
30,71.8,170,24.83,1,1,0,2,1,A_POS,diabete_hypertension,MOYEN
29,74.0,161,28.56,0,0,1,2,2,O_NEG,aucun,MOYEN
37,74.3,175,24.25,1,0,0,3,1,AB_POS,diabete,MOYEN
29,68.1,152,29.48,0,0,0,2,2,O_POS,aucun,MOYEN
33,68.1,168,24.14,0,0,0,2,1,B_POS,aucun,MOYEN
29,74.3,160,29.01,1,0,0,2,2,B_POS,diabete,MOYEN
35,60.8,155,25.32,0,0,0,3,2,AB_POS,aucun,MOYEN
36,62.2,161,23.98,0,1,1,3,1,AB_NEG,hypertension,MOYEN
32,66.2,165,24.31,1,0,0,2,1,AB_POS,diabete,MOYEN
33,77.7,170,26.9,0,0,1,2,2,B_NEG,aucun,MOYEN
35,73.5,171,25.14,1,0,1,3,2,B_NEG,diabete,MOYEN
36,63.8,162,24.3,0,0,1,3,1,AB_NEG,aucun,MOYEN
34,68.8,161,26.55,1,0,1,2,2,AB_NEG,diabete,MOYEN
28,63.5,150,28.23,0,0,0,2,2,O_POS,aucun,MOYEN
37,86.1,176,27.8,0,0,0,3,2,B_POS,aucun,MOYEN
34,57.1,152,24.7,0,0,1,2,1,O_NEG,aucun,MOYEN
31,79.3,178,25.03,0,0,0,2,2,AB_POS,aucun,MOYEN
34,72.3,174,23.87,0,1,1,2,1,B_NEG,hypertension,MOYEN
33,57.8,152,25.02,1,0,1,2,2,O_NEG,diabete,MOYEN
35,75.1,169,26.29,0,1,0,3,2,A_POS,hypertension,MOYEN
29,82.7,172,27.97,0,0,0,2,2,B_POS,aucun,MOYEN
37,60.8,163,22.89,0,0,0,3,1,B_POS,aucun,MOYEN
34,74.7,159,29.56,1,1,1,2,2,AB_NEG,diabete_hypertension,MOYEN
29,68.3,166,24.78,1,1,0,2,1,B_POS,diabete_hypertension,MOYEN
35,74.8,181,22.83,1,1,1,3,1,O_NEG,diabete_hypertension,MOYEN
36,86.1,181,26.28,1,1,1,3,2,A_NEG,diabete_hypertension,MOYEN
30,77.6,171,26.53,1,0,1,2,2,A_NEG,diabete,MOYEN
30,53.4,154,22.54,0,1,0,2,1,O_POS,hypertension,MOYEN
36,72.2,163,27.18,1,0,0,3,2,O_POS,diabete,MOYEN
37,72.2,159,28.57,0,0,0,3,2,B_POS,aucun,MOYEN
33,87.0,175,28.41,0,0,1,2,2,O_NEG,aucun,MOYEN
32,71.0,157,28.81,0,1,1,2,2,A_NEG,hypertension,MOYEN
33,71.6,164,26.6,1,1,1,2,2,B_NEG,diabete_hypertension,MOYEN
28,58.5,158,23.45,0,1,0,2,1,B_POS,hypertension,MOYEN
33,69.8,155,29.07,1,0,1,2,2,B_NEG,diabete,MOYEN
30,66.8,151,29.28,0,1,0,2,2,O_POS,hypertension,MOYEN
37,57.0,160,22.27,0,1,1,3,1,AB_NEG,hypertension,MOYEN
36,98.1,181,29.95,0,1,0,3,2,B_POS,hypertension,MOYEN
28,60.1,161,23.19,0,1,1,2,1,AB_NEG,hypertension,MOYEN
34,54.3,151,23.81,1,0,1,2,1,AB_NEG,diabete,MOYEN
37,72.7,157,29.49,0,0,0,3,2,B_POS,aucun,MOYEN
36,74.2,158,29.74,0,0,0,3,2,A_POS,aucun,MOYEN
35,57.8,161,22.32,0,0,0,3,1,O_POS,aucun,MOYEN
31,71.7,155,29.84,1,0,0,2,2,O_POS,diabete,MOYEN
35,63.9,155,26.6,1,0,0,3,2,A_POS,diabete,MOYEN
33,77.6,162,29.56,0,0,1,2,2,A_NEG,aucun,MOYEN
37,92.4,177,29.5,0,0,1,3,2,B_NEG,aucun,MOYEN
34,65.0,153,27.76,0,1,0,2,2,O_POS,hypertension,MOYEN
36,66.6,169,23.32,0,1,1,3,1,AB_NEG,hypertension,MOYEN
37,87.3,177,27.88,0,1,1,3,2,A_NEG,hypertension,MOYEN
36,86.5,178,27.32,1,0,0,3,2,AB_POS,diabete,MOYEN
33,73.5,171,25.12,0,1,0,2,2,A_POS,hypertension,MOYEN
37,78.7,177,25.12,0,0,0,3,2,AB_POS,aucun,MOYEN
32,62.5,167,22.41,0,0,1,2,1,AB_NEG,aucun,MOYEN
32,60.5,157,24.55,1,0,0,2,1,A_POS,diabete,MOYEN
36,83.7,172,28.29,1,0,1,3,2,B_NEG,diabete,MOYEN
34,86.5,175,28.26,1,0,1,2,2,AB_NEG,diabete,MOYEN
30,71.5,157,29.01,0,0,1,2,2,A_NEG,aucun,MOYEN
35,96.4,181,29.42,0,0,0,3,2,AB_POS,aucun,MOYEN
33,51.7,151,22.66,1,0,0,2,1,AB_POS,diabete,MOYEN
35,71.9,163,27.08,0,1,1,3,2,O_NEG,hypertension,MOYEN
30,79.7,170,27.57,0,0,1,2,2,AB_NEG,aucun,MOYEN
32,87.6,171,29.94,0,1,1,2,2,A_NEG,hypertension,MOYEN
36,59.0,155,24.56,1,0,1,3,1,A_NEG,diabete,MOYEN
28,55.9,153,23.89,1,0,0,2,1,B_POS,diabete,MOYEN
36,55.9,151,24.51,1,0,1,3,1,AB_NEG,diabete,MOYEN
31,60.2,156,24.72,0,1,1,2,1,B_NEG,hypertension,MOYEN
34,67.0,171,22.9,0,0,0,2,1,O_POS,aucun,MOYEN
32,81.8,174,27.03,0,1,1,2,2,B_NEG,hypertension,MOYEN
30,71.8,166,26.04,1,0,1,2,2,AB_NEG,diabete,MOYEN
32,85.2,175,27.83,0,0,1,2,2,A_NEG,aucun,MOYEN
31,89.7,175,29.29,0,0,1,2,2,B_NEG,aucun,MOYEN
35,57.0,151,24.99,0,0,1,3,1,AB_NEG,aucun,MOYEN
31,88.6,179,27.65,0,0,1,2,2,AB_NEG,aucun,MOYEN
36,85.7,175,27.97,0,0,1,3,2,B_NEG,aucun,MOYEN
33,58.0,153,24.76,0,1,1,2,1,O_NEG,hypertension,MOYEN
35,65.9,173,22.01,1,0,0,3,1,A_POS,diabete,MOYEN
35,57.4,153,24.52,1,0,1,3,1,A_NEG,diabete,MOYEN
29,58.1,162,22.13,0,0,0,2,1,AB_POS,aucun,MOYEN
28,62.3,151,27.33,0,0,1,2,2,O_NEG,aucun,MOYEN
28,67.7,161,26.12,0,1,1,2,2,B_NEG,hypertension,MOYEN
37,58.8,156,24.16,0,1,0,3,1,O_POS,hypertension,MOYEN
34,75.5,177,24.08,0,0,1,2,1,B_NEG,aucun,MOYEN
29,78.6,163,29.57,1,0,0,2,2,AB_POS,diabete,MOYEN
29,69.3,165,25.46,0,0,1,2,2,B_NEG,aucun,MOYEN
31,61.7,157,25.03,0,0,0,2,2,A_POS,aucun,MOYEN
37,56.0,154,23.62,0,1,0,3,1,A_POS,hypertension,MOYEN
36,56.7,154,23.9,0,0,0,3,1,O_POS,aucun,MOYEN
36,67.9,161,26.21,1,0,0,3,2,B_POS,diabete,MOYEN
31,60.3,151,26.43,1,0,0,2,2,B_POS,diabete,MOYEN
36,56.0,159,22.14,0,0,0,3,1,O_POS,aucun,MOYEN
33,74.6,170,25.8,0,0,0,2,2,AB_POS,aucun,MOYEN
33,76.8,173,25.67,0,1,0,2,2,AB_POS,hypertension,MOYEN
34,76.8,175,25.09,0,1,1,2,2,AB_NEG,hypertension,MOYEN
31,76.5,177,24.42,0,1,0,2,1,O_POS,hypertension,MOYEN
35,61.9,162,23.59,1,0,1,3,1,O_NEG,diabete,MOYEN
36,78.5,181,23.97,1,0,1,3,1,A_NEG,diabete,MOYEN
28,70.3,167,25.22,1,1,0,2,2,A_POS,diabete_hypertension,MOYEN
31,82.7,181,25.24,1,0,0,2,2,O_POS,diabete,MOYEN
33,72.5,174,23.96,0,0,1,2,1,A_NEG,aucun,MOYEN
31,59.8,158,23.97,1,0,0,2,1,A_POS,diabete,MOYEN
28,65.5,161,25.25,1,0,0,2,2,AB_POS,diabete,MOYEN
36,63.2,162,24.08,1,0,1,3,1,O_NEG,diabete,MOYEN
37,70.3,159,27.8,1,0,1,3,2,B_NEG,diabete,MOYEN
32,64.5,169,22.57,0,0,1,2,1,A_NEG,aucun,MOYEN
36,65.7,170,22.75,0,0,0,3,1,AB_POS,aucun,MOYEN
33,83.6,169,29.25,0,1,1,2,2,O_NEG,hypertension,MOYEN
28,61.3,151,26.88,0,1,1,2,2,O_NEG,hypertension,MOYEN
37,75.5,166,27.4,0,0,1,3,2,O_NEG,aucun,MOYEN
30,63.1,168,22.35,1,0,0,2,1,B_POS,diabete,MOYEN
34,74.2,160,29.0,0,0,1,2,2,O_NEG,aucun,MOYEN
30,65.1,165,23.9,0,0,1,2,1,B_NEG,aucun,MOYEN
34,90.2,179,28.15,0,1,1,2,2,AB_NEG,hypertension,MOYEN
31,67.0,172,22.66,0,1,1,2,1,AB_NEG,hypertension,MOYEN
37,60.0,155,24.98,1,0,0,3,1,B_POS,diabete,MOYEN
31,69.7,178,22.01,1,0,1,2,1,A_NEG,diabete,MOYEN
29,69.3,163,26.08,0,0,1,2,2,B_NEG,aucun,MOYEN
34,77.9,170,26.94,0,0,1,2,2,A_NEG,aucun,MOYEN
36,81.6,166,29.63,0,0,1,3,2,B_NEG,aucun,MOYEN
36,60.1,157,24.37,0,0,0,3,1,O_POS,aucun,MOYEN
33,73.4,169,25.69,0,0,0,2,2,AB_POS,aucun,MOYEN
31,86.6,180,26.74,1,0,1,2,2,A_NEG,diabete,MOYEN
29,64.3,156,26.42,0,0,1,2,2,AB_NEG,aucun,MOYEN
29,69.7,164,25.92,1,0,0,2,2,B_POS,diabete,MOYEN
33,59.0,157,23.93,0,0,0,2,1,A_POS,aucun,MOYEN
34,84.7,173,28.3,0,0,0,2,2,B_POS,aucun,MOYEN
33,68.5,161,26.43,0,0,1,2,2,AB_NEG,aucun,MOYEN
37,73.8,180,22.78,0,0,0,3,1,A_POS,aucun,MOYEN
33,63.9,159,25.27,0,0,1,2,2,A_NEG,aucun,MOYEN
34,62.7,156,25.78,0,1,0,2,2,O_POS,hypertension,MOYEN
33,81.1,178,25.6,0,0,0,2,2,A_POS,aucun,MOYEN
31,84.0,179,26.21,0,0,1,2,2,A_NEG,aucun,MOYEN
32,63.4,167,22.73,0,0,1,2,1,O_NEG,aucun,MOYEN
36,75.1,159,29.71,1,0,0,3,2,AB_POS,diabete,MOYEN
37,62.2,157,25.22,0,1,0,3,2,B_POS,hypertension,MOYEN
33,50.2,151,22.0,0,0,0,2,1,B_POS,aucun,MOYEN
37,79.3,176,25.61,0,1,0,3,2,A_POS,hypertension,MOYEN
35,68.8,160,26.86,0,0,0,3,2,B_POS,aucun,MOYEN
33,65.6,150,29.17,0,0,1,2,2,AB_NEG,aucun,MOYEN
36,55.7,151,24.42,0,1,0,3,1,AB_POS,hypertension,MOYEN
36,69.2,163,26.04,0,1,1,3,2,AB_NEG,hypertension,MOYEN
34,60.1,159,23.78,0,0,0,2,1,A_POS,aucun,MOYEN
31,74.9,176,24.17,1,0,1,2,1,AB_NEG,diabete,MOYEN
32,75.8,160,29.61,1,0,1,2,2,B_NEG,diabete,MOYEN
36,85.3,177,27.22,0,0,1,3,2,B_NEG,aucun,MOYEN
30,86.0,178,27.13,0,0,1,2,2,A_NEG,aucun,MOYEN
34,76.6,180,23.64,1,1,1,2,1,AB_NEG,diabete_hypertension,MOYEN
37,83.8,176,27.05,1,1,0,3,2,O_POS,diabete_hypertension,MOYEN
37,70.8,156,29.11,1,0,1,3,2,O_NEG,diabete,MOYEN
36,58.0,161,22.38,0,0,1,3,1,AB_NEG,aucun,MOYEN
36,73.4,181,22.39,0,0,1,3,1,B_NEG,aucun,MOYEN
32,63.1,162,24.05,0,1,0,2,1,B_POS,hypertension,MOYEN
35,70.7,163,26.59,1,0,0,3,2,A_POS,diabete,MOYEN
33,57.0,153,24.35,0,0,1,2,1,B_NEG,aucun,MOYEN
28,83.0,179,25.91,1,1,0,2,2,B_POS,diabete_hypertension,MOYEN
31,66.3,153,28.31,0,0,0,2,2,A_POS,aucun,MOYEN
34,83.6,171,28.58,0,1,0,2,2,A_POS,hypertension,MOYEN
32,75.9,171,25.95,1,0,0,2,2,A_POS,diabete,MOYEN
33,61.5,161,23.73,0,0,1,2,1,O_NEG,aucun,MOYEN
28,87.4,172,29.53,0,0,0,2,2,O_POS,aucun,MOYEN
32,61.4,151,26.93,1,0,0,2,2,O_POS,diabete,MOYEN
31,60.7,160,23.72,0,0,0,2,1,B_POS,aucun,MOYEN
30,87.8,175,28.68,1,0,0,2,2,B_POS,diabete,MOYEN
35,88.3,181,26.95,0,1,1,3,2,A_NEG,hypertension,MOYEN
34,66.7,164,24.79,1,0,1,2,1,O_NEG,diabete,MOYEN
29,75.1,163,28.28,1,0,1,2,2,B_NEG,diabete,MOYEN
34,71.2,155,29.65,0,0,1,2,2,O_NEG,aucun,MOYEN
34,59.4,150,26.41,0,0,1,2,2,O_NEG,aucun,MOYEN
29,56.5,153,24.15,1,0,0,2,1,O_POS,diabete,MOYEN
31,67.5,160,26.36,1,0,1,2,2,O_NEG,diabete,MOYEN
29,62.6,165,23.01,0,0,1,2,1,B_NEG,aucun,MOYEN
35,84.6,176,27.31,0,0,0,3,2,A_POS,aucun,MOYEN
33,74.2,181,22.64,0,0,1,2,1,AB_NEG,aucun,MOYEN
31,65.2,158,26.11,1,0,0,2,2,A_POS,diabete,MOYEN
28,74.2,159,29.37,1,0,1,2,2,B_NEG,diabete,MOYEN
35,74.2,163,27.93,0,1,1,3,2,O_NEG,hypertension,MOYEN
29,57.6,153,24.59,0,1,0,2,1,A_POS,hypertension,MOYEN
34,55.9,153,23.86,1,0,0,2,1,A_POS,diabete,MOYEN
33,58.5,153,24.99,1,0,0,2,1,O_POS,diabete,MOYEN
32,65.1,171,22.26,0,1,0,2,1,A_POS,hypertension,MOYEN
33,66.5,158,26.63,0,1,0,2,2,AB_POS,hypertension,MOYEN
33,70.5,172,23.84,1,0,1,2,1,B_NEG,diabete,MOYEN
37,76.2,164,28.35,1,0,1,3,2,A_NEG,diabete,MOYEN
31,60.8,164,22.6,1,0,0,2,1,A_POS,diabete,MOYEN
37,75.2,161,29.0,0,0,0,3,2,B_POS,aucun,MOYEN
33,64.6,155,26.9,1,0,0,2,2,B_POS,diabete,MOYEN
34,62.5,164,23.23,0,0,1,2,1,O_NEG,aucun,MOYEN
30,64.5,158,25.82,0,1,1,2,2,AB_NEG,hypertension,MOYEN
32,68.4,166,24.83,0,0,0,2,1,A_POS,aucun,MOYEN
29,71.0,159,28.08,0,0,1,2,2,A_NEG,aucun,MOYEN
31,69.6,160,27.19,1,1,1,2,2,A_NEG,diabete_hypertension,MOYEN
34,62.0,164,23.04,0,1,0,2,1,B_POS,hypertension,MOYEN
31,65.1,163,24.52,0,0,0,2,1,B_POS,aucun,MOYEN
28,57.0,156,23.43,0,0,1,2,1,A_NEG,aucun,MOYEN
33,75.5,180,23.3,0,1,1,2,1,AB_NEG,hypertension,MOYEN
31,64.6,169,22.6,1,0,1,2,1,O_NEG,diabete,MOYEN
34,61.4,159,24.3,0,0,0,2,1,O_POS,aucun,MOYEN
36,77.0,171,26.33,0,0,0,3,2,B_POS,aucun,MOYEN
31,60.7,153,25.91,1,1,0,2,2,A_POS,diabete_hypertension,MOYEN
28,64.2,152,27.79,0,1,1,2,2,A_NEG,hypertension,MOYEN
31,90.8,178,28.66,0,0,0,2,2,AB_POS,aucun,MOYEN
36,55.2,158,22.1,1,0,0,3,1,A_POS,diabete,MOYEN
30,67.2,163,25.28,1,0,1,2,2,O_NEG,diabete,MOYEN
35,94.8,179,29.6,0,0,1,3,2,B_NEG,aucun,MOYEN
35,69.7,177,22.25,0,0,1,3,1,B_NEG,aucun,MOYEN
37,78.6,180,24.25,1,0,1,3,1,O_NEG,diabete,MOYEN
33,55.5,153,23.71,1,0,0,2,1,B_POS,diabete,MOYEN
32,60.0,164,22.3,1,0,1,2,1,A_NEG,diabete,MOYEN
32,75.8,161,29.22,1,0,1,2,2,A_NEG,diabete,MOYEN
34,74.7,162,28.45,0,1,1,2,2,O_NEG,hypertension,MOYEN
28,94.8,179,29.59,0,0,0,2,2,A_POS,aucun,MOYEN
35,80.7,165,29.64,0,0,1,3,2,A_NEG,aucun,MOYEN
34,69.5,174,22.94,0,1,0,2,1,A_POS,hypertension,MOYEN
37,61.4,155,25.57,0,1,1,3,2,AB_NEG,hypertension,MOYEN
29,69.8,167,25.03,1,0,0,2,2,A_POS,diabete,MOYEN
37,69.3,176,22.36,1,0,0,3,1,AB_POS,diabete,MOYEN
34,71.1,156,29.21,0,1,0,2,2,O_POS,hypertension,MOYEN
29,68.1,152,29.49,0,0,1,2,2,B_NEG,aucun,MOYEN
37,64.1,164,23.82,0,1,0,3,1,O_POS,hypertension,MOYEN
34,68.4,156,28.11,1,0,0,2,2,AB_POS,diabete,MOYEN
30,69.2,165,25.42,1,0,1,2,2,A_NEG,diabete,MOYEN
37,91.1,175,29.76,1,0,1,3,2,A_NEG,diabete,MOYEN
37,92.8,180,28.64,1,0,1,3,2,B_NEG,diabete,MOYEN
35,72.2,164,26.85,0,1,0,3,2,O_POS,hypertension,MOYEN
35,65.5,160,25.59,1,1,1,3,2,A_NEG,diabete_hypertension,MOYEN
28,75.3,171,25.76,0,0,0,2,2,B_POS,aucun,MOYEN
32,66.8,173,22.3,0,0,1,2,1,B_NEG,aucun,MOYEN
37,57.8,160,22.57,0,0,1,3,1,O_NEG,aucun,MOYEN
33,63.1,152,27.29,0,1,1,2,2,A_NEG,hypertension,MOYEN
29,79.4,165,29.18,0,1,1,2,2,A_NEG,hypertension,MOYEN
37,55.2,152,23.89,0,1,1,3,1,O_NEG,hypertension,MOYEN
29,56.6,152,24.52,1,0,1,2,1,B_NEG,diabete,MOYEN
34,57.0,151,25.0,0,0,0,2,2,A_POS,aucun,MOYEN
29,78.0,170,27.0,1,0,0,2,2,AB_POS,diabete,MOYEN
31,66.2,163,24.92,0,0,1,2,1,B_NEG,aucun,MOYEN
28,76.0,168,26.94,0,1,0,2,2,O_POS,hypertension,MOYEN
36,78.6,178,24.79,0,1,0,3,1,O_POS,hypertension,MOYEN
31,80.1,170,27.72,1,1,1,2,2,B_NEG,diabete_hypertension,MOYEN
28,53.1,151,23.3,1,0,0,2,1,O_POS,diabete,MOYEN
34,80.5,176,25.98,0,1,1,2,2,B_NEG,hypertension,MOYEN
34,63.1,152,27.29,0,0,0,2,2,O_POS,aucun,MOYEN
35,74.9,177,23.9,1,0,1,3,1,O_NEG,diabete,MOYEN
30,65.0,170,22.49,1,0,1,2,1,AB_NEG,diabete,MOYEN
35,61.2,162,23.32,0,1,0,3,1,B_POS,hypertension,MOYEN
34,60.6,163,22.8,0,1,1,2,1,AB_NEG,hypertension,MOYEN
31,63.4,165,23.28,0,1,1,2,1,A_NEG,hypertension,MOYEN
32,77.2,177,24.65,0,0,1,2,1,AB_NEG,aucun,MOYEN
29,80.0,164,29.74,0,1,0,2,2,O_POS,hypertension,MOYEN
31,62.1,167,22.26,0,0,0,2,1,A_POS,aucun,MOYEN
35,69.0,159,27.29,0,0,1,3,2,B_NEG,aucun,MOYEN
34,70.2,160,27.43,0,0,1,2,2,O_NEG,aucun,MOYEN
34,54.2,156,22.28,0,0,1,2,1,B_NEG,aucun,MOYEN
32,67.2,151,29.46,0,1,1,2,2,B_NEG,hypertension,MOYEN
30,81.4,174,26.87,1,0,1,2,2,B_NEG,diabete,MOYEN
37,66.0,164,24.56,1,0,1,3,1,B_NEG,diabete,MOYEN
34,58.8,153,25.1,0,0,1,2,2,AB_NEG,aucun,MOYEN
29,72.6,181,22.17,0,0,1,2,1,AB_NEG,aucun,MOYEN
29,90.0,178,28.41,1,0,0,2,2,AB_POS,diabete,MOYEN
37,64.4,157,26.13,0,0,1,3,2,B_NEG,aucun,MOYEN
28,69.9,171,23.92,0,0,0,2,1,B_POS,aucun,MOYEN
37,65.1,158,26.08,0,0,0,3,2,O_POS,aucun,MOYEN
32,66.3,171,22.68,0,0,0,2,1,B_POS,aucun,MOYEN
28,70.2,171,24.01,0,0,1,2,1,O_NEG,aucun,MOYEN
36,56.0,157,22.73,1,0,1,3,1,AB_NEG,diabete,MOYEN
31,83.5,181,25.48,0,0,0,2,2,AB_POS,aucun,MOYEN
36,70.2,159,27.76,0,0,1,3,2,AB_NEG,aucun,MOYEN
28,93.4,179,29.16,0,1,1,2,2,O_NEG,hypertension,MOYEN
36,86.3,180,26.62,1,1,0,3,2,A_POS,diabete_hypertension,MOYEN
33,62.8,169,22.0,1,0,0,2,1,B_POS,diabete,MOYEN
28,78.7,179,24.57,1,0,0,2,1,AB_POS,diabete,MOYEN
32,64.8,161,24.99,0,0,1,2,1,B_NEG,aucun,MOYEN
28,61.3,165,22.53,0,0,1,2,1,A_NEG,aucun,MOYEN
31,86.6,178,27.34,0,0,1,2,2,B_NEG,aucun,MOYEN
32,58.7,162,22.36,1,0,0,2,1,AB_POS,diabete,MOYEN
30,72.3,166,26.25,0,1,0,2,2,A_POS,hypertension,MOYEN
29,59.5,158,23.85,1,0,1,2,1,A_NEG,diabete,MOYEN
28,87.2,174,28.8,0,0,0,2,2,O_POS,aucun,MOYEN
31,68.2,156,28.02,0,0,0,2,2,B_POS,aucun,MOYEN
31,61.9,165,22.72,1,0,1,2,1,A_NEG,diabete,MOYEN
30,76.1,173,25.42,1,0,1,2,2,O_NEG,diabete,MOYEN
30,68.6,169,24.01,0,0,1,2,1,AB_NEG,aucun,MOYEN
30,54.9,152,23.77,0,0,0,2,1,AB_POS,aucun,MOYEN
31,52.5,150,23.34,1,0,1,2,1,AB_NEG,diabete,MOYEN
34,63.1,160,24.65,0,1,1,2,1,B_NEG,hypertension,MOYEN
32,67.3,173,22.49,0,0,0,2,1,O_POS,aucun,MOYEN
32,62.1,150,27.58,1,0,1,2,2,AB_NEG,diabete,MOYEN
32,67.9,154,28.64,1,1,1,2,2,AB_NEG,diabete_hypertension,MOYEN
35,84.9,177,27.09,0,0,1,3,2,O_NEG,aucun,MOYEN
32,55.2,152,23.87,0,0,1,2,1,AB_NEG,aucun,MOYEN
33,72.4,168,25.65,0,0,0,2,2,O_POS,aucun,MOYEN
35,60.7,156,24.93,0,1,0,3,1,AB_POS,hypertension,MOYEN
34,72.7,166,26.39,0,0,1,2,2,B_NEG,aucun,MOYEN
29,86.6,179,27.02,1,1,1,2,2,O_NEG,diabete_hypertension,MOYEN
29,71.5,155,29.78,0,1,0,2,2,B_POS,hypertension,MOYEN
34,78.9,176,25.47,0,0,0,2,2,B_POS,aucun,MOYEN
33,52.9,155,22.03,0,1,0,2,1,AB_POS,hypertension,MOYEN
30,87.4,178,27.59,0,1,0,2,2,A_POS,hypertension,MOYEN
29,76.6,168,27.14,0,0,1,2,2,B_NEG,aucun,MOYEN
33,74.3,177,23.7,0,0,1,2,1,O_NEG,aucun,MOYEN
29,67.9,166,24.64,0,0,1,2,1,O_NEG,aucun,MOYEN
32,68.4,166,24.82,0,0,0,2,1,O_POS,aucun,MOYEN
33,69.8,163,26.26,0,1,1,2,2,A_NEG,hypertension,MOYEN
29,66.0,167,23.67,0,0,1,2,1,A_NEG,aucun,MOYEN
30,76.6,171,26.19,1,0,1,2,2,AB_NEG,diabete,MOYEN
28,59.9,153,25.6,0,1,0,2,2,A_POS,hypertension,MOYEN
28,57.4,161,22.13,1,0,0,2,1,O_POS,diabete,MOYEN
30,64.3,167,23.06,0,0,1,2,1,B_NEG,aucun,MOYEN
30,62.5,161,24.1,1,0,1,2,1,B_NEG,diabete,MOYEN
29,73.4,157,29.77,0,0,0,2,2,B_POS,aucun,MOYEN
29,59.7,154,25.18,1,0,1,2,2,O_NEG,diabete,MOYEN
28,61.2,164,22.74,1,0,1,2,1,O_NEG,diabete,MOYEN
34,73.8,171,25.23,1,0,0,2,2,B_POS,diabete,MOYEN
37,66.2,166,24.02,0,0,1,3,1,AB_NEG,aucun,MOYEN
34,70.6,159,27.92,0,0,1,2,2,AB_NEG,aucun,MOYEN
32,89.5,177,28.56,0,0,1,2,2,A_NEG,aucun,MOYEN
37,66.6,171,22.77,0,0,1,3,1,O_NEG,aucun,MOYEN
29,92.6,181,28.26,0,0,0,2,2,B_POS,aucun,MOYEN
37,82.1,181,25.06,0,1,0,3,2,O_POS,hypertension,MOYEN
31,65.6,153,28.01,1,0,0,2,2,B_POS,diabete,MOYEN
30,54.8,156,22.52,0,0,1,2,1,AB_NEG,aucun,MOYEN
35,70.6,165,25.94,0,1,0,3,2,B_POS,hypertension,MOYEN
28,63.1,159,24.98,0,0,0,2,1,O_POS,aucun,MOYEN
34,72.7,162,27.72,0,0,0,2,2,A_POS,aucun,MOYEN
35,76.1,174,25.13,0,0,0,3,2,O_POS,aucun,MOYEN
31,75.1,171,25.69,0,0,1,2,2,B_NEG,aucun,MOYEN
35,65.0,157,26.38,1,0,1,3,2,A_NEG,diabete,MOYEN
29,71.8,167,25.73,1,0,1,2,2,B_NEG,diabete,MOYEN
32,63.7,169,22.29,1,0,1,2,1,A_NEG,diabete,MOYEN
28,72.0,167,25.82,0,0,1,2,2,B_NEG,aucun,MOYEN
37,59.0,162,22.48,0,1,0,3,1,B_POS,hypertension,MOYEN
37,74.5,160,29.12,1,0,1,3,2,AB_NEG,diabete,MOYEN
34,82.5,171,28.22,0,0,0,2,2,O_POS,aucun,MOYEN
28,84.4,179,26.35,1,0,1,2,2,A_NEG,diabete,MOYEN
30,73.7,171,25.21,0,0,1,2,2,A_NEG,aucun,MOYEN
32,91.2,180,28.16,0,1,1,2,2,AB_NEG,hypertension,MOYEN
33,54.4,150,24.16,0,0,1,2,1,O_NEG,aucun,MOYEN
35,59.5,159,23.52,0,0,0,3,1,O_POS,aucun,MOYEN
35,62.5,161,24.11,0,0,1,3,1,AB_NEG,aucun,MOYEN
28,66.6,168,23.6,1,0,0,2,1,O_POS,diabete,MOYEN
32,63.7,152,27.56,0,0,0,2,2,O_POS,aucun,MOYEN
32,79.9,179,24.93,1,0,1,2,1,B_NEG,diabete,MOYEN
28,67.0,171,22.92,0,0,1,2,1,AB_NEG,aucun,MOYEN
37,60.7,154,25.6,0,0,0,3,2,B_POS,aucun,MOYEN
33,87.4,175,28.55,0,1,1,2,2,O_NEG,hypertension,MOYEN
28,62.9,154,26.52,0,0,0,2,2,AB_POS,aucun,MOYEN
32,58.4,159,23.12,1,1,0,2,1,B_POS,diabete_hypertension,MOYEN
29,94.9,178,29.94,1,0,1,2,2,A_NEG,diabete,MOYEN
28,78.2,177,24.95,0,0,0,2,1,B_POS,aucun,MOYEN
34,64.2,163,24.15,0,0,1,2,1,A_NEG,aucun,MOYEN
33,61.9,165,22.73,0,0,1,2,1,A_NEG,aucun,MOYEN
34,65.6,171,22.42,1,0,0,2,1,A_POS,diabete,MOYEN
34,81.4,170,28.18,0,1,1,2,2,B_NEG,hypertension,MOYEN
34,91.0,181,27.77,0,1,1,2,2,B_NEG,hypertension,MOYEN
29,75.0,170,25.96,0,0,0,2,2,B_POS,aucun,MOYEN
33,69.0,166,25.04,0,0,0,2,2,B_POS,aucun,MOYEN
31,64.3,155,26.76,0,1,1,2,2,AB_NEG,hypertension,MOYEN
29,86.2,181,26.32,1,0,1,2,2,A_NEG,diabete,MOYEN
30,69.3,174,22.88,1,0,1,2,1,A_NEG,diabete,MOYEN
35,59.4,154,25.03,0,0,0,3,2,B_POS,aucun,MOYEN
36,76.1,161,29.36,0,0,1,3,2,O_NEG,aucun,MOYEN
35,78.6,178,24.81,0,1,1,3,1,B_NEG,hypertension,MOYEN
37,79.8,181,24.36,1,0,0,3,1,B_POS,diabete,MOYEN
34,55.7,155,23.18,1,0,0,2,1,A_POS,diabete,MOYEN
32,64.0,151,28.06,1,1,0,2,2,O_POS,diabete_hypertension,MOYEN
37,79.4,163,29.89,0,0,1,3,2,B_NEG,aucun,MOYEN
35,88.0,181,26.85,1,1,1,3,2,AB_NEG,diabete_hypertension,MOYEN
35,82.0,173,27.39,0,1,1,3,2,O_NEG,hypertension,MOYEN
36,70.5,172,23.84,0,1,1,3,1,A_NEG,hypertension,MOYEN
31,72.7,172,24.57,0,0,0,2,1,A_POS,aucun,MOYEN
34,83.1,178,26.23,0,0,0,2,2,O_POS,aucun,MOYEN
34,64.6,157,26.22,0,0,0,2,2,AB_POS,aucun,MOYEN
32,77.3,178,24.38,0,0,1,2,1,A_NEG,aucun,MOYEN
36,85.4,178,26.94,0,0,1,3,2,B_NEG,aucun,MOYEN
35,61.8,156,25.37,0,0,1,3,2,AB_NEG,aucun,MOYEN
33,72.3,178,22.82,0,0,1,2,1,O_NEG,aucun,MOYEN
36,51.2,152,22.17,0,0,0,3,1,B_POS,aucun,MOYEN
31,73.4,178,23.16,1,0,0,2,1,O_POS,diabete,MOYEN
31,67.8,171,23.19,1,1,0,2,1,A_POS,diabete_hypertension,MOYEN
29,59.5,153,25.43,0,1,0,2,2,A_POS,hypertension,MOYEN
35,70.7,155,29.44,0,0,1,3,2,O_NEG,aucun,MOYEN
31,57.9,152,25.04,0,0,0,2,2,O_POS,aucun,MOYEN
29,76.4,172,25.84,0,1,1,2,2,AB_NEG,hypertension,MOYEN
28,80.3,167,28.8,0,0,1,2,2,O_NEG,aucun,MOYEN
34,66.8,156,27.45,1,0,1,2,2,O_NEG,diabete,MOYEN
35,78.5,165,28.82,0,1,1,3,2,AB_NEG,hypertension,MOYEN
32,57.5,154,24.23,0,1,0,2,1,AB_POS,hypertension,MOYEN
32,67.4,160,26.33,0,0,0,2,2,A_POS,aucun,MOYEN
37,70.5,167,25.28,1,0,1,3,2,A_NEG,diabete,MOYEN
37,74.7,164,27.78,1,1,1,3,2,A_NEG,diabete_hypertension,MOYEN
29,82.2,174,27.15,0,0,0,2,2,B_POS,aucun,MOYEN
28,74.8,166,27.15,0,1,1,2,2,B_NEG,hypertension,MOYEN
34,77.5,164,28.8,0,0,0,2,2,A_POS,aucun,MOYEN
32,73.0,165,26.81,1,0,1,2,2,O_NEG,diabete,MOYEN
33,82.6,175,26.96,0,0,0,2,2,AB_POS,aucun,MOYEN
28,81.7,176,26.37,1,0,0,2,2,O_POS,diabete,MOYEN
33,63.5,151,27.87,0,0,1,2,2,A_NEG,aucun,MOYEN
37,67.1,170,23.23,1,0,1,3,1,O_NEG,diabete,MOYEN
31,76.2,166,27.64,1,0,1,2,2,A_NEG,diabete,MOYEN
35,78.6,168,27.84,0,1,1,3,2,O_NEG,hypertension,MOYEN
36,65.3,152,28.27,0,1,1,3,2,A_NEG,hypertension,MOYEN
35,52.5,153,22.43,0,0,0,3,1,A_POS,aucun,MOYEN
30,71.5,159,28.3,0,0,1,2,2,AB_NEG,aucun,MOYEN
29,89.0,173,29.75,1,0,0,2,2,O_POS,diabete,MOYEN
30,63.7,167,22.84,1,0,0,2,1,AB_POS,diabete,MOYEN
32,76.0,162,28.94,1,0,0,2,2,O_POS,diabete,MOYEN
36,84.7,171,28.98,0,1,0,3,2,A_POS,hypertension,MOYEN
37,66.8,158,26.76,1,0,0,3,2,A_POS,diabete,MOYEN
37,53.7,153,22.93,0,1,1,3,1,AB_NEG,hypertension,MOYEN
37,69.1,172,23.35,0,0,1,3,1,O_NEG,aucun,MOYEN
29,61.8,167,22.15,1,0,1,2,1,B_NEG,diabete,MOYEN
28,88.4,172,29.89,0,0,0,2,2,B_POS,aucun,MOYEN
36,68.7,157,27.88,0,0,0,3,2,A_POS,aucun,MOYEN
28,80.9,180,24.96,0,0,1,2,1,AB_NEG,aucun,MOYEN
37,65.3,169,22.87,0,0,1,3,1,O_NEG,aucun,MOYEN
33,74.4,159,29.42,0,0,1,2,2,AB_NEG,aucun,MOYEN
36,76.8,161,29.61,1,0,0,3,2,O_POS,diabete,MOYEN
32,76.1,165,27.97,1,0,1,2,2,AB_NEG,diabete,MOYEN
36,61.9,154,26.08,0,0,1,3,2,O_NEG,aucun,MOYEN
29,68.6,175,22.39,0,1,1,2,1,AB_NEG,hypertension,MOYEN
33,62.1,154,26.18,0,0,1,2,2,O_NEG,aucun,MOYEN
32,52.8,151,23.15,0,0,0,2,1,A_POS,aucun,MOYEN
34,75.6,176,24.42,1,0,1,2,1,O_NEG,diabete,MOYEN
33,66.6,167,23.9,1,0,1,2,1,O_NEG,diabete,MOYEN
33,60.6,155,25.2,0,1,1,2,2,AB_NEG,hypertension,MOYEN
30,59.1,152,25.58,0,1,0,2,2,O_POS,hypertension,MOYEN
29,77.7,164,28.89,1,0,0,2,2,AB_POS,diabete,MOYEN
36,66.9,160,26.12,1,0,1,3,2,B_NEG,diabete,MOYEN
37,74.8,162,28.48,0,0,0,3,2,AB_POS,aucun,MOYEN
32,92.8,179,28.96,1,0,1,2,2,A_NEG,diabete,MOYEN
30,79.0,175,25.79,1,0,0,2,2,AB_POS,diabete,MOYEN
29,80.0,164,29.75,1,0,1,2,2,O_NEG,diabete,MOYEN
28,74.3,178,23.46,0,0,0,2,1,AB_POS,aucun,MOYEN
36,73.9,159,29.25,0,1,0,3,2,O_POS,hypertension,MOYEN
33,91.8,175,29.99,0,1,1,2,2,AB_NEG,hypertension,MOYEN
32,86.8,173,29.0,1,0,1,2,2,B_NEG,diabete,MOYEN
31,63.7,159,25.19,0,0,0,2,2,AB_POS,aucun,MOYEN
35,64.4,152,27.89,1,0,1,3,2,AB_NEG,diabete,MOYEN
33,64.5,167,23.12,0,0,0,2,1,O_POS,aucun,MOYEN
30,82.5,179,25.76,0,0,1,2,2,B_NEG,aucun,MOYEN
30,58.4,154,24.61,0,0,0,2,1,B_POS,aucun,MOYEN
29,72.4,177,23.1,0,0,1,2,1,B_NEG,aucun,MOYEN
34,66.2,154,27.93,1,0,0,2,2,O_POS,diabete,MOYEN
33,81.2,173,27.13,1,0,0,2,2,B_POS,diabete,MOYEN
28,77.4,170,26.79,0,1,0,2,2,B_POS,hypertension,MOYEN
36,65.7,163,24.74,1,0,1,3,1,B_NEG,diabete,MOYEN
35,72.1,171,24.67,1,0,1,3,1,O_NEG,diabete,MOYEN
28,86.4,177,27.57,0,1,1,2,2,AB_NEG,hypertension,MOYEN
28,55.8,158,22.37,1,0,0,2,1,O_POS,diabete,MOYEN
28,59.6,157,24.16,1,0,1,2,1,B_NEG,diabete,MOYEN
32,58.0,154,24.44,0,0,0,2,1,O_POS,aucun,MOYEN
28,86.1,176,27.8,1,0,1,2,2,AB_NEG,diabete,MOYEN
31,63.7,151,27.92,0,0,0,2,2,B_POS,aucun,MOYEN
37,63.6,165,23.37,0,0,0,3,1,B_POS,aucun,MOYEN
31,75.4,179,23.53,0,1,1,2,1,AB_NEG,hypertension,MOYEN
32,67.9,154,28.63,1,0,0,2,2,B_POS,diabete,MOYEN
31,76.4,170,26.45,0,1,1,2,2,O_NEG,hypertension,MOYEN
36,57.4,152,24.84,1,0,0,3,1,AB_POS,diabete,MOYEN
28,70.1,166,25.43,1,0,1,2,2,A_NEG,diabete,MOYEN
31,81.3,171,27.8,1,0,1,2,2,O_NEG,diabete,MOYEN
31,54.5,150,24.22,0,1,1,2,1,AB_NEG,hypertension,MOYEN
33,86.0,170,29.77,0,1,1,2,2,O_NEG,hypertension,MOYEN
36,59.1,152,25.59,0,1,0,3,2,AB_POS,hypertension,MOYEN
37,63.0,164,23.41,0,0,1,3,1,A_NEG,aucun,MOYEN
29,68.9,159,27.24,0,0,1,2,2,A_NEG,aucun,MOYEN
37,63.7,162,24.28,0,1,1,3,1,AB_NEG,hypertension,MOYEN
28,89.2,173,29.79,1,0,0,2,2,B_POS,diabete,MOYEN
28,60.8,150,27.02,0,1,1,2,2,B_NEG,hypertension,MOYEN
36,71.9,166,26.11,1,0,1,3,2,B_NEG,diabete,MOYEN
29,67.8,172,22.92,0,0,0,2,1,A_POS,aucun,MOYEN
31,81.6,166,29.62,1,0,1,2,2,B_NEG,diabete,MOYEN
35,69.4,172,23.47,0,0,1,3,1,O_NEG,aucun,MOYEN
33,61.1,165,22.43,0,0,1,2,1,AB_NEG,aucun,MOYEN
29,69.9,178,22.08,1,1,1,2,1,A_NEG,diabete_hypertension,MOYEN
30,69.9,178,22.06,0,0,0,2,1,B_POS,aucun,MOYEN
31,62.0,158,24.85,1,0,1,2,1,O_NEG,diabete,MOYEN
31,82.4,175,26.91,0,1,1,2,2,A_NEG,hypertension,MOYEN
35,86.2,181,26.32,1,0,1,3,2,AB_NEG,diabete,MOYEN
33,84.4,169,29.53,0,0,0,2,2,O_POS,aucun,MOYEN
30,71.9,176,23.22,1,0,0,2,1,B_POS,diabete,MOYEN
29,87.2,181,26.61,1,0,0,2,2,AB_POS,diabete,MOYEN
32,58.0,161,22.36,0,0,0,2,1,A_POS,aucun,MOYEN
37,53.0,155,22.06,1,0,0,3,1,B_POS,diabete,MOYEN
37,76.4,178,24.1,0,0,0,3,1,AB_POS,aucun,MOYEN
35,69.3,157,28.1,0,0,1,3,2,AB_NEG,aucun,MOYEN
28,77.0,181,23.51,0,0,1,2,1,O_NEG,aucun,MOYEN
37,83.3,172,28.15,1,0,1,3,2,B_NEG,diabete,MOYEN
35,72.6,164,27.01,1,0,0,3,2,A_POS,diabete,MOYEN
33,91.8,178,28.98,0,1,1,2,2,B_NEG,hypertension,MOYEN
30,78.7,171,26.92,0,1,0,2,2,AB_POS,hypertension,MOYEN
33,56.3,151,24.69,0,0,0,2,1,AB_POS,aucun,MOYEN
33,81.5,175,26.63,0,0,1,2,2,A_NEG,aucun,MOYEN
33,59.3,156,24.37,0,1,1,2,1,B_NEG,hypertension,MOYEN
33,67.7,169,23.69,0,0,0,2,1,A_POS,aucun,MOYEN
31,95.2,181,29.06,0,0,1,2,2,O_NEG,aucun,MOYEN
30,77.7,166,28.2,0,0,0,2,2,B_POS,aucun,MOYEN
28,80.4,172,27.18,0,0,0,2,2,O_POS,aucun,MOYEN
37,72.2,159,28.56,1,0,0,3,2,AB_POS,diabete,MOYEN
30,76.3,163,28.73,1,0,0,2,2,A_POS,diabete,MOYEN
35,74.4,164,27.68,0,1,1,3,2,AB_NEG,hypertension,MOYEN
28,74.3,178,23.45,1,0,0,2,1,B_POS,diabete,MOYEN
34,69.0,168,24.45,0,1,0,2,1,A_POS,hypertension,MOYEN
28,67.8,151,29.72,1,0,0,2,2,AB_POS,diabete,MOYEN
29,58.4,153,24.95,1,0,0,2,1,A_POS,diabete,MOYEN
32,87.0,172,29.39,0,0,0,2,2,AB_POS,aucun,MOYEN
34,73.4,175,23.97,0,0,0,2,1,O_POS,aucun,MOYEN
28,71.5,166,25.93,0,1,1,2,2,B_NEG,hypertension,MOYEN
36,62.9,158,25.21,0,0,0,3,2,O_POS,aucun,MOYEN
37,69.0,176,22.29,0,0,0,3,1,O_POS,aucun,MOYEN
34,60.8,152,26.31,0,0,0,2,2,O_POS,aucun,MOYEN
36,63.0,150,28.01,0,1,1,3,2,O_NEG,hypertension,MOYEN
35,64.7,167,23.19,0,0,0,3,1,O_POS,aucun,MOYEN
31,75.2,180,23.22,0,0,0,2,1,A_POS,aucun,MOYEN
32,58.9,161,22.72,0,0,0,2,1,B_POS,aucun,MOYEN
30,70.8,160,27.64,1,0,1,2,2,A_NEG,diabete,MOYEN
34,83.1,172,28.08,0,0,1,2,2,O_NEG,aucun,MOYEN
29,70.4,161,27.17,0,0,0,2,2,AB_POS,aucun,MOYEN
30,89.2,174,29.46,0,0,0,2,2,A_POS,aucun,MOYEN
32,67.6,171,23.12,0,0,0,2,1,O_POS,aucun,MOYEN
30,88.6,178,27.97,0,0,1,2,2,B_NEG,aucun,MOYEN
32,91.6,175,29.9,0,0,1,2,2,B_NEG,aucun,MOYEN
36,70.5,176,22.77,1,0,0,3,1,B_POS,diabete,MOYEN
32,70.1,160,27.39,0,0,1,2,2,B_NEG,aucun,MOYEN
37,84.1,171,28.74,1,0,0,3,2,B_POS,diabete,MOYEN
31,75.6,177,24.12,0,0,1,2,1,A_NEG,aucun,MOYEN
31,75.6,171,25.86,1,0,0,2,2,O_POS,diabete,MOYEN
37,78.9,173,26.38,0,0,1,3,2,A_NEG,aucun,MOYEN
30,98.1,181,29.95,1,0,1,2,2,A_NEG,diabete,MOYEN
33,54.1,153,23.11,0,1,1,2,1,B_NEG,hypertension,MOYEN
34,84.2,178,26.58,0,1,1,2,2,AB_NEG,hypertension,MOYEN
34,56.8,157,23.05,0,0,1,2,1,O_NEG,aucun,MOYEN
30,83.8,178,26.46,0,0,0,2,2,O_POS,aucun,MOYEN
31,64.9,166,23.54,1,1,1,2,1,A_NEG,diabete_hypertension,MOYEN
35,72.6,161,28.01,0,1,1,3,2,AB_NEG,hypertension,MOYEN
31,67.1,150,29.83,0,1,1,2,2,AB_NEG,hypertension,MOYEN
31,66.9,152,28.95,0,0,0,2,2,B_POS,aucun,MOYEN
31,66.0,150,29.35,0,0,1,2,2,A_NEG,aucun,MOYEN
28,67.9,166,24.63,0,0,1,2,1,B_NEG,aucun,MOYEN
36,55.7,155,23.2,0,0,0,3,1,O_POS,aucun,MOYEN
30,53.8,150,23.92,0,0,0,2,1,AB_POS,aucun,MOYEN
32,81.3,165,29.85,0,0,1,2,2,O_NEG,aucun,MOYEN
31,96.8,180,29.87,0,0,0,2,2,A_POS,aucun,MOYEN
32,72.4,173,24.2,0,0,0,2,1,A_POS,aucun,MOYEN
35,78.1,168,27.69,0,0,1,3,2,B_NEG,aucun,MOYEN
29,70.2,169,24.58,0,0,1,2,1,B_NEG,aucun,MOYEN
30,68.9,172,23.28,0,1,0,2,1,AB_POS,hypertension,MOYEN
29,82.2,168,29.12,0,0,1,2,2,AB_NEG,aucun,MOYEN
33,71.4,156,29.32,0,1,1,2,2,AB_NEG,hypertension,MOYEN
35,85.4,179,26.66,0,1,0,3,2,AB_POS,hypertension,MOYEN
29,73.7,172,24.92,1,0,1,2,1,B_NEG,diabete,MOYEN
34,75.0,167,26.89,1,0,0,2,2,AB_POS,diabete,MOYEN
35,57.3,150,25.46,0,0,0,3,2,O_POS,aucun,MOYEN
32,69.0,157,27.99,0,0,1,2,2,A_NEG,aucun,MOYEN
35,73.6,157,29.88,0,0,0,3,2,B_POS,aucun,MOYEN
35,66.8,155,27.81,0,0,0,3,2,AB_POS,aucun,MOYEN
36,82.8,173,27.68,1,0,1,3,2,B_NEG,diabete,MOYEN
30,89.3,179,27.87,0,1,0,2,2,AB_POS,hypertension,MOYEN
35,59.0,155,24.55,0,0,1,3,1,O_NEG,aucun,MOYEN
28,80.0,166,29.04,0,1,0,2,2,AB_POS,hypertension,MOYEN
33,80.5,170,27.85,0,0,1,2,2,AB_NEG,aucun,MOYEN
29,59.7,153,25.52,1,1,1,2,2,B_NEG,diabete_hypertension,MOYEN
31,56.2,152,24.34,0,0,1,2,1,O_NEG,aucun,MOYEN
31,54.4,155,22.66,0,0,1,2,1,AB_NEG,aucun,MOYEN
37,66.4,153,28.36,1,0,0,3,2,O_POS,diabete,MOYEN
33,65.3,150,29.02,0,0,1,2,2,AB_NEG,aucun,MOYEN
28,65.3,164,24.29,1,0,1,2,1,O_NEG,diabete,MOYEN
30,60.4,161,23.31,0,0,0,2,1,O_POS,aucun,MOYEN
37,62.7,150,27.85,1,0,0,3,2,O_POS,diabete,MOYEN
36,83.0,172,28.06,1,1,1,3,2,B_NEG,diabete_hypertension,MOYEN
37,53.6,153,22.89,1,1,0,3,1,B_POS,diabete_hypertension,MOYEN
32,57.2,160,22.35,0,1,0,2,1,B_POS,hypertension,MOYEN
30,71.2,169,24.92,0,0,1,2,1,B_NEG,aucun,MOYEN
29,52.5,153,22.43,0,0,1,2,1,AB_NEG,aucun,MOYEN
30,58.1,162,22.16,0,0,1,2,1,AB_NEG,aucun,MOYEN
32,55.7,155,23.17,1,0,0,2,1,B_POS,diabete,MOYEN
36,74.7,161,28.82,0,0,1,3,2,O_NEG,aucun,MOYEN
29,89.3,178,28.19,0,0,0,2,2,O_POS,aucun,MOYEN
33,65.4,153,27.93,1,0,0,2,2,O_POS,diabete,MOYEN
30,73.8,181,22.53,0,0,1,2,1,B_NEG,aucun,MOYEN
29,93.9,177,29.96,0,0,0,2,2,AB_POS,aucun,MOYEN
34,59.8,162,22.78,0,1,0,2,1,A_POS,hypertension,MOYEN
29,69.7,168,24.68,0,0,1,2,1,B_NEG,aucun,MOYEN
36,70.6,177,22.54,0,1,0,3,1,A_POS,hypertension,MOYEN
29,81.3,172,27.47,0,0,1,2,2,AB_NEG,aucun,MOYEN
36,62.6,160,24.45,1,1,0,3,1,O_POS,diabete_hypertension,MOYEN
35,70.9,174,23.41,1,0,0,3,1,AB_POS,diabete,MOYEN
35,84.5,169,29.6,1,0,1,3,2,A_NEG,diabete,MOYEN
32,68.1,164,25.32,0,1,0,2,2,AB_POS,hypertension,MOYEN
30,57.6,160,22.49,0,0,0,2,1,B_POS,aucun,MOYEN
30,57.2,160,22.34,1,1,0,2,1,O_POS,diabete_hypertension,MOYEN
31,58.7,150,26.09,0,0,1,2,2,AB_NEG,aucun,MOYEN
33,59.4,150,26.42,0,1,0,2,2,AB_POS,hypertension,MOYEN
33,59.0,160,23.05,1,0,0,2,1,A_POS,diabete,MOYEN
36,81.1,181,24.74,0,1,1,3,1,O_NEG,hypertension,MOYEN
37,66.6,156,27.35,0,0,0,3,2,O_POS,aucun,MOYEN
30,67.6,158,27.09,1,0,1,2,2,AB_NEG,diabete,MOYEN
33,64.1,159,25.36,1,0,0,2,2,A_POS,diabete,MOYEN
37,80.0,175,26.12,0,0,1,3,2,B_NEG,aucun,MOYEN
34,80.5,167,28.87,0,0,0,2,2,AB_POS,aucun,MOYEN
35,50.5,150,22.45,0,1,0,3,1,A_POS,hypertension,MOYEN
37,75.7,178,23.9,0,0,0,3,1,AB_POS,aucun,MOYEN
28,73.2,173,24.46,0,0,1,2,1,AB_NEG,aucun,MOYEN
29,57.4,153,24.51,0,1,0,2,1,A_POS,hypertension,MOYEN
30,77.0,166,27.95,0,0,0,2,2,A_POS,aucun,MOYEN
34,57.5,156,23.62,1,0,1,2,1,A_NEG,diabete,MOYEN
35,85.3,173,28.49,0,1,0,3,2,A_POS,hypertension,MOYEN
35,55.5,158,22.24,0,1,0,3,1,AB_POS,hypertension,MOYEN
33,58.9,152,25.49,0,1,1,2,2,O_NEG,hypertension,MOYEN
34,67.4,162,25.68,1,0,0,2,2,B_POS,diabete,MOYEN
30,68.3,162,26.03,0,0,1,2,2,AB_NEG,aucun,MOYEN
28,86.7,178,27.37,0,0,0,2,2,O_POS,aucun,MOYEN
36,64.5,162,24.58,0,0,0,3,1,AB_POS,aucun,MOYEN
36,79.9,180,24.67,0,0,0,3,1,A_POS,aucun,MOYEN
28,63.4,153,27.09,0,1,0,2,2,O_POS,hypertension,MOYEN
36,69.1,152,29.91,0,0,1,3,2,A_NEG,aucun,MOYEN
28,70.3,164,26.15,0,0,0,2,2,O_POS,aucun,MOYEN
36,71.3,155,29.69,1,0,1,3,2,A_NEG,diabete,MOYEN
37,69.1,171,23.64,0,0,1,3,1,B_NEG,aucun,MOYEN
32,82.4,172,27.86,0,1,1,2,2,A_NEG,hypertension,MOYEN
32,86.4,177,27.57,0,0,1,2,2,O_NEG,aucun,MOYEN
30,68.1,165,25.0,1,0,1,2,2,B_NEG,diabete,MOYEN
29,66.4,163,25.0,1,0,1,2,1,B_NEG,diabete,MOYEN
28,74.7,161,28.84,0,0,1,2,2,O_NEG,aucun,MOYEN
30,75.4,162,28.73,0,0,1,2,2,B_NEG,aucun,MOYEN
31,67.8,151,29.74,0,1,1,2,2,B_NEG,hypertension,MOYEN
28,49.7,150,22.1,0,1,0,2,1,AB_POS,hypertension,MOYEN
33,97.3,181,29.7,1,0,0,2,2,A_POS,diabete,MOYEN
35,90.1,181,27.49,0,1,0,3,2,O_POS,hypertension,MOYEN
30,80.7,178,25.47,0,0,1,2,2,B_NEG,aucun,MOYEN
36,85.3,170,29.53,0,0,1,3,2,A_NEG,aucun,MOYEN
31,71.8,166,26.06,0,0,0,2,2,O_POS,aucun,MOYEN
36,81.5,178,25.72,0,1,1,3,2,A_NEG,hypertension,MOYEN
33,57.3,157,23.23,1,0,1,2,1,AB_NEG,diabete,MOYEN
36,66.1,169,23.15,1,0,0,3,1,B_POS,diabete,MOYEN
32,80.2,177,25.6,0,0,1,2,2,AB_NEG,aucun,MOYEN
31,67.3,154,28.37,0,1,1,2,2,O_NEG,hypertension,MOYEN
30,81.7,172,27.62,0,0,0,2,2,AB_POS,aucun,MOYEN
37,70.5,175,23.03,0,0,1,3,1,B_NEG,aucun,MOYEN
35,70.5,168,24.99,0,1,0,3,1,B_POS,hypertension,MOYEN
36,56.8,153,24.28,0,0,1,3,1,A_NEG,aucun,MOYEN
29,94.2,181,28.75,1,0,1,2,2,AB_NEG,diabete,MOYEN
31,53.0,151,23.22,1,0,0,2,1,A_POS,diabete,MOYEN
31,70.9,166,25.75,1,1,0,2,2,O_POS,diabete_hypertension,MOYEN
37,81.9,170,28.35,0,0,1,3,2,AB_NEG,aucun,MOYEN
29,58.0,154,24.45,0,0,1,2,1,O_NEG,aucun,MOYEN
32,60.8,162,23.18,0,0,0,2,1,AB_POS,aucun,MOYEN
33,73.6,159,29.11,0,0,1,2,2,A_NEG,aucun,MOYEN
29,72.2,177,23.04,0,0,0,2,1,O_POS,aucun,MOYEN
31,80.0,178,25.24,0,0,0,2,2,A_POS,aucun,MOYEN
28,96.7,180,29.85,0,0,1,2,2,AB_NEG,aucun,MOYEN
31,68.2,162,26.0,0,1,0,2,2,O_POS,hypertension,MOYEN
31,79.6,177,25.41,1,0,1,2,2,A_NEG,diabete,MOYEN
33,58.8,157,23.86,1,0,0,2,1,A_POS,diabete,MOYEN
28,69.1,164,25.68,1,1,0,2,2,B_POS,diabete_hypertension,MOYEN
36,75.7,161,29.22,0,1,0,3,2,O_POS,hypertension,MOYEN
28,66.0,173,22.04,0,0,0,2,1,O_POS,aucun,MOYEN
33,57.7,150,25.65,0,1,0,2,2,B_POS,hypertension,MOYEN
34,68.1,171,23.28,1,1,1,2,1,O_NEG,diabete_hypertension,MOYEN
35,65.2,163,24.52,1,1,0,3,1,O_POS,diabete_hypertension,MOYEN
29,80.6,173,26.93,0,0,1,2,2,A_NEG,aucun,MOYEN
32,66.5,156,27.33,0,1,1,2,2,AB_NEG,hypertension,MOYEN
37,58.3,156,23.96,1,0,1,3,1,A_NEG,diabete,MOYEN
33,67.7,152,29.29,0,0,0,2,2,B_POS,aucun,MOYEN
29,83.1,174,27.45,0,1,1,2,2,O_NEG,hypertension,MOYEN
30,83.2,172,28.12,0,0,1,2,2,B_NEG,aucun,MOYEN
34,65.3,162,24.88,1,0,0,2,1,AB_POS,diabete,MOYEN
34,59.4,160,23.2,1,0,0,2,1,AB_POS,diabete,MOYEN
33,86.5,177,27.62,1,0,0,2,2,A_POS,diabete,MOYEN
36,68.5,167,24.56,0,0,1,3,1,A_NEG,aucun,MOYEN
31,64.8,170,22.41,0,0,0,2,1,B_POS,aucun,MOYEN
31,67.4,157,27.35,0,0,1,2,2,B_NEG,aucun,MOYEN
32,93.9,177,29.96,0,0,0,2,2,O_POS,aucun,MOYEN
34,75.0,164,27.9,0,0,1,2,2,B_NEG,aucun,MOYEN
29,56.0,152,24.23,0,0,0,2,1,O_POS,aucun,MOYEN
34,52.0,151,22.82,0,0,1,2,1,B_NEG,aucun,MOYEN
32,85.8,173,28.67,0,0,0,2,2,O_POS,aucun,MOYEN
28,68.8,161,26.56,0,0,0,2,2,B_POS,aucun,MOYEN
32,67.1,167,24.05,1,0,1,2,1,AB_NEG,diabete,MOYEN
31,91.6,176,29.59,0,0,1,2,2,AB_NEG,aucun,MOYEN
31,70.8,178,22.36,0,0,0,2,1,B_POS,aucun,MOYEN
36,72.2,161,27.86,0,1,0,3,2,A_POS,hypertension,MOYEN
34,59.8,155,24.91,0,1,1,2,1,A_NEG,hypertension,MOYEN
36,67.1,155,27.93,0,0,1,3,2,AB_NEG,aucun,MOYEN
30,73.4,162,27.98,0,0,1,2,2,B_NEG,aucun,MOYEN
37,54.8,157,22.23,0,0,1,3,1,AB_NEG,aucun,MOYEN
37,79.9,167,28.65,0,0,1,3,2,B_NEG,aucun,MOYEN
35,55.0,152,23.79,1,0,0,3,1,O_POS,diabete,MOYEN
33,77.8,162,29.65,0,0,0,2,2,AB_POS,aucun,MOYEN
32,86.4,179,26.96,0,1,1,2,2,B_NEG,hypertension,MOYEN
30,71.7,165,26.34,0,1,0,2,2,B_POS,hypertension,MOYEN
31,59.8,151,26.23,1,0,0,2,2,B_POS,diabete,MOYEN
28,72.4,165,26.58,1,1,1,2,2,AB_NEG,diabete_hypertension,MOYEN
30,65.9,163,24.79,0,0,1,2,1,A_NEG,aucun,MOYEN
28,80.7,176,26.05,0,1,0,2,2,AB_POS,hypertension,MOYEN
34,73.3,162,27.91,1,0,0,2,2,A_POS,diabete,MOYEN
30,67.3,172,22.73,0,1,0,2,1,AB_POS,hypertension,MOYEN
32,64.1,169,22.43,0,0,0,2,1,O_POS,aucun,MOYEN
35,78.0,168,27.65,0,0,1,3,2,B_NEG,aucun,MOYEN
33,74.8,163,28.14,0,1,0,2,2,O_POS,hypertension,MOYEN
34,78.3,181,23.9,0,0,0,2,1,A_POS,aucun,MOYEN
33,86.5,177,27.62,0,0,1,2,2,A_NEG,aucun,MOYEN
34,89.4,177,28.53,0,0,0,2,2,A_POS,aucun,MOYEN
30,51.1,150,22.73,1,1,1,2,1,A_NEG,diabete_hypertension,MOYEN
35,53.6,154,22.62,0,0,0,3,1,B_POS,aucun,MOYEN
34,71.7,170,24.82,0,1,0,2,1,AB_POS,hypertension,MOYEN
35,90.5,179,28.24,0,1,0,3,2,AB_POS,hypertension,MOYEN
29,64.9,166,23.57,0,0,0,2,1,A_POS,aucun,MOYEN
36,83.4,179,26.03,0,1,0,3,2,O_POS,hypertension,MOYEN
29,82.1,167,29.43,0,0,1,2,2,AB_NEG,aucun,MOYEN
33,73.9,165,27.13,0,0,0,2,2,AB_POS,aucun,MOYEN
29,57.7,153,24.63,1,0,1,2,1,B_NEG,diabete,MOYEN
32,88.4,174,29.2,0,0,0,2,2,B_POS,aucun,MOYEN
37,61.8,155,25.72,0,0,1,3,2,A_NEG,aucun,MOYEN
28,67.9,167,24.36,0,0,1,2,1,B_NEG,aucun,MOYEN
36,62.9,155,26.18,0,0,0,3,2,O_POS,aucun,MOYEN
30,68.1,158,27.28,1,0,1,2,2,O_NEG,diabete,MOYEN
28,68.8,167,24.66,0,1,0,2,1,A_POS,hypertension,MOYEN
36,59.4,155,24.7,0,0,0,3,1,O_POS,aucun,MOYEN
28,69.0,156,28.36,1,0,1,2,2,O_NEG,diabete,MOYEN
31,62.7,160,24.5,0,1,0,2,1,AB_POS,hypertension,MOYEN
35,82.2,170,28.44,0,1,0,3,2,O_POS,hypertension,MOYEN
32,69.6,168,24.67,1,0,0,2,1,B_POS,diabete,MOYEN
37,72.3,163,27.21,0,1,1,3,2,O_NEG,hypertension,MOYEN
30,58.1,151,25.47,0,1,1,2,2,A_NEG,hypertension,MOYEN
35,72.6,166,26.34,0,0,1,3,2,AB_NEG,aucun,MOYEN
35,76.8,167,27.54,0,0,1,3,2,A_NEG,aucun,MOYEN
37,67.0,157,27.16,0,0,0,3,2,B_POS,aucun,MOYEN
35,84.5,172,28.55,1,0,0,3,2,O_POS,diabete,MOYEN
33,69.3,171,23.71,1,0,1,2,1,A_NEG,diabete,MOYEN
32,57.0,154,24.02,0,1,1,2,1,B_NEG,hypertension,MOYEN
33,63.4,158,25.39,0,0,1,2,2,AB_NEG,aucun,MOYEN
36,70.8,175,23.13,0,0,0,3,1,A_POS,aucun,MOYEN
31,66.0,168,23.4,1,0,0,2,1,O_POS,diabete,MOYEN
36,71.5,158,28.63,0,0,0,3,2,O_POS,aucun,MOYEN
36,57.4,153,24.5,0,0,1,3,1,AB_NEG,aucun,MOYEN
36,76.1,170,26.33,0,0,0,3,2,A_POS,aucun,MOYEN
34,60.7,159,24.0,0,1,1,2,1,O_NEG,hypertension,MOYEN
34,65.3,162,24.87,0,1,0,2,1,A_POS,hypertension,MOYEN
30,71.0,162,27.04,0,0,0,2,2,AB_POS,aucun,MOYEN
35,67.2,173,22.46,0,0,0,3,1,A_POS,aucun,MOYEN
31,63.8,150,28.35,0,0,1,2,2,AB_NEG,aucun,MOYEN
30,57.4,153,24.52,1,0,1,2,1,B_NEG,diabete,MOYEN
32,65.4,161,25.23,0,0,1,2,2,A_NEG,aucun,MOYEN
35,79.6,173,26.6,0,1,1,3,2,B_NEG,hypertension,MOYEN
28,62.9,157,25.5,0,0,1,2,2,AB_NEG,aucun,MOYEN
28,54.6,155,22.72,0,0,1,2,1,B_NEG,aucun,MOYEN
36,62.1,152,26.89,0,0,1,3,2,A_NEG,aucun,MOYEN
29,56.4,160,22.04,0,1,0,2,1,O_POS,hypertension,MOYEN
29,69.8,156,28.69,0,0,1,2,2,O_NEG,aucun,MOYEN
32,60.6,163,22.81,0,0,1,2,1,AB_NEG,aucun,MOYEN
37,78.7,175,25.71,1,0,0,3,2,A_POS,diabete,MOYEN
28,56.2,150,24.97,1,0,0,2,1,O_POS,diabete,MOYEN
30,71.8,177,22.91,1,0,0,2,1,O_POS,diabete,MOYEN
30,89.5,178,28.26,0,0,0,2,2,AB_POS,aucun,MOYEN
36,78.1,175,25.51,0,0,0,3,2,O_POS,aucun,MOYEN
37,57.7,155,24.0,1,0,1,3,1,A_NEG,diabete,MOYEN
28,81.6,171,27.9,1,0,1,2,2,AB_NEG,diabete,MOYEN
37,70.1,168,24.84,0,0,0,3,1,AB_POS,aucun,MOYEN
30,72.4,168,25.66,1,0,1,2,2,B_NEG,diabete,MOYEN
36,70.6,163,26.59,0,0,0,3,2,AB_POS,aucun,MOYEN
37,58.4,150,25.95,0,1,0,3,2,O_POS,hypertension,MOYEN
32,86.9,172,29.37,0,0,1,2,2,O_NEG,aucun,MOYEN
29,72.1,160,28.17,1,0,0,2,2,O_POS,diabete,MOYEN
29,62.9,168,22.27,0,1,1,2,1,A_NEG,hypertension,MOYEN
33,77.7,174,25.65,0,1,0,2,2,A_POS,hypertension,MOYEN
30,56.1,158,22.45,1,0,1,2,1,B_NEG,diabete,MOYEN
34,67.9,151,29.77,0,0,1,2,2,O_NEG,aucun,MOYEN
33,66.6,151,29.21,1,0,0,2,2,O_POS,diabete,MOYEN
37,81.0,167,29.05,1,0,0,3,2,AB_POS,diabete,MOYEN
35,91.1,180,28.13,0,0,1,3,2,AB_NEG,aucun,MOYEN
32,58.2,162,22.19,1,0,1,2,1,B_NEG,diabete,MOYEN
31,58.5,150,26.01,0,0,0,2,2,O_POS,aucun,MOYEN
34,74.9,176,24.17,0,1,1,2,1,O_NEG,hypertension,MOYEN
35,82.9,173,27.7,1,0,1,3,2,AB_NEG,diabete,MOYEN
34,57.0,151,24.99,0,0,1,2,1,B_NEG,aucun,MOYEN
29,75.3,172,25.44,0,0,1,2,2,O_NEG,aucun,MOYEN
35,61.9,167,22.18,1,0,0,3,1,AB_POS,diabete,MOYEN
32,85.6,172,28.92,0,0,0,2,2,O_POS,aucun,MOYEN
31,70.1,157,28.42,1,0,1,2,2,O_NEG,diabete,MOYEN
29,52.4,152,22.68,0,1,0,2,1,B_POS,hypertension,MOYEN
35,80.2,181,24.49,0,0,0,3,1,AB_POS,aucun,MOYEN
32,87.0,177,27.77,1,0,1,2,2,A_NEG,diabete,MOYEN
32,55.4,151,24.31,1,0,1,2,1,A_NEG,diabete,MOYEN
29,70.7,176,22.83,0,1,0,2,1,AB_POS,hypertension,MOYEN
35,75.6,159,29.89,0,0,0,3,2,B_POS,aucun,MOYEN
31,66.6,170,23.04,1,0,1,2,1,B_NEG,diabete,MOYEN
31,65.3,155,27.17,0,0,0,2,2,AB_POS,aucun,MOYEN
31,62.9,154,26.53,0,0,1,2,2,B_NEG,aucun,MOYEN
35,71.3,159,28.19,0,0,0,3,2,B_POS,aucun,MOYEN
34,62.9,165,23.1,0,1,1,2,1,AB_NEG,hypertension,MOYEN
32,78.7,163,29.61,0,0,1,2,2,AB_NEG,aucun,MOYEN
29,68.7,163,25.87,1,0,1,2,2,B_NEG,diabete,MOYEN
28,53.0,152,22.94,0,0,0,2,1,B_POS,aucun,MOYEN
33,88.3,180,27.25,0,0,0,2,2,AB_POS,aucun,MOYEN
33,73.6,177,23.51,1,0,0,2,1,B_POS,diabete,MOYEN
33,53.7,153,22.95,1,0,0,2,1,O_POS,diabete,MOYEN
35,61.2,164,22.74,0,0,1,3,1,O_NEG,aucun,MOYEN
37,71.8,156,29.5,0,0,1,3,2,B_NEG,aucun,MOYEN
30,92.2,181,28.13,0,0,1,2,2,A_NEG,aucun,MOYEN
37,85.8,178,27.08,1,0,0,3,2,AB_POS,diabete,MOYEN
31,87.7,177,28.01,0,0,0,2,2,AB_POS,aucun,MOYEN
28,65.8,167,23.6,1,0,1,2,1,O_NEG,diabete,MOYEN
31,70.7,161,27.29,1,1,1,2,2,B_NEG,diabete_hypertension,MOYEN
31,65.0,167,23.29,0,1,1,2,1,O_NEG,hypertension,MOYEN
31,63.4,160,24.78,0,0,1,2,1,AB_NEG,aucun,MOYEN
33,60.7,161,23.42,1,0,1,2,1,B_NEG,diabete,MOYEN
35,77.6,176,25.04,0,0,1,3,2,A_NEG,aucun,MOYEN
37,80.8,170,27.97,1,0,0,3,2,AB_POS,diabete,MOYEN
33,54.4,153,23.22,0,1,1,2,1,AB_NEG,hypertension,MOYEN
28,79.8,167,28.63,0,1,0,2,2,AB_POS,hypertension,MOYEN
31,76.9,175,25.1,0,0,1,2,2,AB_NEG,aucun,MOYEN
35,62.6,152,27.1,0,0,0,3,2,AB_POS,aucun,MOYEN
31,66.9,160,26.13,0,0,1,2,2,B_NEG,aucun,MOYEN
37,75.9,174,25.07,1,1,1,3,2,O_NEG,diabete_hypertension,MOYEN
28,64.4,156,26.47,1,1,1,2,2,A_NEG,diabete_hypertension,MOYEN
31,74.6,159,29.51,0,0,0,2,2,AB_POS,aucun,MOYEN
32,78.7,179,24.57,0,0,1,2,1,A_NEG,aucun,MOYEN
28,87.8,172,29.67,0,0,1,2,2,B_NEG,aucun,MOYEN
29,66.9,157,27.14,1,0,1,2,2,AB_NEG,diabete,MOYEN
28,78.3,179,24.43,0,1,1,2,1,O_NEG,hypertension,MOYEN
31,58.7,153,25.07,0,1,0,2,2,A_POS,hypertension,MOYEN
28,75.3,163,28.34,0,0,0,2,2,O_POS,aucun,MOYEN
33,87.9,178,27.73,1,0,0,2,2,AB_POS,diabete,MOYEN
35,69.7,156,28.63,0,0,1,3,2,A_NEG,aucun,MOYEN
29,83.8,169,29.35,1,0,1,2,2,AB_NEG,diabete,MOYEN
32,74.0,164,27.5,1,0,0,2,2,A_POS,diabete,MOYEN
32,88.4,172,29.88,0,1,1,2,2,A_NEG,hypertension,MOYEN
33,70.8,154,29.84,0,0,0,2,2,O_POS,aucun,MOYEN
29,62.1,153,26.53,0,0,1,2,2,B_NEG,aucun,MOYEN
31,71.6,179,22.35,0,1,0,2,1,O_POS,hypertension,MOYEN
32,77.5,161,29.88,1,0,0,2,2,O_POS,diabete,MOYEN
30,73.6,179,22.97,1,0,1,2,1,O_NEG,diabete,MOYEN
33,79.8,175,26.06,0,0,1,2,2,B_NEG,aucun,MOYEN
35,79.4,165,29.18,0,0,0,3,2,A_POS,aucun,MOYEN
36,63.0,159,24.91,1,1,1,3,1,AB_NEG,diabete_hypertension,MOYEN
31,60.0,154,25.3,0,0,0,2,2,A_POS,aucun,MOYEN
29,72.2,161,27.87,1,0,1,2,2,A_NEG,diabete,MOYEN
29,62.1,153,26.51,1,1,1,2,2,B_NEG,diabete_hypertension,MOYEN
34,67.4,164,25.06,0,1,0,2,2,AB_POS,hypertension,MOYEN
30,61.0,166,22.14,0,0,1,2,1,A_NEG,aucun,MOYEN
36,79.6,163,29.97,1,0,1,3,2,B_NEG,diabete,MOYEN
32,71.1,170,24.61,0,1,0,2,1,AB_POS,hypertension,MOYEN
34,78.7,179,24.56,1,0,1,2,1,A_NEG,diabete,MOYEN
37,78.3,164,29.11,0,0,0,3,2,AB_POS,aucun,MOYEN
36,53.1,152,23.0,1,0,1,3,1,B_NEG,diabete,MOYEN
35,90.2,181,27.54,0,1,0,3,2,A_POS,hypertension,MOYEN
33,65.6,153,28.01,0,0,1,2,2,B_NEG,aucun,MOYEN
30,76.2,160,29.79,0,0,1,2,2,AB_NEG,aucun,MOYEN
32,75.3,173,25.17,0,0,1,2,2,O_NEG,aucun,MOYEN
32,61.6,166,22.36,0,0,0,2,1,O_POS,aucun,MOYEN
31,56.0,155,23.29,1,0,0,2,1,A_POS,diabete,MOYEN
28,76.8,174,25.37,0,0,1,2,2,B_NEG,aucun,MOYEN
33,75.1,164,27.93,0,0,1,2,2,O_NEG,aucun,MOYEN
34,71.9,176,23.21,1,0,0,2,1,O_POS,diabete,MOYEN
37,86.9,174,28.72,0,0,0,3,2,AB_POS,aucun,MOYEN
28,59.0,156,24.25,1,0,0,2,1,O_POS,diabete,MOYEN
31,72.5,172,24.5,0,1,1,2,1,A_NEG,hypertension,MOYEN
36,58.8,163,22.11,1,0,1,3,1,AB_NEG,diabete,MOYEN
36,87.6,176,28.27,1,1,0,3,2,B_POS,diabete_hypertension,MOYEN
37,71.8,155,29.89,0,0,0,3,2,B_POS,aucun,MOYEN
35,71.4,155,29.71,0,0,1,3,2,B_NEG,aucun,MOYEN
29,71.9,156,29.56,0,1,1,2,2,A_NEG,hypertension,MOYEN
36,68.1,162,25.96,0,0,0,3,2,A_POS,aucun,MOYEN
36,65.9,157,26.73,0,0,1,3,2,AB_NEG,aucun,MOYEN
28,69.5,156,28.54,1,0,0,2,2,A_POS,diabete,MOYEN
28,70.4,165,25.87,0,0,0,2,2,O_POS,aucun,MOYEN
35,73.1,165,26.86,0,0,0,3,2,O_POS,aucun,MOYEN
35,59.9,151,26.27,1,0,0,3,2,B_POS,diabete,MOYEN
32,90.8,176,29.33,0,0,0,2,2,O_POS,aucun,MOYEN
32,84.5,172,28.57,0,0,1,2,2,B_NEG,aucun,MOYEN
36,75.9,161,29.29,0,0,0,3,2,AB_POS,aucun,MOYEN
34,94.4,181,28.82,0,1,0,2,2,AB_POS,hypertension,MOYEN
31,57.7,151,25.32,1,1,0,2,2,B_POS,diabete_hypertension,MOYEN
36,73.1,161,28.19,0,0,0,3,2,AB_POS,aucun,MOYEN
30,72.5,177,23.16,1,0,0,2,1,A_POS,diabete,MOYEN
35,65.0,161,25.08,1,0,0,3,2,A_POS,diabete,MOYEN
28,73.1,162,27.87,1,0,1,2,2,O_NEG,diabete,MOYEN
34,70.0,163,26.37,0,0,0,2,2,A_POS,aucun,MOYEN
33,69.0,158,27.62,0,0,1,2,2,B_NEG,aucun,MOYEN
30,68.3,153,29.16,0,1,0,2,2,A_POS,hypertension,MOYEN
34,72.2,159,28.55,1,0,0,2,2,A_POS,diabete,MOYEN
36,57.5,151,25.21,1,0,1,3,2,AB_NEG,diabete,MOYEN
37,81.4,175,26.56,0,0,1,3,2,B_NEG,aucun,MOYEN
30,75.0,179,23.42,0,0,1,2,1,O_NEG,aucun,MOYEN
37,56.4,151,24.74,0,0,1,3,1,O_NEG,aucun,MOYEN
31,66.5,151,29.18,0,1,1,2,2,AB_NEG,hypertension,MOYEN
31,79.3,170,27.45,1,0,1,2,2,B_NEG,diabete,MOYEN
30,54.8,154,23.1,0,0,1,2,1,B_NEG,aucun,MOYEN
37,62.3,168,22.06,0,0,1,3,1,AB_NEG,aucun,MOYEN
31,64.9,159,25.67,0,0,0,2,2,A_POS,aucun,MOYEN
37,77.3,174,25.55,0,0,0,3,2,O_POS,aucun,MOYEN
34,80.1,165,29.42,0,0,1,2,2,O_NEG,aucun,MOYEN
35,74.8,177,23.88,0,0,1,3,1,O_NEG,aucun,MOYEN
31,71.8,157,29.15,0,0,1,2,2,B_NEG,aucun,MOYEN
36,64.8,155,26.99,0,0,0,3,2,A_POS,aucun,MOYEN
37,65.1,154,27.46,0,0,0,3,2,O_POS,aucun,MOYEN
32,63.0,162,24.01,1,0,0,2,1,O_POS,diabete,MOYEN
35,84.1,175,27.46,1,0,0,3,2,O_POS,diabete,MOYEN
31,61.3,159,24.26,0,1,0,2,1,A_POS,hypertension,MOYEN
30,75.9,175,24.79,0,0,0,2,1,AB_POS,aucun,MOYEN
29,74.9,180,23.11,0,0,1,2,1,B_NEG,aucun,MOYEN
32,67.4,154,28.41,0,0,1,2,2,A_NEG,aucun,MOYEN
37,75.5,176,24.39,0,0,0,3,1,A_POS,aucun,MOYEN
29,85.6,169,29.97,0,0,0,2,2,B_POS,aucun,MOYEN
32,76.3,169,26.71,1,0,1,2,2,B_NEG,diabete,MOYEN
29,80.2,174,26.49,0,0,0,2,2,A_POS,aucun,MOYEN
32,54.6,151,23.94,1,0,1,2,1,A_NEG,diabete,MOYEN
37,85.2,178,26.9,0,0,0,3,2,O_POS,aucun,MOYEN
37,65.0,161,25.08,0,1,1,3,2,A_NEG,hypertension,MOYEN
29,66.0,163,24.83,1,1,0,2,1,O_POS,diabete_hypertension,MOYEN
36,60.2,151,26.39,0,0,0,3,2,O_POS,aucun,MOYEN
29,53.7,156,22.05,0,1,1,2,1,AB_NEG,hypertension,MOYEN
28,93.6,178,29.55,0,1,1,2,2,A_NEG,hypertension,MOYEN
33,68.1,164,25.31,0,0,1,2,2,B_NEG,aucun,MOYEN
31,66.4,157,26.94,0,0,0,2,2,AB_POS,aucun,MOYEN
28,76.3,170,26.42,0,0,0,2,2,O_POS,aucun,MOYEN
31,95.8,179,29.9,0,0,0,2,2,O_POS,aucun,MOYEN
30,82.8,179,25.85,0,0,1,2,2,AB_NEG,aucun,MOYEN
32,64.6,168,22.88,1,0,1,2,1,B_NEG,diabete,MOYEN
30,66.5,168,23.54,0,0,1,2,1,O_NEG,aucun,MOYEN
37,68.2,172,23.07,0,1,1,3,1,A_NEG,hypertension,MOYEN
37,68.5,160,26.78,1,0,1,3,2,AB_NEG,diabete,MOYEN
31,86.2,178,27.21,0,0,1,2,2,AB_NEG,aucun,MOYEN
30,54.2,155,22.55,1,1,0,2,1,B_POS,diabete_hypertension,MOYEN
29,72.4,164,26.93,0,0,0,2,2,O_POS,aucun,MOYEN
32,67.0,165,24.63,0,0,1,2,1,A_NEG,aucun,MOYEN
29,86.1,176,27.78,1,0,1,2,2,AB_NEG,diabete,MOYEN
32,83.2,167,29.82,0,0,0,2,2,A_POS,aucun,MOYEN
33,78.0,169,27.33,1,0,0,2,2,B_POS,diabete,MOYEN
37,69.1,167,24.78,0,1,1,3,1,B_NEG,hypertension,MOYEN
35,65.6,170,22.71,1,0,1,3,1,AB_NEG,diabete,MOYEN
34,74.1,163,27.88,1,0,1,2,2,O_NEG,diabete,MOYEN
33,66.3,164,24.67,0,1,0,2,1,AB_POS,hypertension,MOYEN
35,65.8,168,23.31,1,0,1,3,1,O_NEG,diabete,MOYEN
36,75.3,162,28.68,0,0,0,3,2,A_POS,aucun,MOYEN
29,67.0,156,27.55,0,1,0,2,2,B_POS,hypertension,MOYEN
35,78.0,173,26.05,0,0,0,3,2,AB_POS,aucun,MOYEN
31,54.5,153,23.3,0,0,0,2,1,B_POS,aucun,MOYEN
32,67.4,151,29.57,1,0,1,2,2,AB_NEG,diabete,MOYEN
28,63.7,154,26.85,0,0,1,2,2,B_NEG,aucun,MOYEN
36,80.6,169,28.2,0,1,1,3,2,O_NEG,hypertension,MOYEN
33,66.8,160,26.1,0,0,1,2,2,B_NEG,aucun,MOYEN
35,65.0,154,27.39,1,0,1,3,2,O_NEG,diabete,MOYEN
34,54.8,155,22.8,0,0,0,2,1,B_POS,aucun,MOYEN
32,80.9,174,26.71,0,0,0,2,2,O_POS,aucun,MOYEN
29,65.2,150,28.97,0,0,1,2,2,O_NEG,aucun,MOYEN
35,68.8,154,29.02,1,0,0,3,2,O_POS,diabete,MOYEN
28,58.6,160,22.9,0,1,1,2,1,A_NEG,hypertension,MOYEN
29,76.1,166,27.61,0,0,1,2,2,O_NEG,aucun,MOYEN
30,73.3,175,23.94,0,0,1,2,1,B_NEG,aucun,MOYEN
34,66.8,173,22.32,0,1,1,2,1,A_NEG,hypertension,MOYEN
34,76.7,175,25.05,0,1,1,2,2,B_NEG,hypertension,MOYEN
33,59.0,157,23.93,0,0,1,2,1,AB_NEG,aucun,MOYEN
29,66.8,168,23.66,1,0,1,2,1,B_NEG,diabete,MOYEN
33,63.5,164,23.62,0,0,0,2,1,A_POS,aucun,MOYEN
33,71.6,171,24.49,1,1,1,2,1,B_NEG,diabete_hypertension,MOYEN
28,60.6,150,26.93,0,0,0,2,2,A_POS,aucun,MOYEN
33,62.0,167,22.24,0,0,1,2,1,B_NEG,aucun,MOYEN
35,92.5,176,29.85,0,0,0,3,2,O_POS,aucun,MOYEN
33,59.9,154,25.27,0,0,1,2,2,AB_NEG,aucun,MOYEN
36,57.8,161,22.29,0,0,1,3,1,O_NEG,aucun,MOYEN
29,70.7,163,26.62,0,0,1,2,2,AB_NEG,aucun,MOYEN
33,59.6,154,25.14,0,0,0,2,2,A_POS,aucun,MOYEN
34,66.9,172,22.61,1,0,1,2,1,O_NEG,diabete,MOYEN
29,51.6,153,22.03,1,0,1,2,1,B_NEG,diabete,MOYEN
31,75.9,172,25.66,0,1,0,2,2,O_POS,hypertension,MOYEN
32,80.6,175,26.31,0,0,0,2,2,AB_POS,aucun,MOYEN
30,70.6,171,24.15,1,1,1,2,1,B_NEG,diabete_hypertension,MOYEN
35,73.6,161,28.38,0,0,0,3,2,O_POS,aucun,MOYEN
36,77.8,171,26.6,0,0,1,3,2,O_NEG,aucun,MOYEN
34,75.9,166,27.54,0,0,0,2,2,AB_POS,aucun,MOYEN
28,79.8,178,25.19,1,0,1,2,2,O_NEG,diabete,MOYEN
32,94.3,180,29.12,0,0,1,2,2,B_NEG,aucun,MOYEN
37,68.3,154,28.78,1,0,0,3,2,B_POS,diabete,MOYEN
31,56.6,156,23.27,0,0,1,2,1,O_NEG,aucun,MOYEN
32,87.4,181,26.69,0,0,0,2,2,A_POS,aucun,MOYEN
30,78.6,179,24.52,0,0,1,2,1,A_NEG,aucun,MOYEN
36,70.4,170,24.37,0,0,1,3,1,A_NEG,aucun,MOYEN
33,67.5,172,22.8,0,0,0,2,1,AB_POS,aucun,MOYEN
34,73.6,173,24.58,0,0,1,2,1,A_NEG,aucun,MOYEN
36,86.2,173,28.8,0,0,1,3,2,A_NEG,aucun,MOYEN
37,52.5,152,22.74,1,0,1,3,1,O_NEG,diabete,MOYEN
30,64.7,166,23.5,0,0,1,2,1,AB_NEG,aucun,MOYEN
31,71.8,157,29.15,0,1,0,2,2,O_POS,hypertension,MOYEN
28,71.2,175,23.25,0,0,1,2,1,AB_NEG,aucun,MOYEN
30,84.2,172,28.47,0,0,0,2,2,B_POS,aucun,MOYEN
30,72.8,176,23.51,0,1,0,2,1,AB_POS,hypertension,MOYEN
36,58.3,150,25.89,0,0,0,3,2,B_POS,aucun,MOYEN
32,58.1,153,24.83,0,0,0,2,1,A_POS,aucun,MOYEN
36,61.5,154,25.93,0,0,0,3,2,AB_POS,aucun,MOYEN
29,63.9,162,24.34,1,0,1,2,1,A_NEG,diabete,MOYEN
34,66.7,152,28.87,0,0,1,2,2,A_NEG,aucun,MOYEN
35,61.6,154,25.99,0,0,0,3,2,O_POS,aucun,MOYEN
36,61.7,150,27.44,1,0,1,3,2,AB_NEG,diabete,MOYEN
29,67.9,170,23.5,1,0,1,2,1,B_NEG,diabete,MOYEN
33,55.8,152,24.17,0,1,1,2,1,B_NEG,hypertension,MOYEN
32,61.9,163,23.28,0,0,0,2,1,B_POS,aucun,MOYEN
34,84.9,173,28.38,1,0,0,2,2,B_POS,diabete,MOYEN
28,68.5,154,28.87,0,0,1,2,2,O_NEG,aucun,MOYEN
29,62.2,166,22.57,0,0,0,2,1,B_POS,aucun,MOYEN
29,73.3,175,23.93,0,0,0,2,1,O_POS,aucun,MOYEN
30,90.9,179,28.37,1,0,0,2,2,B_POS,diabete,MOYEN
35,71.9,161,27.73,1,0,1,3,2,B_NEG,diabete,MOYEN
34,79.6,163,29.96,0,1,0,2,2,AB_POS,hypertension,MOYEN
35,63.9,167,22.92,1,0,0,3,1,B_POS,diabete,MOYEN
37,68.9,164,25.61,0,0,0,3,2,AB_POS,aucun,MOYEN
33,61.7,160,24.09,0,0,1,2,1,O_NEG,aucun,MOYEN
31,73.1,168,25.88,0,0,0,2,2,AB_POS,aucun,MOYEN
36,91.1,180,28.12,1,0,1,3,2,A_NEG,diabete,MOYEN
33,66.9,167,23.98,1,1,1,2,1,AB_NEG,diabete_hypertension,MOYEN
29,74.8,160,29.21,0,0,0,2,2,B_POS,aucun,MOYEN
31,63.5,167,22.79,0,1,0,2,1,A_POS,hypertension,MOYEN
34,59.6,161,23.0,0,1,1,2,1,AB_NEG,hypertension,MOYEN
30,76.3,171,26.11,0,0,0,2,2,B_POS,aucun,MOYEN
36,53.1,153,22.7,0,0,1,3,1,A_NEG,aucun,MOYEN
30,92.6,181,28.28,1,1,0,2,2,B_POS,diabete_hypertension,MOYEN
30,62.2,158,24.9,0,0,1,2,1,O_NEG,aucun,MOYEN
29,55.6,153,23.75,0,0,0,2,1,B_POS,aucun,MOYEN
31,77.1,169,27.01,1,0,0,2,2,A_POS,diabete,MOYEN
34,51.3,151,22.51,1,0,1,2,1,O_NEG,diabete,MOYEN
31,76.3,174,25.22,1,1,0,2,2,AB_POS,diabete_hypertension,MOYEN
32,78.4,164,29.14,1,0,0,2,2,B_POS,diabete,MOYEN
37,57.6,155,23.98,1,0,1,3,1,AB_NEG,diabete,MOYEN
33,67.2,159,26.58,1,0,0,2,2,B_POS,diabete,MOYEN
30,66.0,152,28.58,0,0,0,2,2,B_POS,aucun,MOYEN
36,78.7,169,27.54,0,0,1,3,2,B_NEG,aucun,MOYEN
29,69.5,165,25.52,1,0,0,2,2,B_POS,diabete,MOYEN
32,70.5,175,23.02,1,0,0,2,1,A_POS,diabete,MOYEN
36,94.0,181,28.71,1,0,0,3,2,B_POS,diabete,MOYEN
33,69.4,175,22.65,0,1,1,2,1,AB_NEG,hypertension,MOYEN
32,57.4,159,22.69,0,0,1,2,1,A_NEG,aucun,MOYEN
35,69.6,154,29.36,0,0,1,3,2,AB_NEG,aucun,MOYEN
29,61.0,152,26.4,0,0,0,2,2,O_POS,aucun,MOYEN
28,83.1,168,29.43,0,0,1,2,2,A_NEG,aucun,MOYEN
31,60.2,161,23.24,0,0,0,2,1,A_POS,aucun,MOYEN
31,56.4,151,24.72,1,0,0,2,1,A_POS,diabete,MOYEN
31,78.7,176,25.4,0,1,0,2,2,AB_POS,hypertension,MOYEN
28,73.7,162,28.07,0,1,0,2,2,B_POS,hypertension,MOYEN
28,63.7,170,22.05,0,0,0,2,1,A_POS,aucun,MOYEN
33,79.5,169,27.84,0,1,1,2,2,B_NEG,hypertension,MOYEN
34,74.8,181,22.84,1,0,0,2,1,A_POS,diabete,MOYEN
28,55.1,155,22.93,0,1,1,2,1,O_NEG,hypertension,MOYEN
28,69.0,159,27.29,0,0,1,2,2,O_NEG,aucun,MOYEN
34,78.4,178,24.74,0,1,0,2,1,A_POS,hypertension,MOYEN
33,50.6,151,22.21,0,0,0,2,1,A_POS,aucun,MOYEN
34,68.6,167,24.61,0,0,1,2,1,A_NEG,aucun,MOYEN
33,69.6,177,22.21,0,0,1,2,1,A_NEG,aucun,MOYEN
35,63.5,156,26.08,1,0,1,3,2,AB_NEG,diabete,MOYEN
36,56.4,158,22.59,1,0,1,3,1,A_NEG,diabete,MOYEN
30,79.4,165,29.16,0,0,1,2,2,AB_NEG,aucun,MOYEN
28,78.7,162,30.0,0,0,1,2,2,AB_NEG,aucun,MOYEN
28,77.6,164,28.86,0,0,1,2,2,AB_NEG,aucun,MOYEN
36,61.0,158,24.44,0,0,0,3,1,O_POS,aucun,MOYEN
31,68.9,161,26.58,0,1,0,2,2,B_POS,hypertension,MOYEN
37,94.8,180,29.25,0,1,0,3,2,AB_POS,hypertension,MOYEN
35,82.6,180,25.5,0,0,0,3,2,B_POS,aucun,MOYEN
35,92.0,177,29.36,0,0,1,3,2,O_NEG,aucun,MOYEN
35,72.3,165,26.57,1,0,1,3,2,B_NEG,diabete,MOYEN
29,82.5,179,25.76,0,0,0,2,2,B_POS,aucun,MOYEN
30,69.8,177,22.27,0,0,1,2,1,AB_NEG,aucun,MOYEN
36,78.4,171,26.8,0,0,0,3,2,AB_POS,aucun,MOYEN
34,54.5,155,22.67,0,0,1,2,1,O_NEG,aucun,MOYEN
34,65.7,159,26.0,0,1,1,2,2,B_NEG,hypertension,MOYEN
29,52.8,153,22.56,1,0,1,2,1,B_NEG,diabete,MOYEN
34,58.6,152,25.37,0,1,0,2,2,A_POS,hypertension,MOYEN
28,58.2,162,22.18,0,0,1,2,1,AB_NEG,aucun,MOYEN
29,69.4,169,24.31,1,0,1,2,1,AB_NEG,diabete,MOYEN
37,90.2,179,28.14,1,0,1,3,2,B_NEG,diabete,MOYEN
29,71.7,156,29.46,0,0,0,2,2,AB_POS,aucun,MOYEN
35,85.0,179,26.54,0,0,0,3,2,AB_POS,aucun,MOYEN
35,65.2,152,28.21,0,0,1,3,2,O_NEG,aucun,MOYEN
31,74.0,158,29.63,0,0,1,2,2,B_NEG,aucun,MOYEN
32,67.6,164,25.14,1,0,0,2,2,O_POS,diabete,MOYEN
28,87.4,172,29.54,0,0,0,2,2,A_POS,aucun,MOYEN
36,62.4,159,24.67,0,0,1,3,1,AB_NEG,aucun,MOYEN
36,70.2,171,24.01,1,1,0,3,1,AB_POS,diabete_hypertension,MOYEN
34,85.9,172,29.02,0,0,1,2,2,O_NEG,aucun,MOYEN
33,76.7,167,27.5,0,0,1,2,2,B_NEG,aucun,MOYEN
29,60.0,159,23.73,0,0,1,2,1,A_NEG,aucun,MOYEN
29,59.4,162,22.62,0,0,1,2,1,O_NEG,aucun,MOYEN
30,76.8,163,28.9,0,0,1,2,2,B_NEG,aucun,MOYEN
33,79.7,170,27.56,0,0,1,2,2,AB_NEG,aucun,MOYEN
35,71.0,155,29.57,1,0,0,3,2,B_POS,diabete,MOYEN
28,69.9,170,24.18,0,0,1,2,1,A_NEG,aucun,MOYEN
36,60.6,160,23.67,1,1,1,3,1,A_NEG,diabete_hypertension,MOYEN
28,75.2,180,23.2,1,0,1,2,1,A_NEG,diabete,MOYEN
30,50.6,151,22.19,0,1,0,2,1,O_POS,hypertension,MOYEN
29,80.0,171,27.36,0,1,0,2,2,O_POS,hypertension,MOYEN
29,78.2,181,23.87,1,0,0,2,1,A_POS,diabete,MOYEN
36,64.5,170,22.32,1,0,0,3,1,O_POS,diabete,MOYEN
32,75.7,173,25.31,1,0,1,2,2,A_NEG,diabete,MOYEN
29,71.7,159,28.38,0,1,0,2,2,B_POS,hypertension,MOYEN
30,71.4,165,26.24,0,0,1,2,2,B_NEG,aucun,MOYEN
35,64.7,152,27.99,1,0,0,3,2,O_POS,diabete,MOYEN
30,79.4,172,26.83,0,0,0,2,2,AB_POS,aucun,MOYEN
34,69.9,168,24.76,0,1,1,2,1,B_NEG,hypertension,MOYEN
29,78.9,172,26.66,1,1,1,2,2,B_NEG,diabete_hypertension,MOYEN
35,69.6,154,29.34,0,1,1,3,2,AB_NEG,hypertension,MOYEN
35,59.4,153,25.39,0,0,1,3,2,B_NEG,aucun,MOYEN
33,66.2,168,23.44,1,0,1,2,1,B_NEG,diabete,MOYEN
28,85.4,172,28.87,0,0,1,2,2,AB_NEG,aucun,MOYEN
37,75.2,181,22.95,1,0,1,3,1,AB_NEG,diabete,MOYEN
31,67.4,164,25.06,0,1,1,2,2,O_NEG,hypertension,MOYEN
33,68.7,156,28.23,0,0,1,2,2,O_NEG,aucun,MOYEN
34,64.7,157,26.24,0,1,0,2,2,O_POS,hypertension,MOYEN
35,86.8,174,28.67,0,0,1,3,2,B_NEG,aucun,MOYEN
31,67.5,153,28.83,1,0,1,2,2,O_NEG,diabete,MOYEN
33,73.6,168,26.08,1,0,0,2,2,AB_POS,diabete,MOYEN
29,81.9,175,26.75,0,1,0,2,2,B_POS,hypertension,MOYEN
35,60.9,151,26.7,0,0,1,3,2,AB_NEG,aucun,MOYEN
37,58.4,154,24.62,0,1,1,3,1,B_NEG,hypertension,MOYEN
35,75.6,180,23.33,0,1,1,3,1,AB_NEG,hypertension,MOYEN
32,63.2,160,24.69,1,0,1,2,1,O_NEG,diabete,MOYEN
32,83.1,175,27.12,0,1,0,2,2,B_POS,hypertension,MOYEN
36,56.9,158,22.79,0,1,1,3,1,B_NEG,hypertension,MOYEN
32,79.4,172,26.85,0,1,1,2,2,A_NEG,hypertension,MOYEN
34,70.4,174,23.25,0,0,0,2,1,O_POS,aucun,MOYEN
32,87.3,179,27.24,0,1,1,2,2,O_NEG,hypertension,MOYEN
30,74.7,170,25.85,0,0,0,2,2,O_POS,aucun,MOYEN
34,79.0,166,28.67,0,0,1,2,2,A_NEG,aucun,MOYEN
34,92.7,177,29.59,0,0,0,2,2,B_POS,aucun,MOYEN
33,81.9,171,28.02,0,0,0,2,2,O_POS,aucun,MOYEN
33,74.9,172,25.33,0,0,1,2,2,O_NEG,aucun,MOYEN
33,62.1,161,23.95,1,0,0,2,1,AB_POS,diabete,MOYEN
31,60.7,158,24.33,1,0,0,2,1,A_POS,diabete,MOYEN
34,79.4,168,28.12,0,0,0,2,2,AB_POS,aucun,MOYEN
29,55.6,150,24.72,0,0,0,2,1,B_POS,aucun,MOYEN
34,67.0,150,29.76,0,1,1,2,2,A_NEG,hypertension,MOYEN
31,55.7,155,23.17,0,1,0,2,1,O_POS,hypertension,MOYEN
34,69.9,167,25.08,0,0,0,2,2,A_POS,aucun,MOYEN
30,83.3,168,29.53,0,0,1,2,2,O_NEG,aucun,MOYEN
33,73.9,166,26.81,0,0,1,2,2,O_NEG,aucun,MOYEN
36,54.3,154,22.91,0,0,1,3,1,B_NEG,aucun,MOYEN
31,74.9,171,25.62,0,0,0,2,2,AB_POS,aucun,MOYEN
31,82.2,169,28.8,0,1,1,2,2,A_NEG,hypertension,MOYEN
33,70.6,179,22.02,0,0,0,2,1,B_POS,aucun,MOYEN
30,54.4,150,24.18,0,0,1,2,1,A_NEG,aucun,MOYEN
29,78.3,172,26.45,1,0,0,2,2,O_POS,diabete,MOYEN
33,71.0,166,25.76,1,0,1,2,2,AB_NEG,diabete,MOYEN
31,67.8,165,24.89,0,0,0,2,1,A_POS,aucun,MOYEN
34,72.3,163,27.2,0,1,0,2,2,B_POS,hypertension,MOYEN
32,57.2,152,24.74,0,0,1,2,1,AB_NEG,aucun,MOYEN
31,66.7,173,22.29,0,1,1,2,1,O_NEG,hypertension,MOYEN
31,76.2,168,26.98,0,1,0,2,2,AB_POS,hypertension,MOYEN
37,81.6,166,29.62,0,0,1,3,2,O_NEG,aucun,MOYEN
37,83.8,169,29.35,0,0,1,3,2,O_NEG,aucun,MOYEN
37,56.9,152,24.64,1,0,0,3,1,A_POS,diabete,MOYEN
31,58.2,153,24.88,0,0,0,2,1,B_POS,aucun,MOYEN
35,82.4,179,25.71,0,0,0,3,2,O_POS,aucun,MOYEN
29,74.6,178,23.55,0,1,1,2,1,B_NEG,hypertension,MOYEN
33,78.2,173,26.12,0,1,0,2,2,AB_POS,hypertension,MOYEN
29,75.0,161,28.92,0,0,0,2,2,AB_POS,aucun,MOYEN
37,70.9,157,28.76,1,0,0,3,2,A_POS,diabete,MOYEN
31,76.7,175,25.05,0,0,0,2,2,AB_POS,aucun,MOYEN
31,69.6,172,23.53,0,0,1,2,1,O_NEG,aucun,MOYEN
37,72.7,160,28.4,1,0,1,3,2,O_NEG,diabete,MOYEN
31,72.2,160,28.19,0,1,0,2,2,A_POS,hypertension,MOYEN
31,62.9,152,27.2,0,1,1,2,2,O_NEG,hypertension,MOYEN
36,71.4,159,28.25,1,0,0,3,2,B_POS,diabete,MOYEN
37,74.2,165,27.26,0,0,1,3,2,O_NEG,aucun,MOYEN
32,84.5,170,29.23,0,0,1,2,2,O_NEG,aucun,MOYEN
32,80.3,166,29.13,1,0,1,2,2,AB_NEG,diabete,MOYEN
31,64.7,150,28.75,0,0,0,2,2,A_POS,aucun,MOYEN
31,62.3,151,27.32,1,0,0,2,2,A_POS,diabete,MOYEN
30,57.4,156,23.6,0,0,1,2,1,A_NEG,aucun,MOYEN
34,58.4,151,25.61,0,0,0,2,2,O_POS,aucun,MOYEN
31,71.8,171,24.54,0,0,1,2,1,O_NEG,aucun,MOYEN
32,81.1,165,29.78,0,1,1,2,2,B_NEG,hypertension,MOYEN
35,89.7,178,28.32,1,1,0,3,2,A_POS,diabete_hypertension,MOYEN
28,72.9,158,29.2,0,0,1,2,2,B_NEG,aucun,MOYEN
28,73.1,181,22.32,0,0,0,2,1,A_POS,aucun,MOYEN
29,75.9,167,27.2,0,0,0,2,2,AB_POS,aucun,MOYEN
36,75.1,179,23.43,0,0,1,3,1,AB_NEG,aucun,MOYEN
37,86.0,179,26.85,0,1,1,3,2,O_NEG,hypertension,MOYEN
36,73.3,168,25.97,0,0,1,3,2,B_NEG,aucun,MOYEN
36,93.1,180,28.72,0,0,1,3,2,AB_NEG,aucun,MOYEN
35,88.4,172,29.88,0,0,1,3,2,AB_NEG,aucun,MOYEN
32,83.1,181,25.36,0,0,1,2,2,AB_NEG,aucun,MOYEN
32,60.3,155,25.1,0,0,0,2,2,O_POS,aucun,MOYEN
29,89.7,179,28.0,0,0,0,2,2,B_POS,aucun,MOYEN
30,72.9,171,24.93,1,0,1,2,1,O_NEG,diabete,MOYEN
37,86.7,175,28.3,0,0,0,3,2,B_POS,aucun,MOYEN
35,84.9,179,26.49,1,0,1,3,2,A_NEG,diabete,MOYEN
29,70.5,167,25.28,0,0,0,2,2,O_POS,aucun,MOYEN
31,69.1,174,22.81,1,0,0,2,1,A_POS,diabete,MOYEN
37,85.3,180,26.33,0,0,1,3,2,A_NEG,aucun,MOYEN
34,87.0,178,27.44,1,0,0,2,2,A_POS,diabete,MOYEN
31,64.8,153,27.7,1,0,0,2,2,A_POS,diabete,MOYEN
30,67.8,161,26.17,1,0,0,2,2,AB_POS,diabete,MOYEN
31,62.4,151,27.38,0,0,0,2,2,A_POS,aucun,MOYEN
35,60.7,162,23.11,0,0,0,3,1,B_POS,aucun,MOYEN
33,92.1,181,28.1,0,0,0,2,2,B_POS,aucun,MOYEN
28,75.8,162,28.88,1,0,0,2,2,AB_POS,diabete,MOYEN
34,64.2,151,28.17,1,0,1,2,2,A_NEG,diabete,MOYEN
32,63.8,165,23.43,0,1,0,2,1,B_POS,hypertension,MOYEN
33,81.0,165,29.77,0,0,1,2,2,O_NEG,aucun,MOYEN
32,80.0,165,29.39,0,0,1,2,2,A_NEG,aucun,MOYEN
30,66.2,173,22.13,0,0,0,2,1,B_POS,aucun,MOYEN
33,75.4,163,28.38,1,0,1,2,2,AB_NEG,diabete,MOYEN
29,76.4,168,27.05,0,0,0,2,2,A_POS,aucun,MOYEN
36,64.5,162,24.57,0,0,1,3,1,A_NEG,aucun,MOYEN
34,84.2,180,25.99,0,0,0,2,2,B_POS,aucun,MOYEN
31,76.9,175,25.12,0,0,0,2,2,AB_POS,aucun,MOYEN
31,86.7,172,29.32,0,1,1,2,2,B_NEG,hypertension,MOYEN
32,60.6,154,25.56,1,0,0,2,2,A_POS,diabete,MOYEN
36,93.3,177,29.77,1,0,1,3,2,A_NEG,diabete,MOYEN
31,81.8,169,28.65,0,0,1,2,2,A_NEG,aucun,MOYEN
33,63.2,158,25.32,0,1,0,2,2,B_POS,hypertension,MOYEN
34,66.3,164,24.64,1,0,1,2,1,O_NEG,diabete,MOYEN
36,80.8,169,28.29,0,1,0,3,2,B_POS,hypertension,MOYEN
29,77.2,166,28.03,1,0,0,2,2,O_POS,diabete,MOYEN
37,58.8,155,24.48,1,0,0,3,1,B_POS,diabete,MOYEN
34,79.0,172,26.72,1,0,1,2,2,AB_NEG,diabete,MOYEN
31,69.3,175,22.62,1,0,0,2,1,B_POS,diabete,MOYEN
31,68.4,159,27.05,0,0,1,2,2,O_NEG,aucun,MOYEN
37,51.7,150,23.0,0,0,1,3,1,A_NEG,aucun,MOYEN
36,62.1,157,25.21,1,0,1,3,2,B_NEG,diabete,MOYEN
32,69.1,161,26.66,0,0,1,2,2,B_NEG,aucun,MOYEN
28,73.5,167,26.37,1,0,1,2,2,O_NEG,diabete,MOYEN
31,71.8,155,29.9,1,0,1,2,2,B_NEG,diabete,MOYEN
36,64.4,163,24.25,0,1,1,3,1,AB_NEG,hypertension,MOYEN
36,53.7,152,23.24,0,0,0,3,1,O_POS,aucun,MOYEN
29,69.4,154,29.25,0,0,1,2,2,AB_NEG,aucun,MOYEN
34,63.4,164,23.56,0,1,1,2,1,AB_NEG,hypertension,MOYEN
33,63.6,156,26.13,0,0,0,2,2,AB_POS,aucun,MOYEN
33,62.9,156,25.86,0,1,0,2,2,O_POS,hypertension,MOYEN
37,94.1,181,28.74,0,0,1,3,2,B_NEG,aucun,MOYEN
37,53.6,156,22.04,0,1,1,3,1,AB_NEG,hypertension,MOYEN
33,60.1,151,26.35,1,0,1,2,2,A_NEG,diabete,MOYEN
34,61.1,159,24.16,0,0,0,2,1,B_POS,aucun,MOYEN
31,71.5,165,26.27,1,0,0,2,2,A_POS,diabete,MOYEN
34,66.1,167,23.7,1,0,1,2,1,AB_NEG,diabete,MOYEN
35,73.1,157,29.65,0,1,0,3,2,A_POS,hypertension,MOYEN
36,89.0,180,27.48,0,0,0,3,2,O_POS,aucun,MOYEN
28,76.5,162,29.16,1,0,0,2,2,B_POS,diabete,MOYEN
28,52.8,150,23.45,0,0,1,2,1,A_NEG,aucun,MOYEN
33,94.9,180,29.29,0,0,1,2,2,B_NEG,aucun,MOYEN
36,84.6,171,28.93,0,0,1,3,2,A_NEG,aucun,MOYEN
35,66.9,164,24.88,1,1,1,3,1,AB_NEG,diabete_hypertension,MOYEN
28,88.8,181,27.11,1,0,1,2,2,A_NEG,diabete,MOYEN
37,67.0,163,25.23,0,1,1,3,2,A_NEG,hypertension,MOYEN
35,68.7,166,24.93,0,0,0,3,1,O_POS,aucun,MOYEN
36,68.2,153,29.15,0,0,0,3,2,O_POS,aucun,MOYEN
29,70.0,163,26.36,0,0,0,2,2,AB_POS,aucun,MOYEN
30,72.3,160,28.25,0,0,1,2,2,A_NEG,aucun,MOYEN
32,68.8,156,28.26,1,0,0,2,2,A_POS,diabete,MOYEN
36,60.7,153,25.92,0,0,0,3,2,B_POS,aucun,MOYEN
35,86.9,180,26.82,0,0,1,3,2,A_NEG,aucun,MOYEN
33,85.7,176,27.66,1,0,1,2,2,AB_NEG,diabete,MOYEN
28,70.5,165,25.88,0,0,1,2,2,A_NEG,aucun,MOYEN
33,65.6,160,25.61,0,0,1,2,2,B_NEG,aucun,MOYEN
31,57.0,157,23.11,1,0,0,2,1,AB_POS,diabete,MOYEN
31,87.5,177,27.93,0,0,0,2,2,B_POS,aucun,MOYEN
37,70.3,177,22.43,0,0,0,3,1,A_POS,aucun,MOYEN
37,83.8,169,29.35,0,0,1,3,2,O_NEG,aucun,MOYEN
36,89.6,173,29.95,0,0,0,3,2,A_POS,aucun,MOYEN
35,76.6,176,24.73,0,0,1,3,1,A_NEG,aucun,MOYEN
37,79.6,180,24.58,0,1,0,3,1,AB_POS,hypertension,MOYEN
36,50.9,151,22.3,0,1,0,3,1,O_POS,hypertension,MOYEN
31,64.9,155,27.0,0,1,0,2,2,AB_POS,hypertension,MOYEN
36,75.0,180,23.16,0,0,1,3,1,O_NEG,aucun,MOYEN
31,56.9,150,25.29,1,1,0,2,2,B_POS,diabete_hypertension,MOYEN
37,82.5,180,25.45,0,0,0,3,2,O_POS,aucun,MOYEN
28,86.2,177,27.51,0,1,1,2,2,A_NEG,hypertension,MOYEN
31,97.2,181,29.67,0,0,1,2,2,AB_NEG,aucun,MOYEN
28,81.8,168,28.97,1,0,0,2,2,B_POS,diabete,MOYEN
32,76.0,177,24.26,1,0,1,2,1,B_NEG,diabete,MOYEN
29,69.4,168,24.6,0,0,1,2,1,A_NEG,aucun,MOYEN
30,90.1,181,27.52,0,0,1,2,2,B_NEG,aucun,MOYEN
33,84.3,180,26.01,0,0,1,2,2,B_NEG,aucun,MOYEN
32,55.2,153,23.57,0,0,0,2,1,O_POS,aucun,MOYEN
33,57.3,161,22.12,0,0,1,2,1,AB_NEG,aucun,MOYEN
31,58.3,156,23.96,0,0,1,2,1,AB_NEG,aucun,MOYEN
33,72.8,175,23.78,1,0,0,2,1,AB_POS,diabete,MOYEN
34,72.2,181,22.05,1,0,0,2,1,O_POS,diabete,MOYEN
36,89.1,175,29.08,1,0,1,3,2,AB_NEG,diabete,MOYEN
34,59.4,161,22.9,0,0,1,2,1,AB_NEG,aucun,MOYEN
32,67.6,172,22.84,0,0,1,2,1,A_NEG,aucun,MOYEN
35,76.5,166,27.76,1,1,0,3,2,B_POS,diabete_hypertension,MOYEN
32,54.8,155,22.83,0,0,1,2,1,AB_NEG,aucun,MOYEN
31,71.5,156,29.38,0,0,1,2,2,A_NEG,aucun,MOYEN
28,65.7,164,24.41,0,0,1,2,1,AB_NEG,aucun,MOYEN
36,64.8,154,27.32,1,0,0,3,2,B_POS,diabete,MOYEN
33,62.2,165,22.84,0,0,0,2,1,B_POS,aucun,MOYEN
30,88.4,172,29.87,0,1,1,2,2,O_NEG,hypertension,MOYEN
34,66.8,154,28.16,1,0,1,2,2,AB_NEG,diabete,MOYEN
35,68.3,151,29.94,1,1,1,3,2,AB_NEG,diabete_hypertension,MOYEN
28,76.3,160,29.8,0,0,0,2,2,A_POS,aucun,MOYEN
37,61.4,150,27.28,1,1,1,3,2,A_NEG,diabete_hypertension,MOYEN
28,66.5,150,29.56,0,0,0,2,2,A_POS,aucun,MOYEN
34,53.2,153,22.71,0,1,1,2,1,B_NEG,hypertension,MOYEN
28,71.5,155,29.77,1,0,1,2,2,AB_NEG,diabete,MOYEN
34,80.9,173,27.01,0,0,1,2,2,B_NEG,aucun,MOYEN
30,55.5,158,22.25,0,1,0,2,1,AB_POS,hypertension,MOYEN
33,72.5,177,23.13,0,1,1,2,1,O_NEG,hypertension,MOYEN
37,70.4,171,24.07,0,0,0,3,1,AB_POS,aucun,MOYEN
34,76.8,177,24.52,0,1,0,2,1,A_POS,hypertension,MOYEN
33,91.6,179,28.6,1,0,1,2,2,O_NEG,diabete,MOYEN
32,73.9,166,26.82,0,0,1,2,2,A_NEG,aucun,MOYEN
29,69.8,177,22.27,0,0,1,2,1,O_NEG,aucun,MOYEN
37,68.2,166,24.76,0,0,1,3,1,O_NEG,aucun,MOYEN
31,68.6,156,28.18,0,1,0,2,2,O_POS,hypertension,MOYEN
31,89.5,175,29.21,1,0,0,2,2,B_POS,diabete,MOYEN
32,65.3,170,22.6,1,0,1,2,1,O_NEG,diabete,MOYEN
29,84.1,173,28.11,0,0,1,2,2,O_NEG,aucun,MOYEN
28,76.4,177,24.4,0,0,0,2,1,A_POS,aucun,MOYEN
35,96.8,181,29.55,1,1,1,3,2,AB_NEG,diabete_hypertension,MOYEN
33,61.4,166,22.3,0,1,0,2,1,O_POS,hypertension,MOYEN
33,82.9,170,28.68,1,0,0,2,2,A_POS,diabete,MOYEN
32,91.4,175,29.86,0,0,0,2,2,O_POS,aucun,MOYEN
36,63.3,164,23.53,0,0,1,3,1,O_NEG,aucun,MOYEN
34,75.6,171,25.84,1,0,1,2,2,O_NEG,diabete,MOYEN
37,76.5,160,29.89,0,0,1,3,2,O_NEG,aucun,MOYEN
33,58.6,159,23.16,0,1,1,2,1,O_NEG,hypertension,MOYEN
34,67.2,174,22.19,0,1,0,2,1,B_POS,hypertension,MOYEN
33,73.4,165,26.97,1,0,0,2,2,O_POS,diabete,MOYEN
35,66.0,161,25.47,0,1,1,3,2,B_NEG,hypertension,MOYEN
34,69.4,165,25.5,1,1,1,2,2,A_NEG,diabete_hypertension,MOYEN
31,63.1,169,22.1,1,0,0,2,1,A_POS,diabete,MOYEN
31,67.6,165,24.81,1,0,1,2,1,O_NEG,diabete,MOYEN
32,63.9,170,22.1,0,0,1,2,1,O_NEG,aucun,MOYEN
31,53.2,155,22.16,0,0,1,2,1,O_NEG,aucun,MOYEN
28,59.7,158,23.89,0,1,1,2,1,AB_NEG,hypertension,MOYEN
32,59.5,156,24.44,0,0,0,2,1,A_POS,aucun,MOYEN
30,94.9,178,29.95,0,1,0,2,2,O_POS,hypertension,MOYEN
32,86.7,178,27.37,0,0,1,2,2,A_NEG,aucun,MOYEN
30,60.8,166,22.08,1,0,0,2,1,B_POS,diabete,MOYEN
34,87.4,177,27.91,1,0,1,2,2,A_NEG,diabete,MOYEN
35,60.8,151,26.67,1,1,1,3,2,A_NEG,diabete_hypertension,MOYEN
32,67.8,160,26.49,0,0,0,2,2,A_POS,aucun,MOYEN
32,74.8,164,27.81,1,0,1,2,2,O_NEG,diabete,MOYEN
32,59.3,164,22.05,0,0,0,2,1,AB_POS,aucun,MOYEN
31,83.5,176,26.94,1,0,1,2,2,AB_NEG,diabete,MOYEN
33,89.8,180,27.73,0,1,1,2,2,A_NEG,hypertension,MOYEN
30,90.1,177,28.77,0,0,0,2,2,AB_POS,aucun,MOYEN
31,87.4,177,27.91,1,1,0,2,2,AB_POS,diabete_hypertension,MOYEN
30,55.5,150,24.69,1,0,1,2,1,AB_NEG,diabete,MOYEN
29,73.7,161,28.45,0,0,0,2,2,B_POS,aucun,MOYEN
30,69.3,175,22.64,0,0,0,2,1,O_POS,aucun,MOYEN
28,59.4,151,26.07,0,0,0,2,2,AB_POS,aucun,MOYEN
36,80.0,172,27.05,1,0,1,3,2,O_NEG,diabete,MOYEN
32,61.7,161,23.79,1,0,1,2,1,B_NEG,diabete,MOYEN
29,70.1,173,23.43,0,0,0,2,1,A_POS,aucun,MOYEN
37,70.9,177,22.62,0,0,0,3,1,O_POS,aucun,MOYEN
36,74.2,172,25.07,0,0,1,3,2,A_NEG,aucun,MOYEN
29,72.2,158,28.93,0,1,1,2,2,A_NEG,hypertension,MOYEN
35,52.9,151,23.22,0,0,1,3,1,O_NEG,aucun,MOYEN
31,63.0,151,27.63,0,1,0,2,2,AB_POS,hypertension,MOYEN
31,69.1,158,27.67,0,0,1,2,2,A_NEG,aucun,MOYEN
30,80.1,181,24.45,1,0,1,2,1,O_NEG,diabete,MOYEN
30,64.1,162,24.41,0,1,0,2,1,B_POS,hypertension,MOYEN
35,74.5,170,25.79,1,0,1,3,2,AB_NEG,diabete,MOYEN
30,56.7,156,23.3,0,1,0,2,1,A_POS,hypertension,MOYEN
34,58.8,161,22.69,0,0,1,2,1,A_NEG,aucun,MOYEN
28,60.7,155,25.28,0,0,0,2,2,AB_POS,aucun,MOYEN
36,77.9,168,27.6,0,1,0,3,2,O_POS,hypertension,MOYEN
35,77.5,172,26.2,1,0,1,3,2,O_NEG,diabete,MOYEN
31,87.1,180,26.88,0,0,1,2,2,AB_NEG,aucun,MOYEN
30,93.7,179,29.24,1,0,0,2,2,O_POS,diabete,MOYEN
35,90.3,177,28.81,0,0,1,3,2,B_NEG,aucun,MOYEN
35,87.6,181,26.75,0,0,0,3,2,AB_POS,aucun,MOYEN
32,67.9,158,27.18,0,0,1,2,2,A_NEG,aucun,MOYEN
35,83.2,172,28.13,1,0,1,3,2,B_NEG,diabete,MOYEN
29,76.7,167,27.52,0,0,0,2,2,B_POS,aucun,MOYEN
31,69.6,156,28.58,0,0,1,2,2,AB_NEG,aucun,MOYEN
35,62.0,158,24.82,0,1,0,3,1,A_POS,hypertension,MOYEN
33,71.7,167,25.71,0,0,1,2,2,O_NEG,aucun,MOYEN
31,77.8,171,26.61,1,0,0,2,2,A_POS,diabete,MOYEN
37,88.5,172,29.93,0,0,0,3,2,A_POS,aucun,MOYEN
33,54.2,153,23.16,0,0,1,2,1,B_NEG,aucun,MOYEN
29,91.9,178,29.01,1,0,0,2,2,AB_POS,diabete,MOYEN
30,60.2,162,22.95,0,0,1,2,1,B_NEG,aucun,MOYEN
35,66.4,171,22.72,1,0,0,3,1,AB_POS,diabete,MOYEN
28,83.6,178,26.39,0,0,1,2,2,A_NEG,aucun,MOYEN
29,78.2,168,27.69,1,0,0,2,2,AB_POS,diabete,MOYEN
30,66.9,154,28.21,1,0,1,2,2,A_NEG,diabete,MOYEN
30,64.7,164,24.06,0,0,0,2,1,O_POS,aucun,MOYEN
36,83.6,177,26.69,0,0,0,3,2,B_POS,aucun,MOYEN
33,71.4,168,25.31,0,0,1,2,2,O_NEG,aucun,MOYEN
32,67.8,167,24.3,0,1,1,2,1,O_NEG,hypertension,MOYEN
31,74.7,181,22.81,0,0,0,2,1,B_POS,aucun,MOYEN
31,70.8,178,22.35,0,1,0,2,1,AB_POS,hypertension,MOYEN
34,65.5,159,25.89,1,0,1,2,2,A_NEG,diabete,MOYEN
35,60.3,159,23.86,0,0,1,3,1,O_NEG,aucun,MOYEN
33,74.1,158,29.68,0,0,0,2,2,B_POS,aucun,MOYEN
32,80.9,165,29.72,1,0,1,2,2,B_NEG,diabete,MOYEN
35,67.7,164,25.15,1,0,1,3,2,O_NEG,diabete,MOYEN
34,58.8,157,23.84,0,0,1,2,1,O_NEG,aucun,MOYEN
33,64.7,154,27.27,0,0,1,2,2,AB_NEG,aucun,MOYEN
29,58.8,155,24.46,0,0,1,2,1,O_NEG,aucun,MOYEN
32,70.2,163,26.42,0,0,1,2,2,AB_NEG,aucun,MOYEN
28,64.4,153,27.51,1,1,1,2,2,AB_NEG,diabete_hypertension,MOYEN
37,70.8,156,29.1,1,0,1,3,2,B_NEG,diabete,MOYEN
32,60.3,150,26.82,0,0,0,2,2,O_POS,aucun,MOYEN
32,76.8,178,24.25,0,1,0,2,1,O_POS,hypertension,MOYEN
30,73.8,173,24.65,1,0,1,2,1,A_NEG,diabete,MOYEN
37,70.5,169,24.7,1,1,1,3,1,AB_NEG,diabete_hypertension,MOYEN
37,68.7,174,22.7,1,0,0,3,1,A_POS,diabete,MOYEN
30,58.4,161,22.55,0,0,0,2,1,A_POS,aucun,MOYEN
30,61.0,154,25.7,1,0,0,2,2,A_POS,diabete,MOYEN
31,71.5,175,23.35,0,1,0,2,1,O_POS,hypertension,MOYEN
31,84.5,171,28.89,0,0,0,2,2,AB_POS,aucun,MOYEN
29,60.4,152,26.16,0,0,1,2,2,AB_NEG,aucun,MOYEN
32,57.8,159,22.88,0,1,0,2,1,A_POS,hypertension,MOYEN
36,55.1,154,23.22,1,0,0,3,1,B_POS,diabete,MOYEN
36,81.6,179,25.45,1,0,0,3,2,O_POS,diabete,MOYEN
35,57.5,159,22.75,1,0,1,3,1,B_NEG,diabete,MOYEN
32,76.6,170,26.5,1,0,1,2,2,A_NEG,diabete,MOYEN
32,55.3,152,23.94,1,0,0,2,1,A_POS,diabete,MOYEN
33,61.0,166,22.15,0,0,0,2,1,A_POS,aucun,MOYEN
31,57.4,158,22.98,0,0,1,2,1,AB_NEG,aucun,MOYEN
28,77.6,170,26.86,0,0,1,2,2,A_NEG,aucun,MOYEN
31,63.3,164,23.53,1,0,0,2,1,AB_POS,diabete,MOYEN
31,91.2,178,28.8,0,0,1,2,2,A_NEG,aucun,MOYEN
30,78.2,180,24.14,1,0,0,2,1,O_POS,diabete,MOYEN
31,93.9,179,29.31,0,0,1,2,2,A_NEG,aucun,MOYEN
36,88.5,179,27.61,0,1,1,3,2,AB_NEG,hypertension,MOYEN
33,63.4,163,23.85,0,0,1,2,1,O_NEG,aucun,MOYEN
36,93.1,179,29.04,0,0,0,3,2,B_POS,aucun,MOYEN
33,63.4,166,23.0,0,0,1,2,1,B_NEG,aucun,MOYEN
30,71.8,166,26.06,1,0,0,2,2,A_POS,diabete,MOYEN
34,86.4,178,27.28,0,0,1,2,2,A_NEG,aucun,MOYEN
32,74.1,159,29.3,0,1,1,2,2,O_NEG,hypertension,MOYEN
37,72.5,161,27.97,0,0,1,3,2,B_NEG,aucun,MOYEN
36,67.0,157,27.19,0,0,1,3,2,O_NEG,aucun,MOYEN
30,79.3,163,29.85,0,0,1,2,2,B_NEG,aucun,MOYEN
37,72.4,173,24.18,1,1,1,3,1,O_NEG,diabete_hypertension,MOYEN
32,81.1,171,27.74,0,1,0,2,2,B_POS,hypertension,MOYEN
31,68.7,175,22.42,1,1,0,2,1,A_POS,diabete_hypertension,MOYEN
29,82.0,171,28.04,1,1,1,2,2,A_NEG,diabete_hypertension,MOYEN
28,59.5,153,25.42,0,1,0,2,2,AB_POS,hypertension,MOYEN
32,69.3,154,29.24,0,0,0,2,2,O_POS,aucun,MOYEN
28,63.1,166,22.9,0,0,1,2,1,O_NEG,aucun,MOYEN
31,70.9,158,28.4,0,0,0,2,2,B_POS,aucun,MOYEN
37,54.0,152,23.37,0,0,1,3,1,B_NEG,aucun,MOYEN
37,66.1,170,22.87,0,0,1,3,1,O_NEG,aucun,MOYEN
35,65.9,170,22.81,1,1,1,3,1,O_NEG,diabete_hypertension,MOYEN
32,68.5,173,22.88,1,0,0,2,1,B_POS,diabete,MOYEN
37,88.2,175,28.81,1,0,0,3,2,B_POS,diabete,MOYEN
37,68.8,154,29.01,0,0,1,3,2,B_NEG,aucun,MOYEN
35,87.2,177,27.83,1,0,0,3,2,A_POS,diabete,MOYEN
34,72.6,168,25.72,1,0,0,2,2,A_POS,diabete,MOYEN
29,61.7,152,26.7,0,0,0,2,2,A_POS,aucun,MOYEN
31,86.1,173,28.77,0,0,0,2,2,B_POS,aucun,MOYEN
35,86.5,175,28.24,1,0,0,3,2,O_POS,diabete,MOYEN
32,70.4,171,24.06,1,1,0,2,1,O_POS,diabete_hypertension,MOYEN
31,68.4,153,29.2,0,1,0,2,2,AB_POS,hypertension,MOYEN
28,79.9,181,24.4,0,0,0,2,1,AB_POS,aucun,MOYEN
35,54.1,152,23.43,1,0,0,3,1,A_POS,diabete,MOYEN
34,71.1,166,25.8,0,0,0,2,2,O_POS,aucun,MOYEN
29,73.9,180,22.82,0,0,1,2,1,A_NEG,aucun,MOYEN
30,87.1,180,26.88,1,0,1,2,2,B_NEG,diabete,MOYEN
35,73.9,157,29.98,1,0,0,3,2,A_POS,diabete,MOYEN
36,60.4,151,26.5,0,0,1,3,2,B_NEG,aucun,MOYEN
30,74.5,177,23.77,1,0,0,2,1,O_POS,diabete,MOYEN
30,69.8,161,26.92,1,0,1,2,2,O_NEG,diabete,MOYEN
28,76.0,167,27.24,0,0,1,2,2,A_NEG,aucun,MOYEN
35,63.3,158,25.37,1,1,0,3,2,B_POS,diabete_hypertension,MOYEN
37,71.2,160,27.82,0,0,0,3,2,A_POS,aucun,MOYEN
31,90.0,175,29.4,0,1,1,2,2,A_NEG,hypertension,MOYEN
36,77.5,172,26.19,0,1,0,3,2,AB_POS,hypertension,MOYEN
37,68.5,154,28.89,0,0,0,3,2,AB_POS,aucun,MOYEN
30,86.3,172,29.17,0,0,1,2,2,A_NEG,aucun,MOYEN
30,55.4,156,22.76,0,1,0,2,1,A_POS,hypertension,MOYEN
36,69.6,169,24.38,0,0,0,3,1,A_POS,aucun,MOYEN
36,87.6,174,28.94,1,0,0,3,2,O_POS,diabete,MOYEN
37,83.4,173,27.85,1,0,1,3,2,AB_NEG,diabete,MOYEN
30,72.1,163,27.12,0,0,0,2,2,A_POS,aucun,MOYEN
30,81.0,167,29.04,0,0,1,2,2,O_NEG,aucun,MOYEN
37,64.3,164,23.9,1,1,0,3,1,O_POS,diabete_hypertension,MOYEN
33,83.2,170,28.78,1,0,0,2,2,B_POS,diabete,MOYEN
32,65.4,160,25.54,1,0,1,2,2,AB_NEG,diabete,MOYEN
28,65.7,153,28.07,1,0,0,2,2,O_POS,diabete,MOYEN
35,56.0,151,24.56,0,1,0,3,1,O_POS,hypertension,MOYEN
31,76.6,176,24.73,1,0,0,2,1,AB_POS,diabete,MOYEN
37,80.1,167,28.72,0,1,1,3,2,O_NEG,hypertension,MOYEN
36,71.1,166,25.82,0,0,1,3,2,A_NEG,aucun,MOYEN
31,65.5,150,29.13,0,0,1,2,2,B_NEG,aucun,MOYEN
31,66.5,172,22.49,0,0,1,2,1,O_NEG,aucun,MOYEN
36,52.7,150,23.44,0,0,1,3,1,O_NEG,aucun,MOYEN
36,65.5,169,22.93,0,0,0,3,1,AB_POS,aucun,MOYEN
28,69.7,158,27.92,0,0,1,2,2,B_NEG,aucun,MOYEN
32,64.7,164,24.07,1,0,0,2,1,AB_POS,diabete,MOYEN
30,69.1,167,24.77,0,0,0,2,1,AB_POS,aucun,MOYEN
35,74.1,180,22.87,0,0,1,3,1,A_NEG,aucun,MOYEN
36,65.6,153,28.02,0,0,0,3,2,AB_POS,aucun,MOYEN
35,80.3,170,27.8,0,0,1,3,2,A_NEG,aucun,MOYEN
36,61.0,154,25.73,0,0,0,3,2,AB_POS,aucun,MOYEN
34,59.9,152,25.95,0,1,0,2,2,O_POS,hypertension,MOYEN
31,64.2,152,27.77,0,0,0,2,2,AB_POS,aucun,MOYEN
32,76.3,174,25.2,0,0,0,2,2,AB_POS,aucun,MOYEN
35,61.9,161,23.88,0,0,1,3,1,B_NEG,aucun,MOYEN
30,64.4,162,24.53,1,1,0,2,1,A_POS,diabete_hypertension,MOYEN
31,79.9,180,24.65,0,0,1,2,1,B_NEG,aucun,MOYEN
31,62.9,158,25.19,0,0,1,2,2,AB_NEG,aucun,MOYEN
33,68.4,154,28.85,1,1,0,2,2,A_POS,diabete_hypertension,MOYEN
31,58.2,151,25.53,0,0,0,2,2,B_POS,aucun,MOYEN
28,98.1,181,29.93,0,1,0,2,2,A_POS,hypertension,MOYEN
36,59.9,155,24.94,0,0,0,3,1,A_POS,aucun,MOYEN
32,67.5,166,24.49,1,1,0,2,1,O_POS,diabete_hypertension,MOYEN
37,72.2,166,26.21,1,0,0,3,2,AB_POS,diabete,MOYEN
35,83.6,167,29.98,0,0,1,3,2,B_NEG,aucun,MOYEN
31,83.2,175,27.16,1,1,0,2,2,A_POS,diabete_hypertension,MOYEN
30,74.0,170,25.59,0,0,0,2,2,AB_POS,aucun,MOYEN
32,65.4,158,26.18,0,0,1,2,2,B_NEG,aucun,MOYEN
36,77.6,172,26.23,1,1,1,3,2,A_NEG,diabete_hypertension,MOYEN
30,76.7,166,27.84,0,1,0,2,2,A_POS,hypertension,MOYEN
31,81.8,172,27.66,0,1,1,2,2,AB_NEG,hypertension,MOYEN
28,87.1,176,28.13,0,1,1,2,2,AB_NEG,hypertension,MOYEN
30,85.3,180,26.31,1,0,1,2,2,AB_NEG,diabete,MOYEN
33,88.4,181,26.98,1,0,0,2,2,B_POS,diabete,MOYEN
29,52.4,150,23.29,0,1,0,2,1,O_POS,hypertension,MOYEN
37,51.6,153,22.05,0,0,0,3,1,A_POS,aucun,MOYEN
31,60.0,156,24.66,1,0,0,2,1,AB_POS,diabete,MOYEN
31,66.8,160,26.1,1,0,1,2,2,A_NEG,diabete,MOYEN
31,50.2,151,22.02,0,1,1,2,1,AB_NEG,hypertension,MOYEN
37,64.0,162,24.37,0,0,0,3,1,O_POS,aucun,MOYEN
34,54.2,150,24.08,0,0,1,2,1,B_NEG,aucun,MOYEN
36,58.8,155,24.47,0,0,1,3,1,A_NEG,aucun,MOYEN
30,72.5,156,29.8,1,0,1,2,2,B_NEG,diabete,MOYEN
31,73.1,168,25.91,0,0,1,2,2,AB_NEG,aucun,MOYEN
33,74.4,162,28.33,0,1,0,2,2,AB_POS,hypertension,MOYEN
31,58.6,156,24.08,1,0,0,2,1,AB_POS,diabete,MOYEN
32,66.2,165,24.32,0,0,1,2,1,O_NEG,aucun,MOYEN
28,95.6,181,29.17,1,0,0,2,2,B_POS,diabete,MOYEN
29,73.4,179,22.9,0,0,0,2,1,B_POS,aucun,MOYEN
29,93.7,179,29.23,1,0,0,2,2,O_POS,diabete,MOYEN
29,67.5,163,25.41,0,0,1,2,2,O_NEG,aucun,MOYEN
30,69.7,159,27.59,0,0,1,2,2,B_NEG,aucun,MOYEN
32,59.5,152,25.75,1,0,1,2,2,AB_NEG,diabete,MOYEN
28,70.0,166,25.4,0,0,0,2,2,O_POS,aucun,MOYEN
33,67.9,160,26.54,0,0,1,2,2,O_NEG,aucun,MOYEN
28,60.4,157,24.5,1,0,0,2,1,A_POS,diabete,MOYEN
34,74.3,178,23.44,0,0,0,2,1,B_POS,aucun,MOYEN
37,79.1,172,26.75,1,0,1,3,2,O_NEG,diabete,MOYEN
32,65.3,170,22.58,1,1,1,2,1,A_NEG,diabete_hypertension,MOYEN
34,71.8,158,28.74,0,0,1,2,2,B_NEG,aucun,MOYEN
37,82.8,180,25.57,1,1,1,3,2,A_NEG,diabete_hypertension,MOYEN
35,65.4,167,23.43,0,0,1,3,1,O_NEG,aucun,MOYEN
28,73.5,166,26.69,0,0,0,2,2,AB_POS,aucun,MOYEN
30,77.8,176,25.12,0,0,0,2,2,A_POS,aucun,MOYEN
29,79.2,166,28.74,0,0,0,2,2,O_POS,aucun,MOYEN
34,77.5,162,29.55,0,0,0,2,2,O_POS,aucun,MOYEN
28,67.1,166,24.33,0,0,1,2,1,A_NEG,aucun,MOYEN
34,68.9,152,29.8,1,0,1,2,2,B_NEG,diabete,MOYEN
30,87.1,178,27.5,0,1,0,2,2,O_POS,hypertension,MOYEN
36,53.9,154,22.71,1,0,0,3,1,AB_POS,diabete,MOYEN
32,80.2,180,24.77,0,1,1,2,1,A_NEG,hypertension,MOYEN
31,81.2,166,29.45,0,0,1,2,2,A_NEG,aucun,MOYEN
35,62.5,158,25.03,0,1,0,3,2,A_POS,hypertension,MOYEN
33,80.6,166,29.26,0,0,1,2,2,AB_NEG,aucun,MOYEN
37,75.4,167,27.04,1,0,1,3,2,AB_NEG,diabete,MOYEN
28,60.1,163,22.6,1,1,1,2,1,B_NEG,diabete_hypertension,MOYEN
29,68.4,156,28.12,1,1,0,2,2,AB_POS,diabete_hypertension,MOYEN
33,77.2,169,27.03,1,0,1,2,2,A_NEG,diabete,MOYEN
28,83.2,176,26.86,0,0,1,2,2,A_NEG,aucun,MOYEN
37,59.8,162,22.78,0,0,1,3,1,AB_NEG,aucun,MOYEN
32,75.8,160,29.62,0,1,1,2,2,B_NEG,hypertension,MOYEN
34,87.5,181,26.72,0,0,1,2,2,B_NEG,aucun,MOYEN
32,87.7,177,27.98,0,0,0,2,2,O_POS,aucun,MOYEN
35,81.7,172,27.62,0,1,0,3,2,O_POS,hypertension,MOYEN
30,78.4,180,24.21,0,0,1,2,1,B_NEG,aucun,MOYEN
33,71.3,161,27.49,0,0,1,2,2,A_NEG,aucun,MOYEN
33,79.4,168,28.12,0,0,0,2,2,AB_POS,aucun,MOYEN
36,81.9,169,28.68,0,0,0,3,2,AB_POS,aucun,MOYEN
30,69.5,153,29.69,0,1,0,2,2,AB_POS,hypertension,MOYEN
34,67.4,174,22.25,0,0,1,2,1,B_NEG,aucun,MOYEN
36,76.7,170,26.52,0,1,1,3,2,O_NEG,hypertension,MOYEN
28,77.4,172,26.17,1,0,1,2,2,O_NEG,diabete,MOYEN
34,78.4,174,25.89,1,0,0,2,2,O_POS,diabete,MOYEN
30,64.4,163,24.23,1,0,0,2,1,B_POS,diabete,MOYEN
36,66.9,150,29.75,0,0,1,3,2,O_NEG,aucun,MOYEN
32,92.6,176,29.89,1,1,1,2,2,AB_NEG,diabete_hypertension,MOYEN
37,78.3,180,24.17,0,0,0,3,1,O_POS,aucun,MOYEN
29,85.8,178,27.08,1,1,0,2,2,O_POS,diabete_hypertension,MOYEN
32,85.3,174,28.17,0,0,1,2,2,A_NEG,aucun,MOYEN
35,74.6,160,29.13,0,0,0,3,2,A_POS,aucun,MOYEN
31,60.2,158,24.1,0,1,1,2,1,B_NEG,hypertension,MOYEN
33,78.6,175,25.67,0,1,1,2,2,A_NEG,hypertension,MOYEN
28,63.3,154,26.7,0,0,1,2,2,AB_NEG,aucun,MOYEN
34,67.8,157,27.49,0,1,1,2,2,A_NEG,hypertension,MOYEN
32,82.2,172,27.78,0,1,1,2,2,B_NEG,hypertension,MOYEN
30,60.9,158,24.4,0,0,1,2,1,AB_NEG,aucun,MOYEN
28,74.2,160,28.97,0,0,1,2,2,B_NEG,aucun,MOYEN
32,76.8,163,28.89,0,0,1,2,2,A_NEG,aucun,MOYEN
31,79.7,172,26.94,0,0,1,2,2,A_NEG,aucun,MOYEN
36,85.5,178,26.99,0,1,0,3,2,B_POS,hypertension,MOYEN
28,83.6,179,26.09,1,1,0,2,2,O_POS,diabete_hypertension,MOYEN
28,70.6,171,24.15,0,0,0,2,1,O_POS,aucun,MOYEN
37,85.6,174,28.29,1,0,0,3,2,B_POS,diabete,MOYEN
31,52.1,153,22.27,0,0,0,2,1,AB_POS,aucun,MOYEN
34,80.1,179,25.0,0,1,0,2,2,B_POS,hypertension,MOYEN
35,71.6,166,25.99,0,0,1,3,2,A_NEG,aucun,MOYEN
35,70.4,173,23.52,0,1,1,3,1,O_NEG,hypertension,MOYEN
29,71.5,166,25.96,1,1,1,2,2,AB_NEG,diabete_hypertension,MOYEN
33,79.1,166,28.7,0,0,1,2,2,AB_NEG,aucun,MOYEN
28,52.6,154,22.19,0,0,1,2,1,AB_NEG,aucun,MOYEN
31,94.1,178,29.7,0,0,1,2,2,B_NEG,aucun,MOYEN
32,68.2,172,23.06,0,0,1,2,1,AB_NEG,aucun,MOYEN
30,59.6,155,24.8,0,1,1,2,1,O_NEG,hypertension,MOYEN
29,70.4,175,22.99,0,1,1,2,1,A_NEG,hypertension,MOYEN
30,60.1,157,24.38,0,0,1,2,1,A_NEG,aucun,MOYEN
34,75.4,168,26.72,0,0,0,2,2,O_POS,aucun,MOYEN
33,66.9,154,28.2,1,0,1,2,2,B_NEG,diabete,MOYEN
34,94.1,178,29.68,1,0,0,2,2,A_POS,diabete,MOYEN
35,56.1,152,24.29,1,0,0,3,1,AB_POS,diabete,MOYEN
34,69.7,159,27.58,1,0,1,2,2,AB_NEG,diabete,MOYEN
36,71.9,177,22.93,0,0,1,3,1,AB_NEG,aucun,MOYEN
30,67.6,162,25.75,0,0,0,2,2,AB_POS,aucun,MOYEN
32,56.5,152,24.46,0,0,0,2,1,AB_POS,aucun,MOYEN
37,58.4,150,25.97,1,0,1,3,2,A_NEG,diabete,MOYEN
37,73.3,181,22.38,0,0,0,3,1,A_POS,aucun,MOYEN
31,92.3,178,29.13,0,0,1,2,2,AB_NEG,aucun,MOYEN
37,84.5,170,29.23,0,0,0,3,2,O_POS,aucun,MOYEN
37,90.2,181,27.54,0,0,1,3,2,B_NEG,aucun,MOYEN
35,65.9,162,25.12,0,0,1,3,2,A_NEG,aucun,MOYEN
36,69.4,174,22.93,0,0,1,3,1,O_NEG,aucun,MOYEN
36,92.8,179,28.95,0,0,0,3,2,B_POS,aucun,MOYEN
35,67.5,155,28.1,0,0,0,3,2,A_POS,aucun,MOYEN
30,75.9,177,24.23,0,0,1,2,1,AB_NEG,aucun,MOYEN
32,66.7,165,24.52,0,0,0,2,1,AB_POS,aucun,MOYEN
34,62.1,155,25.84,0,0,0,2,2,A_POS,aucun,MOYEN
34,63.0,151,27.65,0,0,0,2,2,AB_POS,aucun,MOYEN
28,73.5,181,22.44,0,0,0,2,1,AB_POS,aucun,MOYEN
33,68.5,176,22.11,0,0,1,2,1,B_NEG,aucun,MOYEN
29,78.0,173,26.07,0,0,1,2,2,O_NEG,aucun,MOYEN
34,74.6,163,28.09,1,0,0,2,2,AB_POS,diabete,MOYEN
31,65.9,150,29.3,0,0,1,2,2,B_NEG,aucun,MOYEN
29,61.2,159,24.21,1,0,0,2,1,A_POS,diabete,MOYEN
36,77.8,163,29.29,1,0,0,3,2,AB_POS,diabete,MOYEN
28,58.7,152,25.39,1,0,0,2,2,AB_POS,diabete,MOYEN
36,60.0,162,22.86,1,0,0,3,1,AB_POS,diabete,MOYEN
29,77.0,178,24.31,0,1,0,2,1,A_POS,hypertension,MOYEN
33,58.1,162,22.12,0,1,1,2,1,A_NEG,hypertension,MOYEN
36,84.8,174,28.0,0,0,0,3,2,A_POS,aucun,MOYEN
35,82.3,167,29.52,0,1,0,3,2,B_POS,hypertension,MOYEN
37,65.4,162,24.91,1,0,0,3,1,AB_POS,diabete,MOYEN
28,65.2,158,26.12,0,0,1,2,2,B_NEG,aucun,MOYEN
36,59.2,152,25.62,0,0,0,3,2,A_POS,aucun,MOYEN
32,65.9,152,28.51,1,0,1,2,2,B_NEG,diabete,MOYEN
37,63.4,159,25.1,0,0,1,3,2,B_NEG,aucun,MOYEN
30,85.7,171,29.32,0,0,0,2,2,B_POS,aucun,MOYEN
30,79.0,168,28.01,1,0,0,2,2,O_POS,diabete,MOYEN
28,70.6,154,29.75,0,1,1,2,2,AB_NEG,hypertension,MOYEN
30,90.2,180,27.85,1,0,1,2,2,B_NEG,diabete,MOYEN
34,69.0,176,22.28,0,0,1,2,1,O_NEG,aucun,MOYEN
32,67.5,158,27.02,1,1,1,2,2,O_NEG,diabete_hypertension,MOYEN
28,53.6,156,22.05,1,0,1,2,1,B_NEG,diabete,MOYEN
33,64.1,162,24.44,0,0,1,2,1,A_NEG,aucun,MOYEN
28,71.9,161,27.74,1,0,1,2,2,B_NEG,diabete,MOYEN
33,63.8,154,26.92,1,0,1,2,2,B_NEG,diabete,MOYEN
33,69.5,168,24.63,0,0,0,2,1,AB_POS,aucun,MOYEN
28,78.3,162,29.84,0,0,1,2,2,A_NEG,aucun,MOYEN
28,90.8,176,29.32,0,0,1,2,2,A_NEG,aucun,MOYEN
32,78.2,171,26.73,0,0,1,2,2,B_NEG,aucun,MOYEN
33,72.5,177,23.13,0,0,1,2,1,A_NEG,aucun,MOYEN
37,78.2,165,28.73,0,1,0,3,2,A_POS,hypertension,MOYEN
28,73.2,174,24.19,0,0,1,2,1,A_NEG,aucun,MOYEN
33,71.4,167,25.61,0,0,1,2,2,A_NEG,aucun,MOYEN
28,70.5,158,28.24,0,0,0,2,2,B_POS,aucun,MOYEN
34,83.9,174,27.71,1,0,1,2,2,O_NEG,diabete,MOYEN
34,72.6,158,29.07,0,1,1,2,2,AB_NEG,hypertension,MOYEN
37,66.2,165,24.31,0,1,1,3,1,A_NEG,hypertension,MOYEN
35,71.3,178,22.49,0,1,1,3,1,AB_NEG,hypertension,MOYEN
28,64.4,170,22.29,0,0,1,2,1,B_NEG,aucun,MOYEN
36,76.2,160,29.75,0,1,0,3,2,B_POS,hypertension,MOYEN
33,59.6,159,23.58,0,1,0,2,1,A_POS,hypertension,MOYEN
28,70.6,179,22.05,0,0,0,2,1,O_POS,aucun,MOYEN
30,62.6,163,23.55,0,1,0,2,1,A_POS,hypertension,MOYEN
37,75.4,159,29.81,0,0,1,3,2,AB_NEG,aucun,MOYEN
30,77.6,165,28.52,0,0,0,2,2,B_POS,aucun,MOYEN
32,77.6,180,23.96,1,0,0,2,1,B_POS,diabete,MOYEN
31,84.9,169,29.74,0,1,0,2,2,O_POS,hypertension,MOYEN
32,81.2,167,29.12,1,0,0,2,2,O_POS,diabete,MOYEN
33,97.0,180,29.95,0,0,0,2,2,A_POS,aucun,MOYEN
30,66.8,162,25.46,0,1,0,2,2,B_POS,hypertension,MOYEN
36,56.0,157,22.73,1,0,1,3,1,AB_NEG,diabete,MOYEN
29,88.2,181,26.91,1,0,1,2,2,AB_NEG,diabete,MOYEN
37,78.6,179,24.54,0,0,1,3,1,A_NEG,aucun,MOYEN
35,94.6,180,29.2,0,0,0,3,2,A_POS,aucun,MOYEN
29,72.6,169,25.42,1,0,1,2,2,AB_NEG,diabete,MOYEN
32,79.3,180,24.49,0,1,0,2,1,A_POS,hypertension,MOYEN
35,56.2,155,23.4,1,0,0,3,1,AB_POS,diabete,MOYEN
29,65.1,152,28.18,0,0,1,2,2,A_NEG,aucun,MOYEN
37,84.3,171,28.82,0,0,1,3,2,AB_NEG,aucun,MOYEN
37,58.2,160,22.72,1,0,0,3,1,O_POS,diabete,MOYEN
36,65.7,157,26.64,0,0,1,3,2,O_NEG,aucun,MOYEN
30,69.3,177,22.12,0,0,0,2,1,AB_POS,aucun,MOYEN
32,85.9,170,29.72,0,0,1,2,2,AB_NEG,aucun,MOYEN
32,84.8,169,29.68,1,0,1,2,2,A_NEG,diabete,MOYEN
28,69.1,168,24.5,1,0,1,2,1,B_NEG,diabete,MOYEN
30,75.1,168,26.63,1,0,0,2,2,AB_POS,diabete,MOYEN
34,82.0,170,28.36,1,0,0,2,2,O_POS,diabete,MOYEN
36,90.4,175,29.53,0,0,1,3,2,B_NEG,aucun,MOYEN
34,67.8,152,29.34,0,0,0,2,2,O_POS,aucun,MOYEN
29,65.8,161,25.4,0,0,0,2,2,O_POS,aucun,MOYEN
36,79.7,178,25.15,0,0,1,3,2,AB_NEG,aucun,MOYEN
29,55.7,156,22.88,0,1,0,2,1,B_POS,hypertension,MOYEN
32,83.3,168,29.53,0,1,0,2,2,O_POS,hypertension,MOYEN
29,77.9,176,25.14,0,0,1,2,2,A_NEG,aucun,MOYEN
28,76.1,168,26.97,0,1,0,2,2,B_POS,hypertension,MOYEN
37,71.4,173,23.84,0,1,1,3,1,B_NEG,hypertension,MOYEN
29,64.5,168,22.86,0,1,0,2,1,AB_POS,hypertension,MOYEN
28,66.8,168,23.68,1,0,1,2,1,O_NEG,diabete,MOYEN
31,61.3,150,27.23,1,0,1,2,2,B_NEG,diabete,MOYEN
37,96.7,181,29.53,1,1,1,3,2,A_NEG,diabete_hypertension,MOYEN
34,68.9,161,26.59,1,0,1,2,2,B_NEG,diabete,MOYEN
33,69.3,160,27.08,0,0,1,2,2,O_NEG,aucun,MOYEN
34,84.3,171,28.82,0,1,0,2,2,A_POS,hypertension,MOYEN
36,73.1,169,25.58,0,0,0,3,2,O_POS,aucun,MOYEN
32,84.5,168,29.95,1,0,1,2,2,A_NEG,diabete,MOYEN
33,86.3,174,28.51,0,1,1,2,2,A_NEG,hypertension,MOYEN
32,83.5,178,26.37,0,0,1,2,2,B_NEG,aucun,MOYEN
32,86.4,181,26.38,0,0,1,2,2,AB_NEG,aucun,MOYEN
28,69.7,154,29.39,0,0,0,2,2,AB_POS,aucun,MOYEN
31,72.6,179,22.67,0,1,0,2,1,B_POS,hypertension,MOYEN
35,82.5,177,26.34,0,0,0,3,2,O_POS,aucun,MOYEN
30,67.4,151,29.57,0,0,0,2,2,O_POS,aucun,MOYEN
29,70.3,169,24.6,1,0,0,2,1,AB_POS,diabete,MOYEN
35,69.4,159,27.43,0,0,0,3,2,B_POS,aucun,MOYEN
32,86.5,175,28.24,0,0,1,2,2,AB_NEG,aucun,MOYEN
30,75.5,164,28.07,0,1,0,2,2,A_POS,hypertension,MOYEN
29,72.8,175,23.79,1,0,1,2,1,O_NEG,diabete,MOYEN
32,54.5,150,24.22,0,0,0,2,1,AB_POS,aucun,MOYEN
31,75.1,162,28.62,0,0,0,2,2,A_POS,aucun,MOYEN
35,56.3,153,24.06,1,0,1,3,1,B_NEG,diabete,MOYEN
37,70.5,179,22.0,0,0,0,3,1,A_POS,aucun,MOYEN
28,78.6,175,25.68,1,0,1,2,2,O_NEG,diabete,MOYEN
31,71.1,168,25.19,0,0,0,2,2,A_POS,aucun,MOYEN
30,66.9,157,27.13,0,0,0,2,2,AB_POS,aucun,MOYEN
28,54.3,156,22.31,0,1,1,2,1,A_NEG,hypertension,MOYEN
28,72.7,157,29.49,0,0,1,2,2,O_NEG,aucun,MOYEN
37,96.0,179,29.97,0,0,0,3,2,O_POS,aucun,MOYEN
28,61.0,152,26.42,1,0,0,2,2,AB_POS,diabete,MOYEN
34,70.2,168,24.89,1,1,0,2,1,AB_POS,diabete_hypertension,MOYEN
37,80.7,178,25.48,1,1,1,3,2,AB_NEG,diabete_hypertension,MOYEN
29,74.5,176,24.04,1,0,1,2,1,B_NEG,diabete,MOYEN
30,52.9,151,23.22,0,0,1,2,1,O_NEG,aucun,MOYEN
32,81.3,165,29.87,1,0,0,2,2,O_POS,diabete,MOYEN
30,60.6,151,26.58,0,0,1,2,2,O_NEG,aucun,MOYEN
29,66.2,151,29.05,0,1,0,2,2,B_POS,hypertension,MOYEN
29,92.5,181,28.25,0,0,1,2,2,AB_NEG,aucun,MOYEN
32,64.0,155,26.64,0,0,0,2,2,B_POS,aucun,MOYEN
32,72.8,163,27.4,1,0,1,2,2,O_NEG,diabete,MOYEN
36,60.2,157,24.43,0,0,0,3,1,AB_POS,aucun,MOYEN
36,71.1,156,29.21,1,0,1,3,2,O_NEG,diabete,MOYEN
29,69.1,162,26.33,1,1,1,2,2,A_NEG,diabete_hypertension,MOYEN
34,73.4,159,29.02,0,0,1,2,2,O_NEG,aucun,MOYEN
34,90.2,175,29.44,0,0,0,2,2,O_POS,aucun,MOYEN
28,89.7,181,27.38,1,1,0,2,2,AB_POS,diabete_hypertension,MOYEN
35,67.4,164,25.06,1,0,1,3,2,AB_NEG,diabete,MOYEN
34,74.4,177,23.75,0,0,1,2,1,O_NEG,aucun,MOYEN
34,74.9,160,29.25,0,0,1,2,2,O_NEG,aucun,MOYEN
35,60.6,164,22.51,0,0,1,3,1,A_NEG,aucun,MOYEN
33,69.2,166,25.11,0,1,0,2,2,O_POS,hypertension,MOYEN
31,64.0,161,24.71,0,0,1,2,1,A_NEG,aucun,MOYEN
29,58.8,155,24.49,0,0,0,2,1,A_POS,aucun,MOYEN
30,75.3,180,23.25,0,1,0,2,1,B_POS,hypertension,MOYEN
31,69.9,162,26.62,1,0,1,2,2,A_NEG,diabete,MOYEN
35,65.1,172,22.01,1,1,1,3,1,A_NEG,diabete_hypertension,MOYEN
35,77.8,166,28.22,1,0,0,3,2,A_POS,diabete,MOYEN
34,60.9,155,25.35,0,0,0,2,2,AB_POS,aucun,MOYEN
33,94.3,178,29.75,0,1,0,2,2,O_POS,hypertension,MOYEN
32,69.1,156,28.38,1,0,1,2,2,O_NEG,diabete,MOYEN
37,63.3,157,25.7,0,0,0,3,2,O_POS,aucun,MOYEN
34,75.1,160,29.34,0,0,1,2,2,A_NEG,aucun,MOYEN
36,69.4,159,27.46,0,0,1,3,2,O_NEG,aucun,MOYEN
29,78.9,176,25.48,0,1,1,2,2,B_NEG,hypertension,MOYEN
32,77.0,176,24.87,0,1,1,2,1,AB_NEG,hypertension,MOYEN
31,71.0,159,28.09,0,0,0,2,2,B_POS,aucun,MOYEN
37,65.2,159,25.78,0,0,1,3,2,AB_NEG,aucun,MOYEN
33,73.8,175,24.09,0,0,1,2,1,O_NEG,aucun,MOYEN
33,77.0,166,27.95,0,1,1,2,2,AB_NEG,hypertension,MOYEN
28,69.8,166,25.31,0,0,1,2,2,B_NEG,aucun,MOYEN
35,59.2,152,25.62,0,0,1,3,2,O_NEG,aucun,MOYEN
31,71.4,167,25.61,1,0,1,2,2,B_NEG,diabete,MOYEN
30,64.1,156,26.33,0,0,1,2,2,O_NEG,aucun,MOYEN
30,73.6,181,22.47,0,0,0,2,1,O_POS,aucun,MOYEN
34,70.5,176,22.76,1,0,1,2,1,O_NEG,diabete,MOYEN
32,63.5,157,25.77,0,0,1,2,2,AB_NEG,aucun,MOYEN
30,64.9,167,23.28,0,1,0,2,1,AB_POS,hypertension,MOYEN
36,79.6,174,26.29,1,0,0,3,2,A_POS,diabete,MOYEN
28,70.9,172,23.97,0,0,0,2,1,B_POS,aucun,MOYEN
36,64.5,163,24.29,1,0,1,3,1,O_NEG,diabete,MOYEN
33,80.6,170,27.88,0,0,0,2,2,O_POS,aucun,MOYEN
31,58.9,159,23.3,1,1,0,2,1,A_POS,diabete_hypertension,MOYEN
28,63.5,167,22.77,0,1,0,2,1,B_POS,hypertension,MOYEN
35,68.9,171,23.56,1,0,0,3,1,A_POS,diabete,MOYEN
32,63.5,169,22.24,0,0,1,2,1,O_NEG,aucun,MOYEN
32,63.5,150,28.2,1,0,0,2,2,AB_POS,diabete,MOYEN
34,68.0,173,22.72,0,0,0,2,1,B_POS,aucun,MOYEN
33,71.1,170,24.61,0,0,0,2,1,A_POS,aucun,MOYEN
31,88.1,177,28.11,0,0,1,2,2,O_NEG,aucun,MOYEN
30,82.3,176,26.57,1,0,1,2,2,AB_NEG,diabete,MOYEN
29,78.4,178,24.76,1,0,0,2,1,A_POS,diabete,MOYEN
31,88.6,172,29.95,0,1,0,2,2,A_POS,hypertension,MOYEN
33,53.6,152,23.22,1,1,0,2,1,AB_POS,diabete_hypertension,MOYEN
33,58.7,160,22.92,1,0,0,2,1,AB_POS,diabete,MOYEN
34,81.5,170,28.2,0,0,1,2,2,A_NEG,aucun,MOYEN
35,66.0,156,27.1,0,0,1,3,2,AB_NEG,aucun,MOYEN
30,68.7,173,22.96,1,0,1,2,1,A_NEG,diabete,MOYEN
30,61.4,150,27.27,0,0,0,2,2,A_POS,aucun,MOYEN
34,88.1,177,28.11,0,0,1,2,2,AB_NEG,aucun,MOYEN
31,76.1,164,28.3,0,1,1,2,2,AB_NEG,hypertension,MOYEN
32,66.3,167,23.77,0,0,1,2,1,A_NEG,aucun,MOYEN
32,64.4,155,26.82,0,0,1,2,2,B_NEG,aucun,MOYEN
32,55.4,155,23.08,0,1,1,2,1,A_NEG,hypertension,MOYEN
34,52.1,152,22.55,0,0,1,2,1,B_NEG,aucun,MOYEN
32,82.7,174,27.31,0,0,1,2,2,A_NEG,aucun,MOYEN
37,84.6,171,28.94,0,1,0,3,2,AB_POS,hypertension,MOYEN
29,90.0,176,29.05,1,0,0,2,2,O_POS,diabete,MOYEN
35,69.1,169,24.18,1,0,1,3,1,O_NEG,diabete,MOYEN
35,73.8,165,27.1,0,0,1,3,2,O_NEG,aucun,MOYEN
35,73.7,160,28.8,0,0,1,3,2,AB_NEG,aucun,MOYEN
29,76.8,175,25.09,0,0,0,2,2,O_POS,aucun,MOYEN
36,66.5,150,29.55,0,0,1,3,2,B_NEG,aucun,MOYEN
37,68.5,168,24.27,0,0,1,3,1,AB_NEG,aucun,MOYEN
36,89.3,178,28.17,1,0,0,3,2,A_POS,diabete,MOYEN
35,73.3,157,29.72,1,0,0,3,2,AB_POS,diabete,MOYEN
29,76.0,170,26.31,1,0,1,2,2,B_NEG,diabete,MOYEN
34,95.3,180,29.41,1,1,0,2,2,AB_POS,diabete_hypertension,MOYEN
32,60.4,158,24.21,0,0,0,2,1,O_POS,aucun,MOYEN
34,67.2,153,28.72,0,1,0,2,2,O_POS,hypertension,MOYEN
30,57.7,159,22.84,0,0,1,2,1,A_NEG,aucun,MOYEN
30,69.6,160,27.18,0,1,0,2,2,A_POS,hypertension,MOYEN
29,85.8,177,27.37,0,1,0,2,2,AB_POS,hypertension,MOYEN
31,62.2,162,23.72,0,1,1,2,1,AB_NEG,hypertension,MOYEN
28,70.0,171,23.94,1,0,0,2,1,B_POS,diabete,MOYEN
33,85.3,181,26.03,1,0,0,2,2,B_POS,diabete,MOYEN
33,65.9,161,25.43,1,0,0,2,2,AB_POS,diabete,MOYEN
36,55.4,151,24.32,0,1,1,3,1,B_NEG,hypertension,MOYEN
29,76.1,164,28.28,0,1,0,2,2,O_POS,hypertension,MOYEN
33,62.7,163,23.6,0,0,0,2,1,B_POS,aucun,MOYEN
31,73.3,175,23.94,1,0,0,2,1,A_POS,diabete,MOYEN
35,59.3,164,22.05,1,0,1,3,1,B_NEG,diabete,MOYEN
29,70.3,158,28.17,0,0,0,2,2,B_POS,aucun,MOYEN
36,87.7,177,28.0,0,0,1,3,2,O_NEG,aucun,MOYEN
34,68.9,156,28.3,1,1,1,2,2,O_NEG,diabete_hypertension,MOYEN
28,83.6,176,26.99,1,0,0,2,2,O_POS,diabete,MOYEN
33,67.8,162,25.83,0,1,0,2,2,AB_POS,hypertension,MOYEN
37,65.6,150,29.15,0,0,1,3,2,AB_NEG,aucun,MOYEN
35,84.2,175,27.51,0,0,0,3,2,O_POS,aucun,MOYEN
35,80.6,165,29.61,0,0,1,3,2,B_NEG,aucun,MOYEN
31,61.0,152,26.38,0,1,1,2,2,O_NEG,hypertension,MOYEN
29,60.8,162,23.16,0,0,0,2,1,AB_POS,aucun,MOYEN
35,71.7,176,23.14,0,0,1,3,1,A_NEG,aucun,MOYEN
33,67.2,170,23.26,0,0,0,2,1,B_POS,aucun,MOYEN
33,58.6,150,26.04,0,1,1,2,2,O_NEG,hypertension,MOYEN
28,88.6,180,27.36,0,1,0,2,2,AB_POS,hypertension,MOYEN
32,81.9,181,25.01,1,0,1,2,2,O_NEG,diabete,MOYEN
33,79.5,171,27.18,0,1,1,2,2,A_NEG,hypertension,MOYEN
35,63.5,151,27.85,0,0,1,3,2,O_NEG,aucun,MOYEN
36,64.0,164,23.8,0,0,1,3,1,B_NEG,aucun,MOYEN
32,82.7,173,27.64,0,0,0,2,2,AB_POS,aucun,MOYEN
35,77.2,166,28.02,0,0,0,3,2,O_POS,aucun,MOYEN
35,64.3,168,22.77,1,0,0,3,1,AB_POS,diabete,MOYEN
28,69.9,165,25.66,0,1,1,2,2,AB_NEG,hypertension,MOYEN
34,95.9,180,29.61,0,0,1,2,2,O_NEG,aucun,MOYEN
36,75.5,171,25.83,1,0,1,3,2,A_NEG,diabete,MOYEN
35,77.9,177,24.88,0,0,0,3,1,AB_POS,aucun,MOYEN
29,69.6,164,25.88,0,0,0,2,2,B_POS,aucun,MOYEN
31,84.7,177,27.03,0,0,1,2,2,B_NEG,aucun,MOYEN
30,73.2,164,27.23,0,0,0,2,2,AB_POS,aucun,MOYEN
30,60.2,151,26.4,1,0,0,2,2,O_POS,diabete,MOYEN
32,84.2,169,29.5,0,0,1,2,2,A_NEG,aucun,MOYEN
37,77.0,172,26.04,0,0,1,3,2,B_NEG,aucun,MOYEN
29,70.4,162,26.81,0,0,0,2,2,A_POS,aucun,MOYEN
33,87.0,180,26.86,0,0,0,2,2,O_POS,aucun,MOYEN
33,82.9,171,28.34,1,0,0,2,2,A_POS,diabete,MOYEN
31,70.0,177,22.33,0,0,0,2,1,AB_POS,aucun,MOYEN
28,74.6,159,29.51,1,0,1,2,2,B_NEG,diabete,MOYEN
32,83.1,168,29.43,0,1,1,2,2,AB_NEG,hypertension,MOYEN
37,53.9,152,23.34,0,0,1,3,1,B_NEG,aucun,MOYEN
34,70.3,167,25.2,0,1,0,2,2,AB_POS,hypertension,MOYEN
32,79.4,180,24.5,0,1,0,2,1,B_POS,hypertension,MOYEN
32,90.7,181,27.68,1,0,1,2,2,B_NEG,diabete,MOYEN
31,73.8,178,23.3,1,1,1,2,1,AB_NEG,diabete_hypertension,MOYEN
28,61.1,166,22.17,0,0,0,2,1,A_POS,aucun,MOYEN
37,66.1,170,22.86,0,0,0,3,1,B_POS,aucun,MOYEN
32,62.9,158,25.19,0,0,1,2,2,O_NEG,aucun,MOYEN
29,74.9,174,24.75,0,0,1,2,1,B_NEG,aucun,MOYEN
37,71.1,166,25.82,0,0,0,3,2,B_POS,aucun,MOYEN
33,62.1,168,22.02,0,0,0,2,1,A_POS,aucun,MOYEN
37,77.6,173,25.93,0,0,0,3,2,B_POS,aucun,MOYEN
35,66.8,165,24.55,0,0,1,3,1,O_NEG,aucun,MOYEN
34,66.9,167,23.98,0,0,1,2,1,AB_NEG,aucun,MOYEN
32,56.9,152,24.62,0,0,1,2,1,A_NEG,aucun,MOYEN
30,67.1,168,23.79,0,0,0,2,1,A_POS,aucun,MOYEN
37,71.5,161,27.59,1,0,0,3,2,A_POS,diabete,MOYEN
29,62.4,155,25.99,0,0,0,2,2,A_POS,aucun,MOYEN
31,66.0,151,28.94,0,0,0,2,2,B_POS,aucun,MOYEN
35,70.7,161,27.29,1,1,0,3,2,A_POS,diabete_hypertension,MOYEN
32,77.9,177,24.86,0,1,0,2,1,B_POS,hypertension,MOYEN
30,70.7,154,29.83,0,0,0,2,2,O_POS,aucun,MOYEN
29,54.7,155,22.78,1,0,0,2,1,O_POS,diabete,MOYEN
34,77.3,178,24.39,0,0,0,2,1,AB_POS,aucun,MOYEN
32,61.0,162,23.25,1,1,1,2,1,A_NEG,diabete_hypertension,MOYEN
37,65.0,159,25.7,0,0,1,3,2,A_NEG,aucun,MOYEN
30,67.5,168,23.92,1,0,0,2,1,A_POS,diabete,MOYEN
30,76.6,169,26.82,1,0,1,2,2,O_NEG,diabete,MOYEN
37,72.2,177,23.06,1,1,1,3,1,O_NEG,diabete_hypertension,MOYEN
28,65.1,156,26.73,0,0,0,2,2,O_POS,aucun,MOYEN
28,80.0,164,29.73,0,0,0,2,2,O_POS,aucun,MOYEN
30,68.7,161,26.49,0,0,1,2,2,AB_NEG,aucun,MOYEN
34,63.3,158,25.35,0,0,0,2,2,O_POS,aucun,MOYEN
31,62.4,166,22.64,0,1,0,2,1,B_POS,hypertension,MOYEN
30,74.2,164,27.59,0,0,1,2,2,AB_NEG,aucun,MOYEN
37,68.1,173,22.75,0,0,0,3,1,B_POS,aucun,MOYEN
30,65.5,152,28.36,0,0,0,2,2,AB_POS,aucun,MOYEN
30,60.2,161,23.23,1,0,1,2,1,AB_NEG,diabete,MOYEN
30,58.2,150,25.85,0,0,1,2,2,AB_NEG,aucun,MOYEN
36,76.3,181,23.28,0,0,1,3,1,B_NEG,aucun,MOYEN
28,55.5,157,22.53,0,0,1,2,1,O_NEG,aucun,MOYEN
31,69.7,166,25.28,0,0,0,2,2,AB_POS,aucun,MOYEN
32,67.2,169,23.53,0,1,0,2,1,B_POS,hypertension,MOYEN
34,58.5,160,22.85,0,0,0,2,1,A_POS,aucun,MOYEN
29,63.7,151,27.92,0,1,1,2,2,O_NEG,hypertension,MOYEN
36,65.5,160,25.59,0,1,1,3,2,O_NEG,hypertension,MOYEN
33,79.9,175,26.09,0,0,0,2,2,B_POS,aucun,MOYEN
35,74.8,164,27.82,0,1,0,3,2,A_POS,hypertension,MOYEN
34,56.0,150,24.87,0,0,1,2,1,B_NEG,aucun,MOYEN
33,88.1,172,29.76,1,0,1,2,2,A_NEG,diabete,MOYEN
29,77.0,178,24.29,0,0,1,2,1,AB_NEG,aucun,MOYEN
35,57.8,162,22.01,0,0,1,3,1,AB_NEG,aucun,MOYEN
36,65.4,172,22.12,0,0,0,3,1,A_POS,aucun,MOYEN
32,62.3,153,26.62,0,0,0,2,2,A_POS,aucun,MOYEN
30,51.2,152,22.17,0,0,1,2,1,AB_NEG,aucun,MOYEN
30,51.7,150,22.97,1,0,1,2,1,O_NEG,diabete,MOYEN
28,80.6,175,26.32,1,1,0,2,2,A_POS,diabete_hypertension,MOYEN
33,77.0,175,25.15,0,1,0,2,2,O_POS,hypertension,MOYEN
32,93.8,177,29.94,0,1,1,2,2,B_NEG,hypertension,MOYEN
37,59.5,161,22.97,1,0,1,3,1,AB_NEG,diabete,MOYEN
28,74.8,159,29.59,0,0,1,2,2,B_NEG,aucun,MOYEN
35,72.6,159,28.7,1,0,1,3,2,A_NEG,diabete,MOYEN
31,59.1,150,26.28,0,0,0,2,2,AB_POS,aucun,MOYEN
35,58.4,151,25.62,0,0,1,3,2,AB_NEG,aucun,MOYEN
28,58.5,163,22.02,1,0,1,2,1,B_NEG,diabete,MOYEN
28,57.5,153,24.55,1,0,0,2,1,B_POS,diabete,MOYEN
32,62.9,150,27.95,0,1,1,2,2,O_NEG,hypertension,MOYEN
29,85.6,176,27.62,1,0,1,2,2,B_NEG,diabete,MOYEN
36,69.2,152,29.95,0,0,0,3,2,B_POS,aucun,MOYEN
28,79.5,177,25.38,0,0,0,2,2,AB_POS,aucun,MOYEN
34,66.4,152,28.72,1,0,1,2,2,O_NEG,diabete,MOYEN
32,62.0,162,23.61,1,0,1,2,1,O_NEG,diabete,MOYEN
34,69.7,176,22.52,0,0,0,2,1,O_POS,aucun,MOYEN
35,71.1,166,25.8,1,0,0,3,2,A_POS,diabete,MOYEN
36,81.7,169,28.62,0,0,0,3,2,A_POS,aucun,MOYEN
30,58.4,160,22.82,1,0,0,2,1,AB_POS,diabete,MOYEN
36,79.6,167,28.54,0,0,1,3,2,O_NEG,aucun,MOYEN
36,59.5,157,24.13,1,1,0,3,1,B_POS,diabete_hypertension,MOYEN
35,61.5,158,24.63,0,1,1,3,1,AB_NEG,hypertension,MOYEN
29,67.9,157,27.54,0,1,1,2,2,AB_NEG,hypertension,MOYEN
31,51.3,152,22.22,0,0,0,2,1,O_POS,aucun,MOYEN
35,62.5,158,25.04,0,0,1,3,2,B_NEG,aucun,MOYEN
29,66.6,161,25.7,1,0,1,2,2,B_NEG,diabete,MOYEN
28,75.9,162,28.94,0,0,1,2,2,O_NEG,aucun,MOYEN
28,68.1,161,26.27,0,0,1,2,2,AB_NEG,aucun,MOYEN
30,78.2,165,28.72,0,0,0,2,2,O_POS,aucun,MOYEN
30,58.9,154,24.86,1,0,0,2,1,O_POS,diabete,MOYEN
34,67.8,163,25.51,0,1,1,2,2,O_NEG,hypertension,MOYEN
33,58.7,153,25.06,1,0,0,2,2,O_POS,diabete,MOYEN
28,80.5,168,28.54,0,0,1,2,2,B_NEG,aucun,MOYEN
34,65.2,153,27.86,0,1,1,2,2,B_NEG,hypertension,MOYEN
28,90.0,179,28.09,1,0,1,2,2,A_NEG,diabete,MOYEN
29,68.7,166,24.94,0,1,0,2,1,B_POS,hypertension,MOYEN
36,55.3,150,24.58,0,0,1,3,1,O_NEG,aucun,MOYEN
32,63.3,154,26.69,1,1,1,2,2,AB_NEG,diabete_hypertension,MOYEN
28,81.7,178,25.79,1,0,1,2,2,B_NEG,diabete,MOYEN
36,73.8,180,22.77,1,0,1,3,1,O_NEG,diabete,MOYEN
31,72.0,171,24.61,0,1,0,2,1,A_POS,hypertension,MOYEN
29,65.5,164,24.36,0,1,1,2,1,AB_NEG,hypertension,MOYEN
36,74.9,177,23.9,1,0,0,3,1,O_POS,diabete,MOYEN
34,85.9,174,28.36,0,1,1,2,2,A_NEG,hypertension,MOYEN
35,72.8,171,24.9,0,0,1,3,1,O_NEG,aucun,MOYEN
32,61.4,152,26.59,0,0,1,2,2,A_NEG,aucun,MOYEN
30,56.3,158,22.55,0,0,1,2,1,AB_NEG,aucun,MOYEN
35,59.1,158,23.67,0,0,1,3,1,O_NEG,aucun,MOYEN
36,53.1,150,23.61,0,0,1,3,1,AB_NEG,aucun,MOYEN
31,79.1,178,24.95,0,1,1,2,1,B_NEG,hypertension,MOYEN
33,63.8,155,26.54,0,0,0,2,2,AB_POS,aucun,MOYEN
30,75.5,176,24.37,0,1,0,2,1,AB_POS,hypertension,MOYEN
32,66.4,161,25.63,0,1,0,2,2,A_POS,hypertension,MOYEN
29,58.2,155,24.24,1,0,0,2,1,A_POS,diabete,MOYEN
36,56.1,157,22.77,0,1,1,3,1,A_NEG,hypertension,MOYEN
35,79.1,178,24.96,0,0,1,3,1,A_NEG,aucun,MOYEN
33,67.5,150,30.0,0,0,0,2,2,O_POS,aucun,MOYEN
32,71.5,161,27.58,0,0,1,2,2,AB_NEG,aucun,MOYEN
31,75.5,163,28.41,0,0,1,2,2,B_NEG,aucun,MOYEN
32,70.8,173,23.66,0,0,0,2,1,A_POS,aucun,MOYEN
36,72.9,157,29.56,0,1,1,3,2,AB_NEG,hypertension,MOYEN
36,71.7,169,25.11,1,0,0,3,2,AB_POS,diabete,MOYEN
36,76.8,180,23.71,1,0,1,3,1,O_NEG,diabete,MOYEN
30,74.1,180,22.88,1,0,0,2,1,O_POS,diabete,MOYEN
32,53.0,150,23.56,0,0,0,2,1,B_POS,aucun,MOYEN
28,69.6,156,28.6,0,0,0,2,2,AB_POS,aucun,MOYEN
34,64.3,161,24.8,1,0,0,2,1,B_POS,diabete,MOYEN
36,61.8,151,27.08,1,0,0,3,2,B_POS,diabete,MOYEN
32,71.7,156,29.46,1,0,0,2,2,B_POS,diabete,MOYEN
33,67.6,172,22.85,1,0,1,2,1,B_NEG,diabete,MOYEN
36,69.6,162,26.51,0,0,0,3,2,O_POS,aucun,MOYEN
28,69.7,157,28.27,1,0,0,2,2,AB_POS,diabete,MOYEN
31,69.5,174,22.95,1,0,1,2,1,A_NEG,diabete,MOYEN
29,74.9,162,28.54,0,0,0,2,2,B_POS,aucun,MOYEN
30,71.4,168,25.28,0,0,0,2,2,A_POS,aucun,MOYEN
32,83.8,172,28.34,0,0,0,2,2,A_POS,aucun,MOYEN
34,78.9,176,25.49,1,1,0,2,2,A_POS,diabete_hypertension,MOYEN
33,78.5,176,25.34,0,0,0,2,2,O_POS,aucun,MOYEN
37,62.8,151,27.56,0,0,1,3,2,A_NEG,aucun,MOYEN
31,66.9,155,27.83,0,0,1,2,2,O_NEG,aucun,MOYEN
35,57.9,161,22.34,1,0,1,3,1,B_NEG,diabete,MOYEN
32,72.6,161,28.01,0,0,0,2,2,B_POS,aucun,MOYEN
32,78.8,177,25.16,1,0,1,2,2,A_NEG,diabete,MOYEN
31,64.0,161,24.71,1,1,1,2,1,O_NEG,diabete_hypertension,MOYEN
29,84.0,180,25.93,0,0,1,2,2,O_NEG,aucun,MOYEN
36,81.1,175,26.48,0,1,0,3,2,A_POS,hypertension,MOYEN
30,77.5,162,29.53,1,0,0,2,2,AB_POS,diabete,MOYEN
32,81.8,166,29.7,1,1,0,2,2,A_POS,diabete_hypertension,MOYEN
30,82.4,172,27.86,1,1,0,2,2,A_POS,diabete_hypertension,MOYEN
33,70.2,163,26.4,1,1,1,2,2,B_NEG,diabete_hypertension,MOYEN
30,68.6,172,23.2,0,0,0,2,1,B_POS,aucun,MOYEN
32,77.6,169,27.16,0,0,1,2,2,B_NEG,aucun,MOYEN
32,68.2,176,22.03,1,0,0,2,1,O_POS,diabete,MOYEN
36,58.3,153,24.9,0,0,0,3,1,O_POS,aucun,MOYEN
34,79.7,173,26.64,0,1,1,2,2,AB_NEG,hypertension,MOYEN
37,84.0,172,28.39,0,1,0,3,2,AB_POS,hypertension,MOYEN
32,69.3,153,29.6,1,0,1,2,2,AB_NEG,diabete,MOYEN
29,64.1,162,24.42,0,1,0,2,1,O_POS,hypertension,MOYEN
30,71.3,178,22.51,1,0,0,2,1,AB_POS,diabete,MOYEN
28,74.6,159,29.51,0,0,1,2,2,A_NEG,aucun,MOYEN
34,77.1,172,26.05,1,0,1,2,2,O_NEG,diabete,MOYEN
32,64.7,156,26.58,0,0,1,2,2,A_NEG,aucun,MOYEN
29,65.0,165,23.89,0,0,1,2,1,A_NEG,aucun,MOYEN
33,75.2,173,25.12,1,0,1,2,2,AB_NEG,diabete,MOYEN
37,66.7,163,25.1,0,0,0,3,2,A_POS,aucun,MOYEN
30,86.5,176,27.93,1,0,1,2,2,AB_NEG,diabete,MOYEN
32,69.4,162,26.45,1,0,1,2,2,AB_NEG,diabete,MOYEN
37,79.4,176,25.65,1,0,0,3,2,B_POS,diabete,MOYEN
32,64.5,161,24.9,1,0,1,2,1,A_NEG,diabete,MOYEN
31,94.4,178,29.8,1,0,0,2,2,B_POS,diabete,MOYEN
33,67.4,170,23.32,0,0,0,2,1,B_POS,aucun,MOYEN
36,61.4,157,24.89,0,1,0,3,1,AB_POS,hypertension,MOYEN
32,65.1,152,28.18,1,1,0,2,2,B_POS,diabete_hypertension,MOYEN
35,56.5,158,22.64,1,0,1,3,1,B_NEG,diabete,MOYEN
36,81.6,175,26.64,0,0,0,3,2,AB_POS,aucun,MOYEN
33,72.9,165,26.78,1,0,0,2,2,O_POS,diabete,MOYEN
36,87.5,172,29.57,0,0,0,3,2,AB_POS,aucun,MOYEN
28,50.8,151,22.3,0,0,0,2,1,O_POS,aucun,MOYEN
32,94.2,180,29.07,0,1,0,2,2,AB_POS,hypertension,MOYEN
30,68.3,162,26.01,1,0,0,2,2,B_POS,diabete,MOYEN
31,68.9,152,29.84,0,0,1,2,2,B_NEG,aucun,MOYEN
37,57.3,160,22.37,0,0,1,3,1,B_NEG,aucun,MOYEN
34,68.0,169,23.8,0,1,0,2,1,B_POS,hypertension,MOYEN
36,90.5,176,29.2,1,1,1,3,2,AB_NEG,diabete_hypertension,MOYEN
30,52.0,152,22.5,0,0,0,2,1,O_POS,aucun,MOYEN
30,82.3,170,28.49,1,0,0,2,2,AB_POS,diabete,MOYEN
29,62.9,167,22.55,0,0,0,2,1,O_POS,aucun,MOYEN
37,64.1,166,23.27,1,0,0,3,1,O_POS,diabete,MOYEN
37,69.3,172,23.44,1,0,0,3,1,B_POS,diabete,MOYEN
30,80.3,168,28.46,0,0,0,2,2,A_POS,aucun,MOYEN
29,62.4,160,24.39,1,0,0,2,1,A_POS,diabete,MOYEN
36,61.6,157,24.98,0,0,1,3,1,AB_NEG,aucun,MOYEN
30,73.8,170,25.54,0,0,0,2,2,B_POS,aucun,MOYEN
34,75.6,179,23.58,1,0,1,2,1,A_NEG,diabete,MOYEN
34,71.6,169,25.08,0,0,0,2,2,AB_POS,aucun,MOYEN
32,68.2,167,24.46,1,0,1,2,1,B_NEG,diabete,MOYEN
30,77.7,165,28.52,0,1,0,2,2,A_POS,hypertension,MOYEN
36,68.2,151,29.91,0,0,0,3,2,A_POS,aucun,MOYEN
31,85.4,177,27.26,0,1,0,2,2,AB_POS,hypertension,MOYEN
34,95.4,180,29.45,0,0,0,2,2,A_POS,aucun,MOYEN
35,79.7,180,24.59,1,0,1,3,1,AB_NEG,diabete,MOYEN
28,54.4,157,22.06,0,1,0,2,1,O_POS,hypertension,MOYEN
37,72.0,173,24.05,0,0,0,3,1,A_POS,aucun,MOYEN
28,57.5,161,22.19,1,0,1,2,1,AB_NEG,diabete,MOYEN
33,65.9,166,23.92,0,1,1,2,1,O_NEG,hypertension,MOYEN
29,56.5,151,24.78,1,0,1,2,1,A_NEG,diabete,MOYEN
28,79.9,167,28.64,0,0,0,2,2,O_POS,aucun,MOYEN
34,64.6,170,22.37,0,0,0,2,1,O_POS,aucun,MOYEN
29,65.5,154,27.61,0,0,0,2,2,AB_POS,aucun,MOYEN
33,63.5,162,24.2,0,0,0,2,1,A_POS,aucun,MOYEN
34,64.3,152,27.81,0,0,1,2,2,O_NEG,aucun,MOYEN
33,61.0,152,26.42,0,0,0,2,2,O_POS,aucun,MOYEN
32,77.5,177,24.75,0,1,0,2,1,B_POS,hypertension,MOYEN
35,69.5,167,24.92,1,0,1,3,1,AB_NEG,diabete,MOYEN
37,82.5,172,27.87,0,0,0,3,2,A_POS,aucun,MOYEN
33,59.7,158,23.92,1,0,0,2,1,AB_POS,diabete,MOYEN
33,74.8,171,25.57,0,0,0,2,2,AB_POS,aucun,MOYEN
37,78.3,169,27.41,0,1,1,3,2,O_NEG,hypertension,MOYEN
37,65.1,157,26.42,1,0,0,3,2,A_POS,diabete,MOYEN
36,69.8,176,22.52,1,1,1,3,1,B_NEG,diabete_hypertension,MOYEN
30,88.1,175,28.76,0,1,0,2,2,AB_POS,hypertension,MOYEN
35,69.9,174,23.08,0,0,1,3,1,O_NEG,aucun,MOYEN
29,79.0,181,24.11,1,0,0,2,1,A_POS,diabete,MOYEN
32,91.5,178,28.88,1,1,1,2,2,AB_NEG,diabete_hypertension,MOYEN
30,69.5,154,29.31,1,0,1,2,2,A_NEG,diabete,MOYEN
37,55.9,156,22.95,1,0,1,3,1,O_NEG,diabete,MOYEN
37,58.2,161,22.45,1,0,0,3,1,AB_POS,diabete,MOYEN
37,85.4,172,28.87,0,0,0,3,2,O_POS,aucun,MOYEN
28,60.8,164,22.62,1,0,0,2,1,B_POS,diabete,MOYEN
31,60.8,151,26.66,0,0,0,2,2,AB_POS,aucun,MOYEN
31,86.0,174,28.41,0,0,1,2,2,O_NEG,aucun,MOYEN
31,80.2,179,25.02,0,0,1,2,2,AB_NEG,aucun,MOYEN
32,60.7,155,25.25,0,0,1,2,2,B_NEG,aucun,MOYEN
32,58.3,157,23.66,0,0,0,2,1,A_POS,aucun,MOYEN
30,55.3,150,24.58,0,0,0,2,1,AB_POS,aucun,MOYEN
37,67.1,157,27.24,1,1,1,3,2,A_NEG,diabete_hypertension,MOYEN
30,55.9,153,23.87,0,0,1,2,1,A_NEG,aucun,MOYEN
29,86.7,170,29.98,0,0,0,2,2,B_POS,aucun,MOYEN
33,61.9,150,27.53,1,0,0,2,2,B_POS,diabete,MOYEN
29,66.7,162,25.43,0,0,1,2,2,AB_NEG,aucun,MOYEN
30,69.9,170,24.18,0,1,1,2,1,A_NEG,hypertension,MOYEN
32,57.6,160,22.51,0,0,1,2,1,O_NEG,aucun,MOYEN
35,67.4,174,22.26,1,0,1,3,1,AB_NEG,diabete,MOYEN
34,61.8,160,24.15,0,0,1,2,1,O_NEG,aucun,MOYEN
31,60.8,166,22.06,1,1,0,2,1,AB_POS,diabete_hypertension,MOYEN
37,79.1,175,25.82,1,0,1,3,2,B_NEG,diabete,MOYEN
30,94.6,180,29.21,0,0,1,2,2,A_NEG,aucun,MOYEN
33,92.2,179,28.77,1,1,0,2,2,B_POS,diabete_hypertension,MOYEN
34,73.6,166,26.73,0,0,0,2,2,A_POS,aucun,MOYEN
33,58.8,152,25.43,1,0,0,2,2,O_POS,diabete,MOYEN
30,68.2,163,25.68,1,0,1,2,2,B_NEG,diabete,MOYEN
28,85.6,181,26.13,1,0,1,2,2,A_NEG,diabete,MOYEN
36,83.0,177,26.48,1,0,1,3,2,AB_NEG,diabete,MOYEN
30,73.1,165,26.86,0,0,0,2,2,B_POS,aucun,MOYEN
37,58.2,155,24.23,0,0,1,3,1,B_NEG,aucun,MOYEN
33,74.4,163,27.99,0,0,0,2,2,A_POS,aucun,MOYEN
31,68.8,168,24.38,0,0,0,2,1,A_POS,aucun,MOYEN
33,58.8,153,25.13,1,0,1,2,2,AB_NEG,diabete,MOYEN
30,67.9,155,28.25,1,0,0,2,2,B_POS,diabete,MOYEN
35,69.9,176,22.58,0,0,1,3,1,A_NEG,aucun,MOYEN
32,82.1,167,29.43,1,1,1,2,2,O_NEG,diabete_hypertension,MOYEN
34,74.9,164,27.86,0,0,1,2,2,B_NEG,aucun,MOYEN
37,76.4,169,26.74,1,0,0,3,2,A_POS,diabete,MOYEN
36,61.9,155,25.76,0,0,1,3,2,A_NEG,aucun,MOYEN
32,80.5,178,25.42,0,0,0,2,2,B_POS,aucun,MOYEN
37,65.8,157,26.68,1,0,0,3,2,A_POS,diabete,MOYEN
32,68.9,170,23.83,0,0,0,2,1,A_POS,aucun,MOYEN
29,79.2,167,28.41,0,0,0,2,2,A_POS,aucun,MOYEN
36,95.6,179,29.83,0,1,0,3,2,A_POS,hypertension,MOYEN
35,70.4,176,22.73,1,1,1,3,1,B_NEG,diabete_hypertension,MOYEN
28,85.8,181,26.18,0,1,0,2,2,A_POS,hypertension,MOYEN
36,82.8,167,29.68,0,1,0,3,2,B_POS,hypertension,MOYEN
31,93.6,180,28.9,1,1,0,2,2,B_POS,diabete_hypertension,MOYEN
30,70.6,174,23.33,0,0,1,2,1,O_NEG,aucun,MOYEN
34,97.0,180,29.95,1,1,0,2,2,A_POS,diabete_hypertension,MOYEN
31,66.7,153,28.51,1,0,1,2,2,A_NEG,diabete,MOYEN
36,64.3,159,25.43,0,1,0,3,2,O_POS,hypertension,MOYEN
32,64.9,167,23.28,1,0,1,2,1,A_NEG,diabete,MOYEN
33,91.8,176,29.62,0,1,0,2,2,B_POS,hypertension,MOYEN
29,87.4,177,27.9,0,1,1,2,2,B_NEG,hypertension,MOYEN
33,62.3,152,26.95,1,0,1,2,2,O_NEG,diabete,MOYEN
30,90.8,177,29.0,0,0,0,2,2,AB_POS,aucun,MOYEN
37,73.9,174,24.4,1,0,0,3,1,O_POS,diabete,MOYEN
30,69.3,155,28.86,1,0,1,2,2,AB_NEG,diabete,MOYEN
30,92.6,179,28.89,0,1,0,2,2,B_POS,hypertension,MOYEN
33,83.2,174,27.47,0,0,1,2,2,AB_NEG,aucun,MOYEN
37,72.9,180,22.49,0,0,0,3,1,O_POS,aucun,MOYEN
31,68.4,165,25.13,0,0,0,2,2,AB_POS,aucun,MOYEN
37,86.4,171,29.55,1,0,0,3,2,O_POS,diabete,MOYEN
36,62.7,156,25.75,0,0,0,3,2,B_POS,aucun,MOYEN
34,82.8,181,25.28,1,0,1,2,2,AB_NEG,diabete,MOYEN
29,76.2,175,24.87,0,1,0,2,1,A_POS,hypertension,MOYEN
30,89.0,175,29.06,0,1,1,2,2,O_NEG,hypertension,MOYEN
37,64.9,154,27.35,1,1,0,3,2,B_POS,diabete_hypertension,MOYEN
28,50.8,151,22.27,0,0,1,2,1,B_NEG,aucun,MOYEN
28,94.8,180,29.27,1,0,0,2,2,AB_POS,diabete,MOYEN
37,77.9,172,26.34,0,0,0,3,2,AB_POS,aucun,MOYEN
29,73.8,169,25.84,0,0,1,2,2,AB_NEG,aucun,MOYEN
33,87.2,181,26.62,0,0,0,2,2,B_POS,aucun,MOYEN
30,77.3,176,24.94,0,0,0,2,1,A_POS,aucun,MOYEN
35,64.3,169,22.5,0,0,1,3,1,O_NEG,aucun,MOYEN
34,51.1,151,22.42,0,0,0,2,1,AB_POS,aucun,MOYEN
37,75.2,167,26.95,0,1,0,3,2,O_POS,hypertension,MOYEN
32,73.7,165,27.08,0,0,0,2,2,AB_POS,aucun,MOYEN
32,86.1,170,29.78,1,0,0,2,2,O_POS,diabete,MOYEN
37,76.0,176,24.53,1,0,0,3,1,A_POS,diabete,MOYEN
29,60.8,155,25.3,0,0,1,2,2,B_NEG,aucun,MOYEN
37,75.0,173,25.06,0,1,1,3,2,B_NEG,hypertension,MOYEN
34,75.6,159,29.92,1,0,1,2,2,AB_NEG,diabete,MOYEN
29,85.1,179,26.56,0,0,1,2,2,B_NEG,aucun,MOYEN
29,72.7,158,29.12,1,1,1,2,2,A_NEG,diabete_hypertension,MOYEN
34,59.4,163,22.36,0,0,1,2,1,A_NEG,aucun,MOYEN
32,89.4,178,28.21,0,0,0,2,2,O_POS,aucun,MOYEN
28,54.9,157,22.29,0,0,1,2,1,O_NEG,aucun,MOYEN
31,64.3,154,27.09,0,1,1,2,2,AB_NEG,hypertension,MOYEN
35,74.6,171,25.52,0,0,1,3,2,B_NEG,aucun,MOYEN
33,72.6,176,23.43,0,0,1,2,1,AB_NEG,aucun,MOYEN
33,67.4,173,22.53,0,0,0,2,1,B_POS,aucun,MOYEN
35,75.4,159,29.83,0,1,1,3,2,O_NEG,hypertension,MOYEN
37,71.7,159,28.36,0,1,0,3,2,AB_POS,hypertension,MOYEN
34,75.3,163,28.35,1,0,0,2,2,A_POS,diabete,MOYEN
30,72.3,179,22.55,0,0,0,2,1,B_POS,aucun,MOYEN
30,73.1,174,24.15,0,0,1,2,1,AB_NEG,aucun,MOYEN
29,76.4,166,27.71,0,0,1,2,2,O_NEG,aucun,MOYEN
37,79.4,169,27.79,0,0,0,3,2,AB_POS,aucun,MOYEN
29,71.0,167,25.44,0,0,0,2,2,B_POS,aucun,MOYEN
36,87.5,176,28.24,1,0,0,3,2,B_POS,diabete,MOYEN
28,86.5,171,29.58,1,0,0,2,2,O_POS,diabete,MOYEN
37,82.2,176,26.55,0,0,0,3,2,AB_POS,aucun,MOYEN
35,66.7,158,26.7,0,0,1,3,2,AB_NEG,aucun,MOYEN
35,76.5,164,28.45,0,0,1,3,2,O_NEG,aucun,MOYEN
35,61.7,156,25.37,0,1,0,3,2,A_POS,hypertension,MOYEN
30,73.2,165,26.88,0,1,0,2,2,A_POS,hypertension,MOYEN
33,72.8,160,28.45,0,1,1,2,2,AB_NEG,hypertension,MOYEN
29,61.8,166,22.44,0,1,0,2,1,B_POS,hypertension,MOYEN
34,79.3,164,29.49,1,1,1,2,2,O_NEG,diabete_hypertension,MOYEN
35,86.0,175,28.09,0,0,1,3,2,O_NEG,aucun,MOYEN
34,90.6,177,28.93,0,0,0,2,2,B_POS,aucun,MOYEN
28,70.0,176,22.6,0,0,0,2,1,A_POS,aucun,MOYEN
30,77.7,179,24.25,1,0,1,2,1,A_NEG,diabete,MOYEN
34,69.9,174,23.08,0,0,0,2,1,A_POS,aucun,MOYEN
33,69.6,160,27.17,0,0,0,2,2,A_POS,aucun,MOYEN
32,87.1,175,28.43,0,1,1,2,2,AB_NEG,hypertension,MOYEN
33,60.1,157,24.38,0,1,1,2,1,A_NEG,hypertension,MOYEN
36,63.0,158,25.23,1,0,0,3,2,AB_POS,diabete,MOYEN
31,62.5,153,26.7,0,0,1,2,2,B_NEG,aucun,MOYEN
37,66.5,155,27.7,1,0,1,3,2,A_NEG,diabete,MOYEN
37,76.9,179,24.0,1,0,0,3,1,O_POS,diabete,MOYEN
29,55.8,157,22.65,0,0,0,2,1,O_POS,aucun,MOYEN
29,60.7,154,25.57,0,1,1,2,2,A_NEG,hypertension,MOYEN
34,87.5,173,29.23,0,0,1,2,2,A_NEG,aucun,MOYEN
32,85.3,181,26.04,1,0,0,2,2,A_POS,diabete,MOYEN
37,77.5,176,25.01,0,0,0,3,2,A_POS,aucun,MOYEN
33,79.4,164,29.51,1,0,0,2,2,A_POS,diabete,MOYEN
33,66.6,158,26.66,1,0,1,2,2,AB_NEG,diabete,MOYEN
32,59.2,163,22.27,1,0,1,2,1,A_NEG,diabete,MOYEN
33,78.4,166,28.47,1,0,0,2,2,A_POS,diabete,MOYEN
30,72.7,158,29.14,1,0,0,2,2,O_POS,diabete,MOYEN
31,70.5,175,23.01,1,0,1,2,1,A_NEG,diabete,MOYEN
37,70.3,157,28.51,0,0,1,3,2,B_NEG,aucun,MOYEN
33,77.8,177,24.84,0,0,1,2,1,O_NEG,aucun,MOYEN
28,59.8,152,25.87,0,1,1,2,2,A_NEG,hypertension,MOYEN
31,89.1,177,28.45,1,0,0,2,2,B_POS,diabete,MOYEN
32,76.5,179,23.88,1,0,1,2,1,AB_NEG,diabete,MOYEN
28,69.1,176,22.32,0,0,1,2,1,B_NEG,aucun,MOYEN
31,81.5,168,28.87,0,0,1,2,2,AB_NEG,aucun,MOYEN
37,75.4,177,24.06,0,0,1,3,1,O_NEG,aucun,MOYEN
28,53.9,152,23.31,0,0,0,2,1,O_POS,aucun,MOYEN
32,56.9,158,22.78,0,1,1,2,1,O_NEG,hypertension,MOYEN
29,73.7,171,25.22,1,1,0,2,2,B_POS,diabete_hypertension,MOYEN
31,54.4,157,22.09,0,0,1,2,1,B_NEG,aucun,MOYEN
35,59.9,160,23.42,0,0,0,3,1,A_POS,aucun,MOYEN
32,70.7,157,28.67,0,0,1,2,2,B_NEG,aucun,MOYEN
37,88.8,177,28.34,1,0,0,3,2,B_POS,diabete,MOYEN
32,61.2,161,23.62,0,0,0,2,1,O_POS,aucun,MOYEN
37,59.8,163,22.53,0,0,0,3,1,B_POS,aucun,MOYEN
35,72.1,168,25.53,1,0,1,3,2,A_NEG,diabete,MOYEN
34,77.6,170,26.86,0,0,0,2,2,AB_POS,aucun,MOYEN
29,69.6,176,22.48,0,0,0,2,1,O_POS,aucun,MOYEN
36,72.7,168,25.76,0,0,0,3,2,AB_POS,aucun,MOYEN
32,85.7,180,26.45,1,0,1,2,2,AB_NEG,diabete,MOYEN
35,81.8,170,28.32,0,1,1,3,2,O_NEG,hypertension,MOYEN
31,74.3,180,22.94,0,0,1,2,1,O_NEG,aucun,MOYEN
32,78.5,174,25.94,0,0,0,2,2,B_POS,aucun,MOYEN
32,59.4,155,24.71,0,0,1,2,1,A_NEG,aucun,MOYEN
29,83.8,179,26.16,0,0,1,2,2,AB_NEG,aucun,MOYEN
31,59.5,152,25.77,1,0,1,2,2,B_NEG,diabete,MOYEN
37,82.7,176,26.68,0,1,1,3,2,AB_NEG,hypertension,MOYEN
37,55.5,152,24.04,0,1,1,3,1,A_NEG,hypertension,MOYEN
36,96.0,181,29.31,0,1,1,3,2,B_NEG,hypertension,MOYEN
30,84.7,175,27.67,0,1,1,2,2,A_NEG,hypertension,MOYEN
33,71.4,168,25.3,0,0,0,2,2,B_POS,aucun,MOYEN
30,64.3,168,22.78,0,0,0,2,1,B_POS,aucun,MOYEN
37,94.9,181,28.98,0,1,0,3,2,B_POS,hypertension,MOYEN
32,71.3,164,26.51,0,0,1,2,2,O_NEG,aucun,MOYEN
28,69.8,155,29.06,1,0,0,2,2,B_POS,diabete,MOYEN
35,70.7,175,23.1,0,0,0,3,1,A_POS,aucun,MOYEN
37,53.4,151,23.41,0,0,0,3,1,A_POS,aucun,MOYEN
34,73.6,179,22.96,1,0,1,2,1,O_NEG,diabete,MOYEN
37,74.2,172,25.09,0,0,1,3,2,AB_NEG,aucun,MOYEN
32,87.7,177,28.01,0,0,1,2,2,A_NEG,aucun,MOYEN
35,88.3,173,29.49,1,0,0,3,2,O_POS,diabete,MOYEN
37,64.3,159,25.42,1,1,0,3,2,AB_POS,diabete_hypertension,MOYEN
36,72.7,156,29.86,0,0,0,3,2,O_POS,aucun,MOYEN
35,78.4,165,28.79,0,0,0,3,2,A_POS,aucun,MOYEN
36,76.3,164,28.38,0,1,1,3,2,A_NEG,hypertension,MOYEN
29,83.3,170,28.81,0,0,0,2,2,B_POS,aucun,MOYEN
33,87.7,181,26.78,1,0,1,2,2,B_NEG,diabete,MOYEN
29,68.3,158,27.34,0,1,0,2,2,A_POS,hypertension,MOYEN
29,75.0,159,29.65,1,1,0,2,2,O_POS,diabete_hypertension,MOYEN
33,82.3,171,28.14,0,0,1,2,2,B_NEG,aucun,MOYEN
28,83.2,173,27.79,1,0,0,2,2,B_POS,diabete,MOYEN
28,77.2,172,26.1,1,0,1,2,2,AB_NEG,diabete,MOYEN
32,68.3,165,25.08,0,1,0,2,2,A_POS,hypertension,MOYEN
35,65.1,150,28.96,0,0,0,3,2,AB_POS,aucun,MOYEN
31,65.4,164,24.33,1,1,1,2,1,A_NEG,diabete_hypertension,MOYEN
33,72.6,170,25.14,1,0,1,2,2,AB_NEG,diabete,MOYEN
31,76.0,160,29.67,1,0,0,2,2,O_POS,diabete,MOYEN
37,67.4,161,25.99,1,0,1,3,2,O_NEG,diabete,MOYEN
29,65.2,171,22.3,1,0,1,2,1,B_NEG,diabete,MOYEN
32,89.2,181,27.24,0,0,0,2,2,A_POS,aucun,MOYEN
32,68.3,156,28.05,1,1,0,2,2,O_POS,diabete_hypertension,MOYEN
31,70.8,166,25.71,1,0,0,2,2,AB_POS,diabete,MOYEN
34,58.7,155,24.43,1,0,0,2,1,B_POS,diabete,MOYEN
31,69.1,158,27.66,0,0,0,2,2,A_POS,aucun,MOYEN
36,86.7,172,29.3,1,0,1,3,2,B_NEG,diabete,MOYEN
34,60.0,154,25.31,1,0,1,2,2,AB_NEG,diabete,MOYEN
34,79.9,181,24.38,0,0,0,2,1,O_POS,aucun,MOYEN
30,57.8,154,24.39,0,0,1,2,1,O_NEG,aucun,MOYEN
28,62.4,151,27.36,1,0,0,2,2,B_POS,diabete,MOYEN
37,78.7,175,25.69,0,0,1,3,2,A_NEG,aucun,MOYEN
32,78.3,171,26.77,1,0,1,2,2,AB_NEG,diabete,MOYEN
36,52.9,154,22.32,0,0,1,3,1,AB_NEG,aucun,MOYEN
28,80.8,180,24.94,0,1,1,2,1,B_NEG,hypertension,MOYEN
32,89.2,179,27.85,0,0,1,2,2,AB_NEG,aucun,MOYEN
35,76.6,162,29.2,1,1,0,3,2,O_POS,diabete_hypertension,MOYEN
33,72.8,159,28.8,0,1,1,2,2,A_NEG,hypertension,MOYEN
37,90.6,174,29.93,0,0,0,3,2,O_POS,aucun,MOYEN
34,63.5,160,24.81,0,0,1,2,1,O_NEG,aucun,MOYEN
36,70.3,177,22.45,0,0,1,3,1,A_NEG,aucun,MOYEN
35,87.3,174,28.83,0,0,1,3,2,AB_NEG,aucun,MOYEN
33,68.0,164,25.27,0,0,1,2,2,O_NEG,aucun,MOYEN
34,90.9,176,29.36,1,0,1,2,2,AB_NEG,diabete,MOYEN
36,59.6,153,25.45,0,0,1,3,2,O_NEG,aucun,MOYEN
32,68.7,176,22.19,0,0,1,2,1,AB_NEG,aucun,MOYEN
35,62.4,162,23.78,0,0,1,3,1,A_NEG,aucun,MOYEN
35,90.1,179,28.13,0,0,0,3,2,O_POS,aucun,MOYEN
37,76.2,180,23.52,0,1,0,3,1,A_POS,hypertension,MOYEN
36,49.5,150,22.01,0,0,1,3,1,O_NEG,aucun,MOYEN
33,67.0,154,28.26,0,0,1,2,2,O_NEG,aucun,MOYEN
31,95.4,181,29.12,0,0,1,2,2,O_NEG,aucun,MOYEN
30,57.8,159,22.85,0,0,0,2,1,O_POS,aucun,MOYEN
29,55.2,158,22.1,1,0,1,2,1,A_NEG,diabete,MOYEN
30,57.4,155,23.88,0,0,1,2,1,AB_NEG,aucun,MOYEN
37,70.2,176,22.68,1,1,0,3,1,AB_POS,diabete_hypertension,MOYEN
35,75.8,170,26.22,0,0,0,3,2,B_POS,aucun,MOYEN
37,62.7,155,26.12,0,0,1,3,2,AB_NEG,aucun,MOYEN
32,69.0,171,23.61,0,0,0,2,1,A_POS,aucun,MOYEN
34,62.4,159,24.7,0,1,1,2,1,O_NEG,hypertension,MOYEN
34,86.5,174,28.58,1,1,1,2,2,B_NEG,diabete_hypertension,MOYEN
31,72.0,161,27.76,0,0,1,2,2,A_NEG,aucun,MOYEN
35,87.6,173,29.27,0,0,1,3,2,O_NEG,aucun,MOYEN
33,62.8,159,24.86,0,0,0,2,1,AB_POS,aucun,MOYEN
29,91.1,181,27.81,0,0,1,2,2,A_NEG,aucun,MOYEN
31,66.1,159,26.13,1,1,0,2,2,O_POS,diabete_hypertension,MOYEN
36,77.5,173,25.9,0,0,0,3,2,B_POS,aucun,MOYEN
29,58.9,160,23.02,0,0,0,2,1,AB_POS,aucun,MOYEN
34,67.5,154,28.48,0,1,0,2,2,AB_POS,hypertension,MOYEN
33,54.4,156,22.33,0,0,1,2,1,O_NEG,aucun,MOYEN
37,88.6,175,28.92,1,0,1,3,2,O_NEG,diabete,MOYEN
35,66.0,156,27.11,0,0,0,3,2,O_POS,aucun,MOYEN
29,90.9,180,28.05,0,1,0,2,2,A_POS,hypertension,MOYEN
34,86.7,174,28.63,1,0,1,2,2,A_NEG,diabete,MOYEN
37,56.1,155,23.36,0,1,0,3,1,O_POS,hypertension,MOYEN
31,74.5,162,28.38,1,1,0,2,2,A_POS,diabete_hypertension,MOYEN
37,82.7,168,29.29,0,0,0,3,2,O_POS,aucun,MOYEN
31,57.5,160,22.45,0,1,0,2,1,AB_POS,hypertension,MOYEN
28,80.3,171,27.45,1,1,0,2,2,O_POS,diabete_hypertension,MOYEN
32,89.0,179,27.77,1,0,0,2,2,B_POS,diabete,MOYEN
31,81.1,166,29.43,0,0,0,2,2,A_POS,aucun,MOYEN
34,57.8,152,25.01,0,0,1,2,2,A_NEG,aucun,MOYEN
28,74.4,161,28.69,0,0,1,2,2,O_NEG,aucun,MOYEN
31,66.8,172,22.59,1,0,0,2,1,A_POS,diabete,MOYEN
35,83.3,177,26.6,0,0,0,3,2,O_POS,aucun,MOYEN
33,68.5,163,25.77,0,1,0,2,2,A_POS,hypertension,MOYEN
32,71.8,158,28.78,1,0,1,2,2,A_NEG,diabete,MOYEN
30,70.5,165,25.9,0,0,1,2,2,AB_NEG,aucun,MOYEN
35,65.2,164,24.24,0,1,0,3,1,B_POS,hypertension,MOYEN
35,75.8,160,29.61,0,0,1,3,2,A_NEG,aucun,MOYEN
28,94.7,180,29.24,1,0,1,2,2,B_NEG,diabete,MOYEN
36,74.5,177,23.77,1,0,1,3,1,O_NEG,diabete,MOYEN
37,51.6,151,22.62,1,0,1,3,1,A_NEG,diabete,MOYEN
28,73.8,181,22.54,0,0,0,2,1,A_POS,aucun,MOYEN
29,85.7,179,26.75,0,1,0,2,2,B_POS,hypertension,MOYEN
35,71.6,159,28.32,1,0,0,3,2,AB_POS,diabete,MOYEN
35,54.7,150,24.33,0,0,1,3,1,AB_NEG,aucun,MOYEN
31,70.0,170,24.24,0,0,1,2,1,B_NEG,aucun,MOYEN
30,71.8,177,22.93,0,1,0,2,1,B_POS,hypertension,MOYEN
32,57.7,156,23.72,1,1,0,2,1,O_POS,diabete_hypertension,MOYEN
33,77.1,179,24.05,1,0,0,2,1,A_POS,diabete,MOYEN
33,69.1,175,22.58,0,0,1,2,1,AB_NEG,aucun,MOYEN
34,72.7,177,23.21,1,0,1,2,1,B_NEG,diabete,MOYEN
37,81.0,174,26.77,0,1,0,3,2,B_POS,hypertension,MOYEN
31,85.6,170,29.62,0,1,0,2,2,B_POS,hypertension,MOYEN
35,83.6,179,26.1,0,0,0,3,2,O_POS,aucun,MOYEN
28,77.3,181,23.6,0,0,1,2,1,A_NEG,aucun,MOYEN
32,80.5,173,26.89,0,1,1,2,2,A_NEG,hypertension,MOYEN
36,69.4,163,26.13,0,0,1,3,2,O_NEG,aucun,MOYEN
33,94.0,181,28.7,0,1,0,2,2,AB_POS,hypertension,MOYEN
31,77.8,178,24.56,0,0,0,2,1,O_POS,aucun,MOYEN
31,68.6,152,29.69,0,0,1,2,2,A_NEG,aucun,MOYEN
31,69.8,154,29.44,0,1,0,2,2,O_POS,hypertension,MOYEN
28,66.3,160,25.89,1,0,0,2,2,B_POS,diabete,MOYEN
28,81.2,167,29.12,1,1,0,2,2,AB_POS,diabete_hypertension,MOYEN
31,74.0,163,27.86,0,0,0,2,2,AB_POS,aucun,MOYEN
36,79.7,172,26.94,0,0,0,3,2,A_POS,aucun,MOYEN
34,70.1,157,28.44,0,0,1,2,2,O_NEG,aucun,MOYEN
30,88.6,173,29.61,0,1,0,2,2,O_POS,hypertension,MOYEN
34,60.0,162,22.88,1,0,0,2,1,B_POS,diabete,MOYEN
37,56.5,151,24.78,0,1,0,3,1,AB_POS,hypertension,MOYEN
36,55.7,156,22.91,0,0,1,3,1,B_NEG,aucun,MOYEN
31,67.3,164,25.02,0,0,1,2,2,A_NEG,aucun,MOYEN
36,91.9,178,28.99,0,1,0,3,2,AB_POS,hypertension,MOYEN
33,73.4,180,22.65,0,0,0,2,1,AB_POS,aucun,MOYEN
31,80.9,177,25.83,1,0,0,2,2,O_POS,diabete,MOYEN
28,75.0,181,22.9,0,0,1,2,1,AB_NEG,aucun,MOYEN
36,62.4,167,22.37,0,1,1,3,1,A_NEG,hypertension,MOYEN
37,73.3,165,26.94,0,0,1,3,2,O_NEG,aucun,MOYEN
34,67.2,160,26.24,0,0,0,2,2,AB_POS,aucun,MOYEN
29,53.7,152,23.23,1,0,0,2,1,AB_POS,diabete,MOYEN
32,96.8,181,29.54,0,1,0,2,2,B_POS,hypertension,MOYEN
36,79.4,169,27.81,0,1,1,3,2,A_NEG,hypertension,MOYEN
35,68.1,164,25.31,0,0,1,3,2,A_NEG,aucun,MOYEN
28,73.2,158,29.31,0,1,0,2,2,AB_POS,hypertension,MOYEN
33,64.1,166,23.26,0,0,1,2,1,A_NEG,aucun,MOYEN
36,57.1,154,24.08,0,1,0,3,1,B_POS,hypertension,MOYEN
34,70.6,175,23.04,1,1,1,2,1,A_NEG,diabete_hypertension,MOYEN
30,77.6,176,25.04,0,1,1,2,2,B_NEG,hypertension,MOYEN
34,92.6,181,28.28,1,1,1,2,2,B_NEG,diabete_hypertension,MOYEN
35,72.3,171,24.74,0,0,0,3,1,A_POS,aucun,MOYEN
28,90.7,176,29.28,0,0,0,2,2,O_POS,aucun,MOYEN
34,71.1,155,29.6,0,0,1,2,2,A_NEG,aucun,MOYEN
36,60.9,152,26.36,0,0,0,3,2,B_POS,aucun,MOYEN
28,70.8,163,26.64,0,0,1,2,2,A_NEG,aucun,MOYEN
28,57.3,152,24.8,0,0,1,2,1,AB_NEG,aucun,MOYEN
31,76.5,168,27.11,1,0,1,2,2,B_NEG,diabete,MOYEN
34,68.0,165,24.97,0,0,1,2,1,AB_NEG,aucun,MOYEN
29,93.4,178,29.47,0,0,0,2,2,A_POS,aucun,MOYEN
37,67.4,151,29.57,1,0,0,3,2,B_POS,diabete,MOYEN
31,65.9,157,26.75,0,0,1,2,2,O_NEG,aucun,MOYEN
29,66.1,155,27.53,0,0,0,2,2,A_POS,aucun,MOYEN
34,72.1,173,24.09,0,1,0,2,1,AB_POS,hypertension,MOYEN
30,64.0,150,28.44,1,0,1,2,2,A_NEG,diabete,MOYEN
37,56.1,156,23.06,0,1,0,3,1,AB_POS,hypertension,MOYEN
37,80.1,178,25.28,0,1,1,3,2,AB_NEG,hypertension,MOYEN
28,62.8,167,22.51,0,0,1,2,1,O_NEG,aucun,MOYEN
31,67.8,155,28.22,0,1,0,2,2,AB_POS,hypertension,MOYEN
32,58.6,156,24.06,0,0,0,2,1,B_POS,aucun,MOYEN
36,91.7,181,27.98,1,0,1,3,2,B_NEG,diabete,MOYEN
36,63.1,161,24.34,0,0,0,3,1,A_POS,aucun,MOYEN
31,82.9,171,28.36,1,0,0,2,2,A_POS,diabete,MOYEN
35,62.2,164,23.12,1,1,0,3,1,A_POS,diabete_hypertension,MOYEN
29,78.8,178,24.88,0,1,1,2,1,O_NEG,hypertension,MOYEN
35,59.6,155,24.82,0,0,1,3,1,B_NEG,aucun,MOYEN
33,77.3,171,26.42,1,1,0,2,2,B_POS,diabete_hypertension,MOYEN
28,64.5,171,22.05,0,0,1,2,1,O_NEG,aucun,MOYEN
33,82.8,178,26.15,0,0,1,2,2,A_NEG,aucun,MOYEN
37,97.7,181,29.83,1,0,0,3,2,O_POS,diabete,MOYEN
31,60.1,158,24.06,0,1,0,2,1,AB_POS,hypertension,MOYEN
37,91.9,181,28.05,1,0,1,3,2,O_NEG,diabete,MOYEN
28,90.4,176,29.2,0,0,0,2,2,A_POS,aucun,MOYEN
30,72.1,172,24.36,0,1,1,2,1,O_NEG,hypertension,MOYEN
32,65.9,154,27.79,0,1,0,2,2,A_POS,hypertension,MOYEN
37,65.3,165,23.97,1,0,0,3,1,B_POS,diabete,MOYEN
34,61.9,164,23.02,0,1,0,2,1,A_POS,hypertension,MOYEN
33,86.4,173,28.85,0,0,0,2,2,A_POS,aucun,MOYEN
36,71.9,167,25.79,0,0,0,3,2,AB_POS,aucun,MOYEN
31,62.3,150,27.7,0,0,0,2,2,O_POS,aucun,MOYEN
33,71.8,178,22.67,0,0,1,2,1,O_NEG,aucun,MOYEN
28,60.6,153,25.89,0,0,1,2,2,AB_NEG,aucun,MOYEN
30,71.9,168,25.46,0,1,1,2,2,B_NEG,hypertension,MOYEN
34,65.8,152,28.47,1,0,0,2,2,B_POS,diabete,MOYEN
35,63.7,165,23.39,1,0,0,3,1,B_POS,diabete,MOYEN
33,77.2,180,23.83,1,0,0,2,1,AB_POS,diabete,MOYEN
36,68.3,161,26.35,0,0,0,3,2,B_POS,aucun,MOYEN
33,86.9,176,28.06,0,0,1,2,2,B_NEG,aucun,MOYEN
36,59.8,157,24.27,0,1,0,3,1,O_POS,hypertension,MOYEN
35,71.8,160,28.05,0,0,1,3,2,B_NEG,aucun,MOYEN
29,90.4,177,28.84,0,1,0,2,2,B_POS,hypertension,MOYEN
35,82.8,172,27.98,0,0,1,3,2,AB_NEG,aucun,MOYEN
29,86.0,174,28.4,1,0,1,2,2,O_NEG,diabete,MOYEN
32,59.7,154,25.17,0,0,1,2,2,B_NEG,aucun,MOYEN
29,60.6,155,25.24,0,0,0,2,2,B_POS,aucun,MOYEN
30,82.3,169,28.83,1,0,1,2,2,A_NEG,diabete,MOYEN
37,88.9,173,29.7,1,0,0,3,2,AB_POS,diabete,MOYEN
31,77.6,175,25.35,1,1,1,2,2,B_NEG,diabete_hypertension,MOYEN
31,89.1,180,27.51,0,0,1,2,2,AB_NEG,aucun,MOYEN
33,77.1,167,27.66,0,0,1,2,2,A_NEG,aucun,MOYEN
33,79.6,177,25.41,0,0,0,2,2,AB_POS,aucun,MOYEN
29,80.9,181,24.7,0,0,0,2,1,AB_POS,aucun,MOYEN
30,75.0,178,23.68,0,0,0,2,1,A_POS,aucun,MOYEN
29,94.8,181,28.93,0,1,1,2,2,B_NEG,hypertension,MOYEN
30,70.1,155,29.16,1,0,1,2,2,AB_NEG,diabete,MOYEN
35,66.2,157,26.85,0,0,1,3,2,A_NEG,aucun,MOYEN
30,69.0,160,26.97,1,0,1,2,2,AB_NEG,diabete,MOYEN
29,83.7,177,26.72,0,1,0,2,2,AB_POS,hypertension,MOYEN
32,61.4,156,25.25,1,0,1,2,2,B_NEG,diabete,MOYEN
35,69.7,167,24.99,0,1,1,3,1,AB_NEG,hypertension,MOYEN
31,79.0,178,24.94,1,0,1,2,1,O_NEG,diabete,MOYEN
35,92.8,176,29.95,1,0,1,3,2,B_NEG,diabete,MOYEN
37,64.6,161,24.93,0,0,0,3,1,O_POS,aucun,MOYEN
29,88.1,173,29.43,0,1,0,2,2,A_POS,hypertension,MOYEN
33,74.2,171,25.37,1,0,1,2,2,O_NEG,diabete,MOYEN
28,76.7,169,26.86,1,0,1,2,2,AB_NEG,diabete,MOYEN
28,91.7,180,28.29,1,0,0,2,2,O_POS,diabete,MOYEN
32,56.0,151,24.55,0,0,0,2,1,B_POS,aucun,MOYEN
31,58.9,158,23.59,0,0,1,2,1,B_NEG,aucun,MOYEN
35,81.8,179,25.52,0,0,0,3,2,O_POS,aucun,MOYEN
31,75.1,167,26.92,1,0,1,2,2,AB_NEG,diabete,MOYEN
31,57.3,150,25.47,0,0,0,2,2,A_POS,aucun,MOYEN
36,66.7,157,27.06,0,0,0,3,2,B_POS,aucun,MOYEN
36,77.6,169,27.18,0,0,1,3,2,B_NEG,aucun,MOYEN
31,63.0,160,24.6,0,0,1,2,1,B_NEG,aucun,MOYEN
31,76.0,169,26.62,0,0,0,2,2,A_POS,aucun,MOYEN
35,82.1,181,25.06,0,1,0,3,2,A_POS,hypertension,MOYEN
34,80.4,173,26.86,0,0,1,2,2,B_NEG,aucun,MOYEN
30,72.4,157,29.37,1,0,1,2,2,A_NEG,diabete,MOYEN
34,79.2,167,28.41,0,0,1,2,2,B_NEG,aucun,MOYEN
33,49.9,150,22.16,0,1,0,2,1,O_POS,hypertension,MOYEN
34,77.8,181,23.75,0,1,0,2,1,A_POS,hypertension,MOYEN
30,77.9,167,27.95,0,0,0,2,2,AB_POS,aucun,MOYEN
31,67.7,157,27.46,0,0,0,2,2,B_POS,aucun,MOYEN
32,65.8,157,26.69,1,0,0,2,2,A_POS,diabete,MOYEN
29,70.9,163,26.7,0,0,0,2,2,AB_POS,aucun,MOYEN
36,77.0,162,29.36,0,1,0,3,2,O_POS,hypertension,MOYEN
37,71.7,177,22.89,0,0,1,3,1,O_NEG,aucun,MOYEN
36,69.9,157,28.38,0,0,1,3,2,AB_NEG,aucun,MOYEN
33,79.4,172,26.84,0,1,0,2,2,A_POS,hypertension,MOYEN
34,68.4,171,23.4,1,0,0,2,1,O_POS,diabete,MOYEN
28,80.1,177,25.56,1,1,0,2,2,A_POS,diabete_hypertension,MOYEN
29,87.9,180,27.13,0,0,0,2,2,B_POS,aucun,MOYEN
35,64.1,170,22.17,1,1,1,3,1,A_NEG,diabete_hypertension,MOYEN
29,87.3,172,29.52,1,1,1,2,2,A_NEG,diabete_hypertension,MOYEN
31,69.5,156,28.57,0,1,0,2,2,AB_POS,hypertension,MOYEN
33,87.5,173,29.22,0,0,0,2,2,AB_POS,aucun,MOYEN
33,61.6,156,25.32,0,1,1,2,2,AB_NEG,hypertension,MOYEN
30,78.6,173,26.26,0,0,0,2,2,O_POS,aucun,MOYEN
34,92.0,179,28.7,0,0,1,2,2,B_NEG,aucun,MOYEN
31,86.1,179,26.86,0,0,0,2,2,O_POS,aucun,MOYEN
35,82.9,168,29.36,0,0,0,3,2,B_POS,aucun,MOYEN
36,93.4,177,29.81,0,0,1,3,2,A_NEG,aucun,MOYEN
29,79.9,164,29.72,0,0,0,2,2,O_POS,aucun,MOYEN
32,80.5,177,25.71,0,1,1,2,2,AB_NEG,hypertension,MOYEN
32,51.9,151,22.78,0,0,1,2,1,B_NEG,aucun,MOYEN
31,92.8,181,28.34,1,0,1,2,2,O_NEG,diabete,MOYEN
33,78.9,172,26.67,0,0,0,2,2,O_POS,aucun,MOYEN
35,92.5,176,29.86,0,0,0,3,2,B_POS,aucun,MOYEN
31,58.7,150,26.1,0,0,0,2,2,AB_POS,aucun,MOYEN
35,80.0,177,25.54,0,0,0,3,2,O_POS,aucun,MOYEN
31,91.4,176,29.52,1,0,0,2,2,O_POS,diabete,MOYEN
29,66.4,161,25.63,1,1,1,2,2,A_NEG,diabete_hypertension,MOYEN
30,71.8,162,27.37,0,0,0,2,2,O_POS,aucun,MOYEN
28,66.1,155,27.51,0,0,0,2,2,O_POS,aucun,MOYEN
33,54.8,155,22.83,0,0,1,2,1,AB_NEG,aucun,MOYEN
35,74.7,159,29.54,0,0,1,3,2,AB_NEG,aucun,MOYEN
28,64.2,158,25.74,0,1,1,2,2,B_NEG,hypertension,MOYEN
32,79.7,167,28.57,0,1,1,2,2,AB_NEG,hypertension,MOYEN
35,68.1,169,23.84,0,1,0,3,1,AB_POS,hypertension,MOYEN
32,63.8,158,25.57,0,0,1,2,2,O_NEG,aucun,MOYEN
29,53.6,156,22.04,0,0,1,2,1,A_NEG,aucun,MOYEN
31,89.0,178,28.08,0,0,1,2,2,A_NEG,aucun,MOYEN
36,68.7,152,29.72,1,0,0,3,2,AB_POS,diabete,MOYEN
30,81.4,176,26.29,1,1,0,2,2,B_POS,diabete_hypertension,MOYEN
33,66.6,157,27.02,1,0,0,2,2,B_POS,diabete,MOYEN
33,85.2,180,26.3,0,1,0,2,2,B_POS,hypertension,MOYEN
32,75.1,174,24.8,0,1,1,2,1,A_NEG,hypertension,MOYEN
37,58.8,152,25.43,0,1,0,3,2,B_POS,hypertension,MOYEN
35,65.1,163,24.49,0,0,0,3,1,O_POS,aucun,MOYEN
31,64.5,165,23.69,0,0,1,2,1,O_NEG,aucun,MOYEN
28,57.3,154,24.18,0,0,0,2,1,B_POS,aucun,MOYEN
32,64.6,154,27.24,1,0,1,2,2,B_NEG,diabete,MOYEN
28,78.2,172,26.43,0,0,1,2,2,B_NEG,aucun,MOYEN
35,63.0,169,22.07,1,0,0,3,1,B_POS,diabete,MOYEN
37,71.9,177,22.96,0,0,1,3,1,O_NEG,aucun,MOYEN
30,77.4,167,27.76,1,0,0,2,2,B_POS,diabete,MOYEN
32,82.1,170,28.39,0,0,1,2,2,B_NEG,aucun,MOYEN
33,71.3,179,22.25,0,1,1,2,1,O_NEG,hypertension,MOYEN
33,75.3,163,28.34,0,0,0,2,2,O_POS,aucun,MOYEN
35,86.7,171,29.66,0,0,1,3,2,AB_NEG,aucun,MOYEN
36,74.8,167,26.83,0,1,0,3,2,O_POS,hypertension,MOYEN
33,72.7,170,25.14,0,0,1,2,2,O_NEG,aucun,MOYEN
29,82.4,173,27.54,0,0,1,2,2,A_NEG,aucun,MOYEN
32,71.1,173,23.74,0,1,1,2,1,B_NEG,hypertension,MOYEN
34,61.2,166,22.23,0,0,1,2,1,AB_NEG,aucun,MOYEN
32,58.5,153,24.98,1,0,1,2,1,B_NEG,diabete,MOYEN
28,64.8,156,26.64,0,0,0,2,2,AB_POS,aucun,MOYEN
35,55.4,154,23.35,1,1,1,3,1,A_NEG,diabete_hypertension,MOYEN
34,79.1,164,29.41,0,0,0,2,2,B_POS,aucun,MOYEN
37,58.7,154,24.73,1,0,0,3,1,O_POS,diabete,MOYEN
34,63.5,164,23.61,0,0,1,2,1,B_NEG,aucun,MOYEN
32,83.0,175,27.09,1,0,0,2,2,B_POS,diabete,MOYEN
33,62.5,157,25.34,0,0,1,2,2,AB_NEG,aucun,MOYEN
34,84.1,170,29.09,0,0,0,2,2,O_POS,aucun,MOYEN
34,55.2,158,22.11,0,1,0,2,1,O_POS,hypertension,MOYEN
30,60.8,162,23.18,0,1,1,2,1,B_NEG,hypertension,MOYEN
31,63.0,155,26.24,0,0,0,2,2,A_POS,aucun,MOYEN
33,70.0,163,26.33,0,1,0,2,2,B_POS,hypertension,MOYEN
37,83.3,169,29.15,0,0,0,3,2,B_POS,aucun,MOYEN
31,75.3,160,29.43,0,0,1,2,2,A_NEG,aucun,MOYEN
37,71.0,159,28.07,0,0,0,3,2,O_POS,aucun,MOYEN
30,60.4,151,26.48,1,0,0,2,2,B_POS,diabete,MOYEN
31,54.4,155,22.63,1,1,0,2,1,O_POS,diabete_hypertension,MOYEN
29,80.9,167,29.02,1,1,0,2,2,AB_POS,diabete_hypertension,MOYEN
34,91.6,178,28.92,1,0,1,2,2,AB_NEG,diabete,MOYEN
37,77.0,175,25.15,0,0,1,3,2,A_NEG,aucun,MOYEN
37,96.1,181,29.34,0,0,0,3,2,AB_POS,aucun,MOYEN
29,77.9,176,25.15,0,0,1,2,2,A_NEG,aucun,MOYEN
30,82.1,170,28.42,0,1,1,2,2,B_NEG,hypertension,MOYEN
33,73.9,169,25.89,1,1,1,2,2,AB_NEG,diabete_hypertension,MOYEN
37,59.2,159,23.41,0,0,1,3,1,AB_NEG,aucun,MOYEN
29,63.7,154,26.87,0,1,0,2,2,B_POS,hypertension,MOYEN
35,64.7,169,22.66,1,0,0,3,1,AB_POS,diabete,MOYEN
34,71.7,171,24.5,0,0,1,2,1,B_NEG,aucun,MOYEN
28,92.4,180,28.51,1,0,1,2,2,B_NEG,diabete,MOYEN
34,69.7,177,22.26,0,0,0,2,1,A_POS,aucun,MOYEN
37,50.2,150,22.31,1,1,0,3,1,O_POS,diabete_hypertension,MOYEN
32,56.5,160,22.09,0,0,0,2,1,AB_POS,aucun,MOYEN
32,59.2,156,24.34,0,0,0,2,1,O_POS,aucun,MOYEN
35,81.0,173,27.08,0,0,1,3,2,B_NEG,aucun,MOYEN
32,89.6,173,29.93,0,0,1,2,2,O_NEG,aucun,MOYEN
33,90.8,174,29.99,0,0,1,2,2,B_NEG,aucun,MOYEN
30,83.3,179,26.01,0,0,1,2,2,O_NEG,aucun,MOYEN
33,55.4,156,22.77,0,1,0,2,1,B_POS,hypertension,MOYEN
32,67.3,150,29.93,0,1,1,2,2,A_NEG,hypertension,MOYEN
33,84.2,177,26.86,0,0,0,2,2,AB_POS,aucun,MOYEN
29,74.3,168,26.31,0,1,1,2,2,AB_NEG,hypertension,MOYEN
34,90.8,177,28.97,0,1,0,2,2,B_POS,hypertension,MOYEN
33,82.2,168,29.11,0,1,1,2,2,O_NEG,hypertension,MOYEN
30,69.0,164,25.65,1,0,1,2,2,O_NEG,diabete,MOYEN
32,75.1,168,26.6,0,0,0,2,2,O_POS,aucun,MOYEN
31,70.2,164,26.12,0,0,0,2,2,B_POS,aucun,MOYEN
31,94.2,180,29.07,1,0,0,2,2,O_POS,diabete,MOYEN
31,84.1,169,29.44,0,1,1,2,2,A_NEG,hypertension,MOYEN
32,75.7,169,26.51,0,0,0,2,2,B_POS,aucun,MOYEN
32,62.0,165,22.79,1,1,0,2,1,AB_POS,diabete_hypertension,MOYEN
32,91.3,176,29.49,1,0,1,2,2,B_NEG,diabete,MOYEN
31,70.8,168,25.09,0,0,0,2,2,O_POS,aucun,MOYEN
28,75.2,160,29.36,0,0,1,2,2,O_NEG,aucun,MOYEN
36,82.4,166,29.91,0,0,0,3,2,AB_POS,aucun,MOYEN
30,57.2,155,23.79,0,1,1,2,1,O_NEG,hypertension,MOYEN
31,67.5,151,29.62,1,0,0,2,2,O_POS,diabete,MOYEN
35,79.5,164,29.58,0,0,1,3,2,A_NEG,aucun,MOYEN
31,56.9,150,25.29,1,0,1,2,2,O_NEG,diabete,MOYEN
34,66.6,155,27.71,0,0,1,2,2,O_NEG,aucun,MOYEN
29,92.0,179,28.73,0,0,0,2,2,A_POS,aucun,MOYEN
35,53.6,150,23.84,0,1,1,3,1,O_NEG,hypertension,MOYEN
35,69.1,154,29.13,1,0,0,3,2,O_POS,diabete,MOYEN
34,69.9,161,26.95,0,0,1,2,2,O_NEG,aucun,MOYEN
29,79.4,176,25.63,1,1,0,2,2,B_POS,diabete_hypertension,MOYEN
36,60.8,160,23.74,1,0,0,3,1,B_POS,diabete,MOYEN
30,86.6,174,28.6,0,0,0,2,2,O_POS,aucun,MOYEN
28,59.2,155,24.64,0,0,0,2,1,B_POS,aucun,MOYEN
29,59.8,163,22.51,0,0,0,2,1,A_POS,aucun,MOYEN
31,86.1,181,26.29,0,0,1,2,2,B_NEG,aucun,MOYEN
35,88.7,174,29.3,0,0,0,3,2,A_POS,aucun,MOYEN
32,86.1,174,28.43,0,0,1,2,2,A_NEG,aucun,MOYEN
35,76.8,176,24.78,1,1,0,3,1,A_POS,diabete_hypertension,MOYEN
34,69.9,178,22.07,0,1,1,2,1,AB_NEG,hypertension,MOYEN
36,69.9,157,28.35,0,0,0,3,2,B_POS,aucun,MOYEN
31,57.5,153,24.55,1,1,1,2,1,A_NEG,diabete_hypertension,MOYEN
28,81.0,166,29.41,0,0,1,2,2,A_NEG,aucun,MOYEN
28,76.6,177,24.46,0,1,1,2,1,O_NEG,hypertension,MOYEN
36,72.8,181,22.22,0,0,1,3,1,A_NEG,aucun,MOYEN
35,70.1,157,28.44,0,0,0,3,2,A_POS,aucun,MOYEN
35,73.1,177,23.34,1,1,1,3,1,A_NEG,diabete_hypertension,MOYEN
32,86.9,178,27.42,0,0,0,2,2,AB_POS,aucun,MOYEN
32,82.6,176,26.67,0,0,0,2,2,B_POS,aucun,MOYEN
34,69.0,163,25.98,0,0,0,2,2,O_POS,aucun,MOYEN
35,68.0,159,26.9,0,0,1,3,2,B_NEG,aucun,MOYEN
36,83.9,168,29.72,0,1,0,3,2,AB_POS,hypertension,MOYEN
30,66.2,154,27.92,0,0,0,2,2,O_POS,aucun,MOYEN
34,73.0,177,23.29,0,0,0,2,1,AB_POS,aucun,MOYEN
33,62.8,161,24.21,0,0,1,2,1,AB_NEG,aucun,MOYEN
28,60.8,164,22.59,1,0,0,2,1,A_POS,diabete,MOYEN
32,77.6,166,28.16,0,0,1,2,2,B_NEG,aucun,MOYEN
31,65.9,152,28.53,0,0,1,2,2,B_NEG,aucun,MOYEN
28,69.1,172,23.34,1,0,0,2,1,O_POS,diabete,MOYEN
36,67.6,163,25.43,1,0,0,3,2,O_POS,diabete,MOYEN
29,68.4,168,24.25,0,0,0,2,1,AB_POS,aucun,MOYEN
34,54.0,154,22.75,1,0,1,2,1,AB_NEG,diabete,MOYEN
36,70.3,167,25.19,1,0,0,3,2,O_POS,diabete,MOYEN
31,91.0,180,28.1,0,1,1,2,2,B_NEG,hypertension,MOYEN
34,71.6,157,29.03,0,0,0,2,2,B_POS,aucun,MOYEN
30,59.5,157,24.12,0,1,0,2,1,AB_POS,hypertension,MOYEN
32,85.9,174,28.36,0,0,0,2,2,A_POS,aucun,MOYEN
33,72.0,175,23.52,0,1,1,2,1,O_NEG,hypertension,MOYEN
33,78.1,168,27.67,0,0,0,2,2,O_POS,aucun,MOYEN
33,80.5,178,25.42,1,0,1,2,2,B_NEG,diabete,MOYEN
34,88.2,178,27.85,0,1,0,2,2,A_POS,hypertension,MOYEN
37,70.7,160,27.63,0,1,0,3,2,B_POS,hypertension,MOYEN
36,71.3,160,27.86,0,0,1,3,2,A_NEG,aucun,MOYEN
31,68.2,163,25.67,0,1,0,2,2,B_POS,hypertension,MOYEN
33,73.8,161,28.49,0,1,0,2,2,B_POS,hypertension,MOYEN
37,65.4,156,26.88,0,0,1,3,2,A_NEG,aucun,MOYEN
32,92.7,181,28.3,0,0,1,2,2,A_NEG,aucun,MOYEN
34,88.9,177,28.38,1,0,1,2,2,A_NEG,diabete,MOYEN
35,85.1,173,28.44,1,0,1,3,2,A_NEG,diabete,MOYEN
37,72.4,176,23.37,1,0,1,3,1,O_NEG,diabete,MOYEN
29,62.8,166,22.77,0,0,1,2,1,O_NEG,aucun,MOYEN
28,68.8,175,22.47,1,0,1,2,1,AB_NEG,diabete,MOYEN
30,69.8,175,22.79,1,1,1,2,1,AB_NEG,diabete_hypertension,MOYEN
33,59.4,164,22.09,1,0,0,2,1,B_POS,diabete,MOYEN
36,84.1,173,28.12,1,0,1,3,2,AB_NEG,diabete,MOYEN
35,65.0,168,23.03,0,0,0,3,1,O_POS,aucun,MOYEN
30,87.3,178,27.56,0,0,0,2,2,B_POS,aucun,MOYEN
29,68.2,174,22.54,1,1,0,2,1,B_POS,diabete_hypertension,MOYEN
29,62.4,162,23.79,0,0,1,2,1,B_NEG,aucun,MOYEN
32,89.3,180,27.57,0,0,1,2,2,O_NEG,aucun,MOYEN
32,57.0,151,25.01,1,0,0,2,2,O_POS,diabete,MOYEN
31,59.7,157,24.23,1,0,0,2,1,B_POS,diabete,MOYEN
32,82.8,171,28.33,0,0,0,2,2,B_POS,aucun,MOYEN
34,70.7,169,24.74,0,0,0,2,1,B_POS,aucun,MOYEN
30,68.3,154,28.82,0,1,0,2,2,A_POS,hypertension,MOYEN
31,60.4,155,25.14,1,0,0,2,2,A_POS,diabete,MOYEN
37,71.3,178,22.5,0,0,1,3,1,A_NEG,aucun,MOYEN
36,80.1,180,24.71,0,1,1,3,1,B_NEG,hypertension,MOYEN
36,83.7,174,27.63,0,0,0,3,2,AB_POS,aucun,MOYEN
28,56.6,158,22.65,1,0,0,2,1,B_POS,diabete,MOYEN
35,52.5,154,22.15,0,0,0,3,1,O_POS,aucun,MOYEN
31,69.5,174,22.97,1,0,1,2,1,B_NEG,diabete,MOYEN
29,79.1,174,26.13,1,0,1,2,2,A_NEG,diabete,MOYEN
29,69.5,161,26.81,0,1,1,2,2,B_NEG,hypertension,MOYEN
32,59.0,153,25.22,1,0,1,2,2,AB_NEG,diabete,MOYEN
34,69.1,155,28.76,0,0,0,2,2,O_POS,aucun,MOYEN
37,57.1,154,24.07,0,1,1,3,1,B_NEG,hypertension,MOYEN
34,62.3,162,23.72,0,0,0,2,1,O_POS,aucun,MOYEN
36,79.2,174,26.16,0,1,0,3,2,AB_POS,hypertension,MOYEN
37,67.8,161,26.17,0,0,1,3,2,A_NEG,aucun,MOYEN
32,68.1,171,23.27,0,1,1,2,1,B_NEG,hypertension,MOYEN
36,81.2,169,28.43,0,0,0,3,2,O_POS,aucun,MOYEN
32,64.6,166,23.44,1,0,1,2,1,O_NEG,diabete,MOYEN
31,87.6,181,26.75,0,0,0,2,2,O_POS,aucun,MOYEN
33,85.3,176,27.53,0,0,1,2,2,A_NEG,aucun,MOYEN
32,61.4,157,24.91,0,0,1,2,1,O_NEG,aucun,MOYEN
35,66.9,153,28.6,0,0,0,3,2,B_POS,aucun,MOYEN
32,67.9,154,28.62,0,0,0,2,2,O_POS,aucun,MOYEN
34,69.3,174,22.88,0,0,0,2,1,B_POS,aucun,MOYEN
37,55.0,153,23.5,1,0,1,3,1,A_NEG,diabete,MOYEN
36,74.7,175,24.38,0,0,1,3,1,O_NEG,aucun,MOYEN
30,71.9,178,22.69,0,0,0,2,1,A_POS,aucun,MOYEN
32,71.8,168,25.43,0,0,1,2,2,A_NEG,aucun,MOYEN
36,70.2,162,26.75,0,1,1,3,2,AB_NEG,hypertension,MOYEN
36,65.7,158,26.31,0,0,0,3,2,O_POS,aucun,MOYEN
35,84.6,180,26.1,1,0,0,3,2,B_POS,diabete,MOYEN
30,75.6,176,24.41,0,0,0,2,1,AB_POS,aucun,MOYEN
30,74.7,174,24.68,1,0,0,2,1,AB_POS,diabete,MOYEN
37,66.1,156,27.14,1,1,0,3,2,B_POS,diabete_hypertension,MOYEN
29,68.1,155,28.35,0,0,1,2,2,B_NEG,aucun,MOYEN
29,56.8,152,24.59,0,0,0,2,1,O_POS,aucun,MOYEN
35,70.3,157,28.52,0,0,0,3,2,B_POS,aucun,MOYEN
35,70.7,158,28.34,0,0,0,3,2,O_POS,aucun,MOYEN
28,70.6,176,22.79,0,0,0,2,1,A_POS,aucun,MOYEN
35,83.2,176,26.86,0,0,0,3,2,A_POS,aucun,MOYEN
32,73.6,176,23.75,0,1,0,2,1,A_POS,hypertension,MOYEN
36,80.7,181,24.65,0,0,0,3,1,B_POS,aucun,MOYEN
32,76.0,167,27.26,0,0,0,2,2,B_POS,aucun,MOYEN
33,93.7,178,29.57,1,0,0,2,2,A_POS,diabete,MOYEN
34,65.6,155,27.31,1,0,1,2,2,B_NEG,diabete,MOYEN
32,55.3,150,24.56,0,0,0,2,1,AB_POS,aucun,MOYEN
32,71.1,166,25.82,1,0,1,2,2,O_NEG,diabete,MOYEN
29,63.1,157,25.61,0,0,0,2,2,A_POS,aucun,MOYEN
31,60.7,157,24.64,0,0,1,2,1,AB_NEG,aucun,MOYEN
29,80.3,172,27.14,0,0,0,2,2,O_POS,aucun,MOYEN
37,55.9,158,22.38,1,0,0,3,1,O_POS,diabete,MOYEN
35,53.5,152,23.17,1,1,1,3,1,B_NEG,diabete_hypertension,MOYEN
29,65.9,170,22.82,0,0,1,2,1,O_NEG,aucun,MOYEN
28,72.8,168,25.81,0,0,0,2,2,AB_POS,aucun,MOYEN
29,88.5,179,27.61,0,1,1,2,2,AB_NEG,hypertension,MOYEN
28,82.8,179,25.86,0,1,0,2,2,B_POS,hypertension,MOYEN
34,69.7,174,23.02,1,0,1,2,1,AB_NEG,diabete,MOYEN
34,62.4,151,27.35,0,0,1,2,2,O_NEG,aucun,MOYEN
36,70.7,157,28.69,1,0,0,3,2,AB_POS,diabete,MOYEN
28,67.9,158,27.19,1,0,0,2,2,O_POS,diabete,MOYEN
29,84.3,177,26.91,1,0,1,2,2,B_NEG,diabete,MOYEN
34,85.5,176,27.6,1,1,1,2,2,AB_NEG,diabete_hypertension,MOYEN
28,63.7,162,24.27,0,0,0,2,1,A_POS,aucun,MOYEN
33,68.4,160,26.74,0,0,0,2,2,B_POS,aucun,MOYEN
33,80.7,166,29.29,1,0,0,2,2,B_POS,diabete,MOYEN
30,66.1,172,22.35,0,0,1,2,1,A_NEG,aucun,MOYEN
34,65.8,159,26.01,0,0,0,2,2,O_POS,aucun,MOYEN
29,92.3,177,29.46,1,0,0,2,2,A_POS,diabete,MOYEN
29,79.0,167,28.31,0,0,1,2,2,AB_NEG,aucun,MOYEN
31,67.3,168,23.83,0,1,0,2,1,A_POS,hypertension,MOYEN
32,69.0,173,23.06,0,0,0,2,1,O_POS,aucun,MOYEN
30,85.3,169,29.87,1,0,0,2,2,AB_POS,diabete,MOYEN
29,84.4,174,27.87,0,1,0,2,2,A_POS,hypertension,MOYEN
36,61.7,160,24.11,0,1,0,3,1,A_POS,hypertension,MOYEN
37,88.2,176,28.47,0,0,1,3,2,O_NEG,aucun,MOYEN
32,68.3,167,24.47,0,0,1,2,1,AB_NEG,aucun,MOYEN
35,71.0,156,29.18,1,1,0,3,2,O_POS,diabete_hypertension,MOYEN
34,83.7,169,29.31,0,0,0,2,2,AB_POS,aucun,MOYEN
33,74.2,170,25.66,0,0,1,2,2,B_NEG,aucun,MOYEN
30,64.5,162,24.59,0,0,1,2,1,A_NEG,aucun,MOYEN
31,79.7,167,28.56,1,0,1,2,2,B_NEG,diabete,MOYEN
32,69.8,172,23.58,0,1,0,2,1,B_POS,hypertension,MOYEN
34,81.6,181,24.92,0,0,1,2,1,B_NEG,aucun,MOYEN
30,57.5,152,24.88,0,0,1,2,1,AB_NEG,aucun,MOYEN
28,82.5,171,28.22,0,1,0,2,2,O_POS,hypertension,MOYEN
37,75.0,171,25.65,0,0,1,3,2,B_NEG,aucun,MOYEN
31,89.1,179,27.81,0,0,0,2,2,O_POS,aucun,MOYEN
36,82.9,173,27.71,0,0,0,3,2,B_POS,aucun,MOYEN
37,93.2,180,28.78,0,0,1,3,2,AB_NEG,aucun,MOYEN
35,74.6,181,22.76,0,0,1,3,1,A_NEG,aucun,MOYEN
34,90.5,181,27.64,0,0,0,2,2,O_POS,aucun,MOYEN
32,63.9,164,23.75,1,0,0,2,1,O_POS,diabete,MOYEN
28,66.5,150,29.54,1,0,1,2,2,B_NEG,diabete,MOYEN
33,91.8,181,28.03,1,0,1,2,2,AB_NEG,diabete,MOYEN
32,79.4,172,26.83,1,0,0,2,2,A_POS,diabete,MOYEN
37,93.3,181,28.49,0,1,1,3,2,O_NEG,hypertension,MOYEN
28,82.5,167,29.59,1,0,1,2,2,A_NEG,diabete,MOYEN
37,88.1,174,29.11,0,1,1,3,2,AB_NEG,hypertension,MOYEN
35,65.4,153,27.93,0,1,1,3,2,B_NEG,hypertension,MOYEN
32,64.8,156,26.63,1,0,1,2,2,O_NEG,diabete,MOYEN
28,74.1,171,25.35,1,1,0,2,2,B_POS,diabete_hypertension,MOYEN
29,61.6,166,22.34,0,0,1,2,1,O_NEG,aucun,MOYEN
33,72.9,178,23.0,0,0,1,2,1,AB_NEG,aucun,MOYEN
34,61.7,162,23.52,1,0,1,2,1,O_NEG,diabete,MOYEN
37,71.6,168,25.35,0,0,0,3,2,AB_POS,aucun,MOYEN
37,61.3,159,24.24,0,1,1,3,1,O_NEG,hypertension,MOYEN
34,63.7,159,25.2,0,0,0,2,2,A_POS,aucun,MOYEN
28,65.2,160,25.47,0,0,0,2,2,O_POS,aucun,MOYEN
36,51.1,151,22.41,1,0,0,3,1,A_POS,diabete,MOYEN
29,54.0,156,22.21,1,0,1,2,1,AB_NEG,diabete,MOYEN
34,72.2,175,23.57,1,0,1,2,1,AB_NEG,diabete,MOYEN
36,71.8,180,22.15,1,0,0,3,1,AB_POS,diabete,MOYEN
30,72.4,164,26.93,0,1,1,2,2,B_NEG,hypertension,MOYEN
30,58.4,157,23.71,0,0,0,2,1,O_POS,aucun,MOYEN
37,61.4,151,26.94,1,0,0,3,2,AB_POS,diabete,MOYEN
30,73.8,158,29.57,0,0,0,2,2,AB_POS,aucun,MOYEN
35,66.3,157,26.88,0,0,0,3,2,O_POS,aucun,MOYEN
31,66.1,157,26.82,0,1,1,2,2,O_NEG,hypertension,MOYEN
34,71.2,178,22.46,1,0,1,2,1,AB_NEG,diabete,MOYEN
37,96.5,180,29.77,0,1,1,3,2,B_NEG,hypertension,MOYEN
30,87.2,179,27.22,0,0,1,2,2,AB_NEG,aucun,MOYEN
30,85.6,175,27.94,1,0,1,2,2,O_NEG,diabete,MOYEN
32,67.8,166,24.61,0,0,0,2,1,A_POS,aucun,MOYEN
37,80.6,178,25.44,1,0,0,3,2,O_POS,diabete,MOYEN
31,68.3,158,27.38,0,0,1,2,2,AB_NEG,aucun,MOYEN
32,88.4,179,27.6,1,0,0,2,2,A_POS,diabete,MOYEN
29,94.9,181,28.97,1,0,1,2,2,AB_NEG,diabete,MOYEN
34,80.8,168,28.61,0,0,0,2,2,AB_POS,aucun,MOYEN
37,64.3,160,25.13,1,0,0,3,2,B_POS,diabete,MOYEN
34,61.2,150,27.22,0,1,0,2,2,AB_POS,hypertension,MOYEN
30,54.3,155,22.59,0,0,0,2,1,B_POS,aucun,MOYEN
28,61.9,152,26.79,0,1,0,2,2,AB_POS,hypertension,MOYEN
29,61.9,152,26.77,0,0,0,2,2,AB_POS,aucun,MOYEN
36,74.3,165,27.29,0,0,0,3,2,A_POS,aucun,MOYEN
37,65.6,150,29.16,0,0,1,3,2,B_NEG,aucun,MOYEN
35,71.7,171,24.53,0,0,1,3,1,B_NEG,aucun,MOYEN
32,68.3,151,29.95,0,1,1,2,2,O_NEG,hypertension,MOYEN
34,80.4,179,25.08,0,0,1,2,2,A_NEG,aucun,MOYEN
37,77.8,162,29.66,0,0,1,3,2,AB_NEG,aucun,MOYEN
28,92.1,181,28.1,1,0,1,2,2,A_NEG,diabete,MOYEN
29,69.1,156,28.38,0,0,0,2,2,AB_POS,aucun,MOYEN
31,85.4,177,27.25,0,0,1,2,2,AB_NEG,aucun,MOYEN
37,63.4,166,23.01,0,1,1,3,1,A_NEG,hypertension,MOYEN
30,67.6,154,28.49,0,0,1,2,2,B_NEG,aucun,MOYEN
35,65.8,172,22.25,0,0,0,3,1,B_POS,aucun,MOYEN
33,68.5,162,26.1,1,0,1,2,2,B_NEG,diabete,MOYEN
28,64.4,160,25.14,0,0,0,2,2,B_POS,aucun,MOYEN
33,96.8,180,29.87,0,0,0,2,2,O_POS,aucun,MOYEN
34,57.2,160,22.35,0,1,1,2,1,O_NEG,hypertension,MOYEN
35,75.0,180,23.15,0,0,0,3,1,O_POS,aucun,MOYEN
36,74.7,175,24.39,0,0,1,3,1,O_NEG,aucun,MOYEN
37,76.1,172,25.72,0,0,1,3,2,AB_NEG,aucun,MOYEN
36,67.6,155,28.12,1,0,0,3,2,O_POS,diabete,MOYEN
36,66.4,164,24.68,0,1,1,3,1,B_NEG,hypertension,MOYEN
36,53.6,154,22.61,0,1,1,3,1,A_NEG,hypertension,MOYEN
29,82.0,175,26.79,1,0,0,2,2,AB_POS,diabete,MOYEN
36,68.6,175,22.39,0,0,0,3,1,A_POS,aucun,MOYEN
32,72.3,163,27.2,0,0,0,2,2,AB_POS,aucun,MOYEN
36,58.5,162,22.28,1,0,1,3,1,O_NEG,diabete,MOYEN
34,56.0,153,23.91,0,0,1,2,1,B_NEG,aucun,MOYEN
31,75.6,176,24.42,0,1,0,2,1,A_POS,hypertension,MOYEN
33,75.8,173,25.32,0,0,0,2,2,B_POS,aucun,MOYEN
36,57.5,158,23.05,0,0,1,3,1,A_NEG,aucun,MOYEN
28,65.5,160,25.58,0,0,1,2,2,B_NEG,aucun,MOYEN
28,78.9,172,26.68,0,0,1,2,2,A_NEG,aucun,MOYEN
30,73.2,177,23.37,0,1,0,2,1,B_POS,hypertension,MOYEN
28,66.1,156,27.17,1,0,0,2,2,A_POS,diabete,MOYEN
30,61.4,158,24.61,0,1,0,2,1,A_POS,hypertension,MOYEN
33,65.1,151,28.56,0,1,1,2,2,O_NEG,hypertension,MOYEN
34,74.8,161,28.87,0,0,0,2,2,O_POS,aucun,MOYEN
36,58.7,156,24.12,0,0,0,3,1,A_POS,aucun,MOYEN
29,78.0,168,27.63,0,0,1,2,2,O_NEG,aucun,MOYEN
30,75.9,165,27.88,1,0,1,2,2,O_NEG,diabete,MOYEN
31,68.2,156,28.03,0,0,0,2,2,A_POS,aucun,MOYEN
31,81.1,169,28.38,0,1,0,2,2,B_POS,hypertension,MOYEN
30,85.5,174,28.24,0,0,1,2,2,B_NEG,aucun,MOYEN
32,80.5,166,29.21,1,0,0,2,2,B_POS,diabete,MOYEN
31,84.3,172,28.49,0,1,1,2,2,AB_NEG,hypertension,MOYEN
31,53.0,155,22.08,1,1,0,2,1,A_POS,diabete_hypertension,MOYEN
30,62.7,165,23.05,0,1,1,2,1,A_NEG,hypertension,MOYEN
29,84.2,169,29.47,0,0,1,2,2,B_NEG,aucun,MOYEN
30,77.2,170,26.71,0,0,1,2,2,B_NEG,aucun,MOYEN
32,63.8,152,27.6,1,0,1,2,2,B_NEG,diabete,MOYEN
32,67.8,169,23.74,0,0,0,2,1,AB_POS,aucun,MOYEN
34,71.0,179,22.17,0,1,0,2,1,O_POS,hypertension,MOYEN
32,89.1,173,29.76,0,1,0,2,2,A_POS,hypertension,MOYEN
32,75.5,165,27.72,0,0,1,2,2,B_NEG,aucun,MOYEN
30,73.9,160,28.86,0,0,1,2,2,A_NEG,aucun,MOYEN
32,82.8,179,25.84,1,1,0,2,2,A_POS,diabete_hypertension,MOYEN
37,77.5,172,26.2,0,1,0,3,2,AB_POS,hypertension,MOYEN
33,82.6,178,26.07,0,1,0,2,2,A_POS,hypertension,MOYEN
30,71.6,172,24.2,1,0,1,2,1,A_NEG,diabete,MOYEN
32,58.0,154,24.47,1,0,1,2,1,AB_NEG,diabete,MOYEN
35,75.4,173,25.2,1,1,1,3,2,B_NEG,diabete_hypertension,MOYEN
35,68.0,152,29.44,1,0,0,3,2,A_POS,diabete,MOYEN
32,79.9,180,24.67,0,1,1,2,1,B_NEG,hypertension,MOYEN
28,58.2,150,25.87,1,1,1,2,2,O_NEG,diabete_hypertension,MOYEN
31,63.6,168,22.53,0,0,0,2,1,B_POS,aucun,MOYEN
34,58.3,150,25.91,1,0,1,2,2,O_NEG,diabete,MOYEN
28,75.3,180,23.24,0,0,0,2,1,B_POS,aucun,MOYEN
36,69.8,163,26.29,0,1,1,3,2,AB_NEG,hypertension,MOYEN
36,75.8,172,25.63,0,0,0,3,2,AB_POS,aucun,MOYEN
33,91.6,177,29.24,0,0,1,2,2,AB_NEG,aucun,MOYEN
34,59.3,162,22.59,0,0,0,2,1,A_POS,aucun,MOYEN
35,74.5,162,28.37,0,0,0,3,2,AB_POS,aucun,MOYEN
28,84.2,181,25.71,1,0,0,2,2,AB_POS,diabete,MOYEN
29,72.4,177,23.11,0,0,0,2,1,O_POS,aucun,MOYEN
37,89.4,179,27.91,1,0,1,3,2,A_NEG,diabete,MOYEN
37,61.4,155,25.55,0,1,0,3,2,AB_POS,hypertension,MOYEN
28,74.6,168,26.42,1,0,0,2,2,O_POS,diabete,MOYEN
31,76.5,169,26.79,0,0,1,2,2,O_NEG,aucun,MOYEN
30,57.2,159,22.63,0,0,0,2,1,AB_POS,aucun,MOYEN
32,68.4,172,23.12,0,0,1,2,1,AB_NEG,aucun,MOYEN
33,72.3,159,28.59,0,0,0,2,2,A_POS,aucun,MOYEN
34,74.3,179,23.19,1,0,0,2,1,B_POS,diabete,MOYEN
29,79.3,180,24.49,0,1,1,2,1,O_NEG,hypertension,MOYEN
28,71.2,178,22.46,0,0,0,2,1,A_POS,aucun,MOYEN
32,77.6,169,27.18,0,0,1,2,2,A_NEG,aucun,MOYEN
35,59.3,151,26.0,1,0,0,3,2,B_POS,diabete,MOYEN
37,73.5,157,29.81,0,0,0,3,2,B_POS,aucun,MOYEN
31,53.3,152,23.07,0,1,1,2,1,O_NEG,hypertension,MOYEN
28,89.7,177,28.65,1,0,0,2,2,A_POS,diabete,MOYEN
28,79.8,178,25.2,0,0,1,2,2,AB_NEG,aucun,MOYEN
33,68.8,161,26.52,0,0,1,2,2,AB_NEG,aucun,MOYEN
29,66.2,165,24.3,1,0,0,2,1,A_POS,diabete,MOYEN
28,69.1,174,22.82,0,1,0,2,1,A_POS,hypertension,MOYEN
36,87.7,179,27.37,0,0,0,3,2,AB_POS,aucun,MOYEN
31,61.0,151,26.74,0,0,0,2,2,AB_POS,aucun,MOYEN
30,74.6,166,27.08,0,0,1,2,2,AB_NEG,aucun,MOYEN
34,56.4,158,22.57,1,0,1,2,1,B_NEG,diabete,MOYEN
35,65.9,169,23.07,0,1,0,3,1,A_POS,hypertension,MOYEN
28,68.5,174,22.63,0,1,1,2,1,AB_NEG,hypertension,MOYEN
37,61.6,163,23.18,0,1,1,3,1,O_NEG,hypertension,MOYEN
36,77.3,168,27.37,1,1,1,3,2,B_NEG,diabete_hypertension,MOYEN
34,62.1,154,26.19,0,0,1,2,2,A_NEG,aucun,MOYEN
33,61.9,162,23.57,0,1,1,2,1,B_NEG,hypertension,MOYEN
34,73.9,158,29.6,0,0,0,2,2,AB_POS,aucun,MOYEN
28,73.0,156,29.99,1,0,0,2,2,AB_POS,diabete,MOYEN
28,60.0,151,26.32,0,0,0,2,2,A_POS,aucun,MOYEN
30,55.3,158,22.15,0,0,1,2,1,A_NEG,aucun,MOYEN
37,91.6,176,29.58,0,0,0,3,2,O_POS,aucun,MOYEN
33,67.7,155,28.19,0,0,0,2,2,B_POS,aucun,MOYEN
35,77.9,178,24.57,1,0,0,3,1,O_POS,diabete,MOYEN
30,67.7,175,22.09,0,0,0,2,1,AB_POS,aucun,MOYEN
36,68.6,162,26.14,1,0,0,3,2,AB_POS,diabete,MOYEN
32,53.3,155,22.18,1,0,1,2,1,O_NEG,diabete,MOYEN
33,65.2,158,26.13,1,1,1,2,2,B_NEG,diabete_hypertension,MOYEN
37,70.0,161,27.0,0,1,0,3,2,B_POS,hypertension,MOYEN
29,60.2,157,24.41,0,0,1,2,1,A_NEG,aucun,MOYEN
34,61.6,150,27.37,0,0,1,2,2,B_NEG,aucun,MOYEN
29,56.8,152,24.58,1,0,1,2,1,AB_NEG,diabete,MOYEN
34,74.7,180,23.04,0,0,1,2,1,O_NEG,aucun,MOYEN
32,89.4,175,29.19,0,0,1,2,2,AB_NEG,aucun,MOYEN
33,60.8,156,25.0,1,1,1,2,1,AB_NEG,diabete_hypertension,MOYEN
36,57.1,150,25.39,1,0,0,3,2,O_POS,diabete,MOYEN
37,71.8,162,27.37,0,0,0,3,2,AB_POS,aucun,MOYEN
33,84.6,170,29.26,1,0,0,2,2,A_POS,diabete,MOYEN
37,62.8,156,25.81,0,0,1,3,2,AB_NEG,aucun,MOYEN
28,85.7,175,27.99,0,0,0,2,2,A_POS,aucun,MOYEN
30,58.3,159,23.07,0,1,0,2,1,B_POS,hypertension,MOYEN
34,67.0,151,29.39,1,0,0,2,2,O_POS,diabete,MOYEN
37,79.6,176,25.7,0,0,1,3,2,AB_NEG,aucun,MOYEN
30,77.3,175,25.25,0,1,1,2,2,O_NEG,hypertension,MOYEN
30,75.5,159,29.88,1,0,1,2,2,O_NEG,diabete,MOYEN
28,61.3,165,22.53,1,0,1,2,1,AB_NEG,diabete,MOYEN
28,54.4,155,22.64,0,0,1,2,1,AB_NEG,aucun,MOYEN
32,57.7,160,22.52,1,0,0,2,1,B_POS,diabete,MOYEN
31,78.8,169,27.6,1,1,0,2,2,A_POS,diabete_hypertension,MOYEN
37,77.9,178,24.57,1,1,0,3,1,AB_POS,diabete_hypertension,MOYEN
33,77.9,162,29.68,0,0,0,2,2,O_POS,aucun,MOYEN
29,69.0,169,24.16,0,0,0,2,1,AB_POS,aucun,MOYEN
31,64.2,160,25.07,0,0,0,2,2,A_POS,aucun,MOYEN
32,76.2,167,27.31,0,0,1,2,2,AB_NEG,aucun,MOYEN
29,54.2,153,23.14,0,1,0,2,1,AB_POS,hypertension,MOYEN
33,65.4,169,22.91,1,0,1,2,1,B_NEG,diabete,MOYEN
31,53.7,152,23.25,1,1,0,2,1,B_POS,diabete_hypertension,MOYEN
33,93.9,177,29.98,0,0,0,2,2,AB_POS,aucun,MOYEN
37,88.1,178,27.8,1,1,0,3,2,AB_POS,diabete_hypertension,MOYEN
33,70.4,163,26.48,0,0,0,2,2,A_POS,aucun,MOYEN
32,70.6,170,24.44,1,0,1,2,1,O_NEG,diabete,MOYEN
28,57.0,159,22.54,1,0,1,2,1,A_NEG,diabete,MOYEN
35,68.3,164,25.39,1,0,1,3,2,A_NEG,diabete,MOYEN
35,74.5,165,27.38,1,0,1,3,2,O_NEG,diabete,MOYEN
36,87.5,174,28.89,0,0,1,3,2,B_NEG,aucun,MOYEN
30,53.1,151,23.28,0,1,0,2,1,A_POS,hypertension,MOYEN
33,83.3,175,27.21,1,0,1,2,2,AB_NEG,diabete,MOYEN
32,67.7,167,24.26,0,1,1,2,1,B_NEG,hypertension,MOYEN
33,67.5,155,28.1,0,0,0,2,2,O_POS,aucun,MOYEN
36,63.3,166,22.97,0,0,0,3,1,O_POS,aucun,MOYEN
32,86.6,171,29.6,0,0,1,2,2,O_NEG,aucun,MOYEN
37,50.5,150,22.43,0,0,1,3,1,B_NEG,aucun,MOYEN
34,51.5,151,22.57,0,0,1,2,1,B_NEG,aucun,MOYEN
28,80.0,167,28.69,1,0,1,2,2,B_NEG,diabete,MOYEN
33,50.5,151,22.15,0,1,0,2,1,AB_POS,hypertension,MOYEN
35,90.6,177,28.93,1,0,0,3,2,AB_POS,diabete,MOYEN
29,62.4,155,25.99,0,0,1,2,2,B_NEG,aucun,MOYEN
28,74.4,161,28.7,0,0,1,2,2,O_NEG,aucun,MOYEN
35,69.2,176,22.34,0,0,1,3,1,O_NEG,aucun,MOYEN
28,63.9,152,27.65,0,1,1,2,2,A_NEG,hypertension,MOYEN
33,87.4,177,27.89,1,0,0,2,2,AB_POS,diabete,MOYEN
34,79.4,174,26.22,0,0,1,2,2,A_NEG,aucun,MOYEN
37,84.0,171,28.72,0,0,1,3,2,B_NEG,aucun,MOYEN
29,64.4,167,23.09,0,0,0,2,1,A_POS,aucun,MOYEN
32,88.1,175,28.77,0,1,0,2,2,A_POS,hypertension,MOYEN
36,81.6,165,29.98,1,0,1,3,2,B_NEG,diabete,MOYEN
35,55.2,150,24.53,0,0,0,3,1,A_POS,aucun,MOYEN
34,68.0,167,24.37,1,1,0,2,1,A_POS,diabete_hypertension,MOYEN
35,70.1,154,29.56,0,1,1,3,2,O_NEG,hypertension,MOYEN
32,66.7,169,23.35,0,0,1,2,1,A_NEG,aucun,MOYEN
32,76.0,160,29.69,0,1,0,2,2,O_POS,hypertension,MOYEN
35,61.2,164,22.75,0,1,1,3,1,A_NEG,hypertension,MOYEN
30,63.1,166,22.89,1,0,1,2,1,O_NEG,diabete,MOYEN
32,67.5,153,28.82,0,0,1,2,2,O_NEG,aucun,MOYEN
34,54.3,157,22.04,1,1,0,2,1,O_POS,diabete_hypertension,MOYEN
37,65.5,158,26.22,0,1,0,3,2,AB_POS,hypertension,MOYEN
32,63.0,168,22.33,0,0,1,2,1,AB_NEG,aucun,MOYEN
33,63.2,154,26.65,0,0,0,2,2,O_POS,aucun,MOYEN
35,68.3,172,23.08,0,1,1,3,1,A_NEG,hypertension,MOYEN
34,65.6,165,24.11,1,0,0,2,1,B_POS,diabete,MOYEN
31,55.4,150,24.64,0,1,1,2,1,A_NEG,hypertension,MOYEN
31,63.0,165,23.14,0,0,1,2,1,O_NEG,aucun,MOYEN
34,85.4,170,29.53,1,0,0,2,2,A_POS,diabete,MOYEN
36,84.3,179,26.3,0,0,1,3,2,O_NEG,aucun,MOYEN
34,64.2,152,27.79,0,1,0,2,2,B_POS,hypertension,MOYEN
34,57.5,150,25.56,1,0,1,2,2,B_NEG,diabete,MOYEN
29,74.5,167,26.7,0,0,1,2,2,O_NEG,aucun,MOYEN
29,63.4,154,26.74,0,0,0,2,2,A_POS,aucun,MOYEN
29,63.2,153,27.01,0,0,1,2,2,B_NEG,aucun,MOYEN
29,67.0,158,26.83,1,0,0,2,2,A_POS,diabete,MOYEN
30,66.2,169,23.19,1,0,1,2,1,AB_NEG,diabete,MOYEN
33,65.0,159,25.7,0,0,0,2,2,B_POS,aucun,MOYEN
36,64.6,165,23.73,0,0,0,3,1,O_POS,aucun,MOYEN
28,69.9,168,24.77,1,0,1,2,1,B_NEG,diabete,MOYEN
33,70.4,154,29.67,0,0,0,2,2,AB_POS,aucun,MOYEN
28,67.1,174,22.16,0,0,0,2,1,A_POS,aucun,MOYEN
33,70.4,158,28.19,0,0,1,2,2,B_NEG,aucun,MOYEN
33,61.4,166,22.29,0,0,0,2,1,O_POS,aucun,MOYEN
31,59.3,164,22.04,0,0,1,2,1,A_NEG,aucun,MOYEN
37,81.7,174,26.98,0,0,0,3,2,B_POS,aucun,MOYEN
37,59.2,157,24.0,0,0,1,3,1,B_NEG,aucun,MOYEN
35,77.0,180,23.76,1,0,1,3,1,O_NEG,diabete,MOYEN
30,73.2,166,26.56,0,1,1,2,2,B_NEG,hypertension,MOYEN
33,78.8,181,24.05,0,0,1,2,1,A_NEG,aucun,MOYEN
31,70.5,160,27.52,0,1,1,2,2,AB_NEG,hypertension,MOYEN
31,77.7,161,29.96,0,1,0,2,2,O_POS,hypertension,MOYEN
34,84.4,174,27.86,0,1,1,2,2,O_NEG,hypertension,MOYEN
36,77.4,180,23.89,0,0,1,3,1,B_NEG,aucun,MOYEN
35,55.2,152,23.9,1,0,0,3,1,A_POS,diabete,MOYEN
30,58.9,155,24.52,1,0,1,2,1,B_NEG,diabete,MOYEN
29,68.8,161,26.56,1,0,0,2,2,B_POS,diabete,MOYEN
37,79.9,169,27.98,0,1,1,3,2,B_NEG,hypertension,MOYEN
31,65.0,160,25.39,0,0,0,2,2,AB_POS,aucun,MOYEN
29,74.1,165,27.22,0,0,0,2,2,A_POS,aucun,MOYEN
34,68.0,160,26.56,0,0,0,2,2,AB_POS,aucun,MOYEN
35,69.9,178,22.07,1,0,1,3,1,B_NEG,diabete,MOYEN
35,71.7,164,26.66,0,0,1,3,2,B_NEG,aucun,MOYEN
37,71.3,160,27.87,0,0,1,3,2,B_NEG,aucun,MOYEN
35,60.9,156,25.02,0,0,1,3,2,B_NEG,aucun,MOYEN
34,90.9,180,28.06,0,0,0,2,2,A_POS,aucun,MOYEN
32,49.7,150,22.09,0,0,1,2,1,A_NEG,aucun,MOYEN
28,55.6,157,22.54,0,0,0,2,1,A_POS,aucun,MOYEN
33,74.4,164,27.67,0,1,0,2,2,B_POS,hypertension,MOYEN
34,77.2,177,24.63,0,1,1,2,1,A_NEG,hypertension,MOYEN
30,74.0,174,24.44,0,0,1,2,1,A_NEG,aucun,MOYEN
30,67.4,168,23.9,0,0,0,2,1,AB_POS,aucun,MOYEN
36,58.9,158,23.61,1,0,0,3,1,B_POS,diabete,MOYEN
35,68.6,158,27.48,0,1,1,3,2,A_NEG,hypertension,MOYEN
29,66.8,157,27.09,0,0,0,2,2,O_POS,aucun,MOYEN
30,67.0,170,23.2,0,1,1,2,1,O_NEG,hypertension,MOYEN
32,79.3,170,27.46,1,0,0,2,2,A_POS,diabete,MOYEN
28,73.4,175,23.96,0,0,0,2,1,B_POS,aucun,MOYEN
36,65.0,156,26.7,1,0,0,3,2,AB_POS,diabete,MOYEN
34,79.3,164,29.47,0,0,1,2,2,O_NEG,aucun,MOYEN
36,69.6,165,25.58,0,0,1,3,2,O_NEG,aucun,MOYEN
29,63.0,162,24.0,0,0,0,2,1,AB_POS,aucun,MOYEN
30,88.4,179,27.59,0,0,0,2,2,O_POS,aucun,MOYEN
33,81.0,172,27.38,0,0,0,2,2,A_POS,aucun,MOYEN
33,74.1,164,27.53,0,1,1,2,2,B_NEG,hypertension,MOYEN
37,66.4,168,23.52,1,0,0,3,1,B_POS,diabete,MOYEN
31,67.0,163,25.23,0,1,0,2,2,AB_POS,hypertension,MOYEN
37,73.6,166,26.72,0,0,0,3,2,O_POS,aucun,MOYEN
30,57.4,152,24.83,0,0,1,2,1,B_NEG,aucun,MOYEN
29,58.3,155,24.25,0,1,0,2,1,B_POS,hypertension,MOYEN
36,86.4,181,26.37,0,1,1,3,2,A_NEG,hypertension,MOYEN
37,85.0,174,28.06,0,1,1,3,2,B_NEG,hypertension,MOYEN
30,50.9,150,22.64,0,1,0,2,1,O_POS,hypertension,MOYEN
34,56.7,151,24.88,1,0,0,2,1,B_POS,diabete,MOYEN
34,76.7,164,28.51,0,0,0,2,2,O_POS,aucun,MOYEN
33,70.0,172,23.68,0,0,0,2,1,AB_POS,aucun,MOYEN
28,61.5,155,25.59,0,0,0,2,2,O_POS,aucun,MOYEN
31,72.0,174,23.78,0,1,0,2,1,AB_POS,hypertension,MOYEN
35,72.0,161,27.78,0,0,1,3,2,AB_NEG,aucun,MOYEN
37,88.4,181,26.99,1,1,0,3,2,O_POS,diabete_hypertension,MOYEN
32,75.5,166,27.4,0,0,0,2,2,AB_POS,aucun,MOYEN
29,73.7,180,22.74,1,0,1,2,1,AB_NEG,diabete,MOYEN
30,69.1,164,25.68,1,0,0,2,2,O_POS,diabete,MOYEN
30,71.0,154,29.93,0,1,1,2,2,B_NEG,hypertension,MOYEN
36,87.6,181,26.75,0,0,1,3,2,O_NEG,aucun,MOYEN
29,63.5,169,22.22,0,1,0,2,1,O_POS,hypertension,MOYEN
29,65.7,157,26.67,1,0,0,2,2,O_POS,diabete,MOYEN
30,86.0,175,28.1,0,0,1,2,2,O_NEG,aucun,MOYEN
30,71.0,165,26.08,0,0,1,2,2,A_NEG,aucun,MOYEN
37,54.8,150,24.35,0,0,0,3,1,AB_POS,aucun,MOYEN
34,56.9,154,23.98,0,1,0,2,1,O_POS,hypertension,MOYEN
30,89.3,178,28.18,0,0,1,2,2,A_NEG,aucun,MOYEN
32,89.1,181,27.19,0,0,1,2,2,A_NEG,aucun,MOYEN
28,72.2,168,25.57,1,0,0,2,2,B_POS,diabete,MOYEN
35,75.8,164,28.19,1,0,1,3,2,AB_NEG,diabete,MOYEN
28,52.5,152,22.74,1,0,1,2,1,O_NEG,diabete,MOYEN
32,70.5,175,23.02,1,0,0,2,1,O_POS,diabete,MOYEN
33,66.0,155,27.46,0,0,1,2,2,AB_NEG,aucun,MOYEN
35,58.7,155,24.42,0,0,0,3,1,O_POS,aucun,MOYEN
29,89.2,180,27.52,1,0,1,2,2,A_NEG,diabete,MOYEN
37,80.3,172,27.13,0,1,0,3,2,O_POS,hypertension,MOYEN
36,53.5,154,22.57,0,1,0,3,1,AB_POS,hypertension,MOYEN
34,62.8,151,27.56,0,1,0,2,2,AB_POS,hypertension,MOYEN
35,53.8,151,23.61,0,1,0,3,1,AB_POS,hypertension,MOYEN
33,64.2,170,22.21,0,1,0,2,1,A_POS,hypertension,MOYEN
28,77.2,162,29.43,1,0,1,2,2,O_NEG,diabete,MOYEN
31,56.1,158,22.47,0,0,0,2,1,O_POS,aucun,MOYEN
29,57.5,157,23.34,0,0,1,2,1,A_NEG,aucun,MOYEN
35,78.7,169,27.54,0,1,0,3,2,AB_POS,hypertension,MOYEN
34,79.9,181,24.37,0,0,0,2,1,AB_POS,aucun,MOYEN
34,81.5,181,24.88,0,1,0,2,1,B_POS,hypertension,MOYEN
36,76.6,176,24.72,0,1,0,3,1,A_POS,hypertension,MOYEN
35,68.6,155,28.55,1,0,1,3,2,AB_NEG,diabete,MOYEN
34,59.2,152,25.64,0,0,1,2,2,A_NEG,aucun,MOYEN
30,79.2,163,29.82,0,0,1,2,2,O_NEG,aucun,MOYEN
31,64.3,156,26.42,0,1,0,2,2,AB_POS,hypertension,MOYEN
35,73.4,179,22.91,1,0,1,3,1,A_NEG,diabete,MOYEN
34,77.8,167,27.89,1,0,1,2,2,AB_NEG,diabete,MOYEN
33,55.4,155,23.07,1,0,0,2,1,AB_POS,diabete,MOYEN
28,64.1,151,28.1,1,1,0,2,2,O_POS,diabete_hypertension,MOYEN
33,68.1,164,25.33,0,1,0,2,2,AB_POS,hypertension,MOYEN
31,63.7,163,23.99,0,0,0,2,1,B_POS,aucun,MOYEN
31,85.0,178,26.83,0,1,1,2,2,O_NEG,hypertension,MOYEN
29,62.2,166,22.58,1,0,1,2,1,AB_NEG,diabete,MOYEN
36,81.1,176,26.17,1,0,1,3,2,AB_NEG,diabete,MOYEN
33,52.9,154,22.31,1,0,0,2,1,O_POS,diabete,MOYEN
33,76.7,170,26.53,0,0,0,2,2,A_POS,aucun,MOYEN
35,73.6,179,22.96,0,0,1,3,1,B_NEG,aucun,MOYEN
35,58.6,155,24.39,1,0,0,3,1,A_POS,diabete,MOYEN
33,77.5,181,23.66,1,0,1,2,1,A_NEG,diabete,MOYEN
28,65.8,172,22.23,0,1,1,2,1,AB_NEG,hypertension,MOYEN
28,60.6,153,25.89,1,0,1,2,2,AB_NEG,diabete,MOYEN
31,89.8,179,28.02,1,0,1,2,2,AB_NEG,diabete,MOYEN
30,78.7,164,29.24,0,1,1,2,2,AB_NEG,hypertension,MOYEN
28,67.1,163,25.25,0,1,1,2,2,AB_NEG,hypertension,MOYEN
34,75.9,180,23.41,1,0,1,2,1,A_NEG,diabete,MOYEN
28,70.0,158,28.03,0,1,1,2,2,A_NEG,hypertension,MOYEN
35,74.2,167,26.6,1,0,1,3,2,A_NEG,diabete,MOYEN
33,83.7,169,29.3,0,1,0,2,2,AB_POS,hypertension,MOYEN
30,69.4,156,28.52,1,0,0,2,2,O_POS,diabete,MOYEN
37,83.4,175,27.23,0,0,1,3,2,A_NEG,aucun,MOYEN
32,56.8,150,25.23,0,1,0,2,2,AB_POS,hypertension,MOYEN
34,59.9,155,24.92,0,0,0,2,1,AB_POS,aucun,MOYEN
33,66.3,162,25.28,0,0,0,2,2,AB_POS,aucun,MOYEN
31,85.4,169,29.89,0,1,0,2,2,A_POS,hypertension,MOYEN
30,69.5,164,25.84,0,1,1,2,2,O_NEG,hypertension,MOYEN
31,71.1,170,24.6,0,0,0,2,1,B_POS,aucun,MOYEN
34,73.3,165,26.93,0,0,1,2,2,B_NEG,aucun,MOYEN
28,80.6,171,27.58,0,1,0,2,2,O_POS,hypertension,MOYEN
37,80.1,176,25.85,0,1,1,3,2,A_NEG,hypertension,MOYEN
29,78.0,162,29.74,1,0,1,2,2,AB_NEG,diabete,MOYEN
30,70.4,173,23.51,0,1,1,2,1,O_NEG,hypertension,MOYEN
30,63.6,157,25.8,0,1,1,2,2,O_NEG,hypertension,MOYEN
29,53.6,156,22.04,1,0,1,2,1,A_NEG,diabete,MOYEN
28,72.9,177,23.28,0,0,0,2,1,O_POS,aucun,MOYEN
33,68.8,170,23.81,1,0,0,2,1,O_POS,diabete,MOYEN
33,67.8,161,26.17,0,0,0,2,2,B_POS,aucun,MOYEN
34,74.9,160,29.25,1,1,0,2,2,O_POS,diabete_hypertension,MOYEN
32,79.3,168,28.08,1,0,1,2,2,O_NEG,diabete,MOYEN
36,79.8,180,24.63,1,1,1,3,1,AB_NEG,diabete_hypertension,MOYEN
31,75.5,167,27.09,1,0,0,2,2,B_POS,diabete,MOYEN
34,66.2,153,28.28,1,0,0,2,2,A_POS,diabete,MOYEN
31,85.0,176,27.43,0,0,1,2,2,O_NEG,aucun,MOYEN
36,73.9,159,29.23,0,0,0,3,2,A_POS,aucun,MOYEN
35,61.2,159,24.19,0,1,0,3,1,A_POS,hypertension,MOYEN
34,70.8,175,23.12,0,0,0,2,1,AB_POS,aucun,MOYEN
30,66.5,157,26.97,1,0,0,2,2,AB_POS,diabete,MOYEN
37,61.1,160,23.86,0,0,1,3,1,A_NEG,aucun,MOYEN
36,52.8,151,23.15,0,1,1,3,1,A_NEG,hypertension,MOYEN
36,62.9,158,25.18,1,0,0,3,2,AB_POS,diabete,MOYEN
29,72.6,159,28.72,0,0,1,2,2,A_NEG,aucun,MOYEN
37,82.9,173,27.71,0,0,1,3,2,A_NEG,aucun,MOYEN
33,60.0,165,22.05,0,0,1,2,1,O_NEG,aucun,MOYEN
32,63.0,164,23.43,0,0,1,2,1,O_NEG,aucun,MOYEN
31,71.1,154,29.98,0,1,0,2,2,AB_POS,hypertension,MOYEN
31,73.4,166,26.64,0,0,1,2,2,B_NEG,aucun,MOYEN
36,68.7,176,22.18,0,0,0,3,1,A_POS,aucun,MOYEN
34,71.5,179,22.31,0,0,0,2,1,B_POS,aucun,MOYEN
37,61.7,152,26.7,0,0,1,3,2,O_NEG,aucun,MOYEN
32,56.2,154,23.71,0,0,0,2,1,AB_POS,aucun,MOYEN
32,73.1,168,25.89,0,1,0,2,2,B_POS,hypertension,MOYEN
35,95.2,180,29.39,0,0,0,3,2,B_POS,aucun,MOYEN
34,67.6,167,24.23,0,1,1,2,1,A_NEG,hypertension,MOYEN
28,71.6,163,26.93,0,1,0,2,2,A_POS,hypertension,MOYEN
37,60.9,166,22.12,0,1,1,3,1,B_NEG,hypertension,MOYEN
28,70.8,170,24.5,0,1,0,2,1,A_POS,hypertension,MOYEN
29,63.8,161,24.63,0,0,1,2,1,A_NEG,aucun,MOYEN
30,82.0,167,29.41,0,0,0,2,2,AB_POS,aucun,MOYEN
31,63.6,150,28.24,1,1,0,2,2,B_POS,diabete_hypertension,MOYEN
35,61.7,151,27.05,0,0,0,3,2,A_POS,aucun,MOYEN
36,55.3,156,22.71,0,0,1,3,1,A_NEG,aucun,MOYEN
28,68.7,176,22.17,1,0,0,2,1,B_POS,diabete,MOYEN
31,71.7,169,25.12,1,0,0,2,2,A_POS,diabete,MOYEN
31,67.2,152,29.08,0,1,0,2,2,AB_POS,hypertension,MOYEN
37,72.4,181,22.09,0,1,0,3,1,A_POS,hypertension,MOYEN
31,53.5,153,22.87,0,1,1,2,1,A_NEG,hypertension,MOYEN
28,72.6,175,23.71,0,0,0,2,1,B_POS,aucun,MOYEN
30,63.5,153,27.14,0,0,1,2,2,A_NEG,aucun,MOYEN
33,63.3,161,24.42,0,0,0,2,1,A_POS,aucun,MOYEN
34,53.1,151,23.3,0,0,1,2,1,A_NEG,aucun,MOYEN
29,73.7,177,23.54,0,0,0,2,1,A_POS,aucun,MOYEN
33,89.5,177,28.57,1,1,0,2,2,B_POS,diabete_hypertension,MOYEN
34,67.7,155,28.18,0,0,0,2,2,A_POS,aucun,MOYEN
31,51.0,152,22.09,0,0,0,2,1,A_POS,aucun,MOYEN
33,93.6,177,29.88,0,0,1,2,2,B_NEG,aucun,MOYEN
33,92.0,179,28.72,0,0,0,2,2,A_POS,aucun,MOYEN
37,60.8,154,25.62,1,0,1,3,2,AB_NEG,diabete,MOYEN
32,82.7,178,26.09,1,0,1,2,2,AB_NEG,diabete,MOYEN
30,83.3,180,25.69,0,0,0,2,2,AB_POS,aucun,MOYEN
31,76.4,180,23.59,1,0,1,2,1,B_NEG,diabete,MOYEN
35,70.9,170,24.54,1,0,1,3,1,B_NEG,diabete,MOYEN
28,71.9,172,24.29,0,1,1,2,1,B_NEG,hypertension,MOYEN
37,74.6,172,25.21,0,0,0,3,2,AB_POS,aucun,MOYEN
33,82.7,178,26.11,0,0,0,2,2,O_POS,aucun,MOYEN
29,71.9,174,23.74,0,0,1,2,1,O_NEG,aucun,MOYEN
31,57.0,151,24.98,1,0,1,2,1,A_NEG,diabete,MOYEN
32,74.4,161,28.7,1,0,0,2,2,A_POS,diabete,MOYEN
33,67.0,155,27.87,0,1,1,2,2,O_NEG,hypertension,MOYEN
31,77.0,179,24.03,1,0,0,2,1,O_POS,diabete,MOYEN
29,68.6,158,27.47,0,1,0,2,2,A_POS,hypertension,MOYEN
37,75.2,162,28.66,0,1,1,3,2,B_NEG,hypertension,MOYEN
35,90.6,179,28.27,0,0,1,3,2,O_NEG,aucun,MOYEN
29,83.7,168,29.66,1,0,0,2,2,O_POS,diabete,MOYEN
31,65.9,155,27.41,1,0,0,2,2,O_POS,diabete,MOYEN
29,80.6,167,28.91,1,1,0,2,2,A_POS,diabete_hypertension,MOYEN
34,70.5,177,22.52,1,0,0,2,1,AB_POS,diabete,MOYEN
32,59.6,160,23.27,0,0,0,2,1,O_POS,aucun,MOYEN
28,88.9,176,28.68,1,0,1,2,2,O_NEG,diabete,MOYEN
29,57.5,158,23.02,1,0,0,2,1,A_POS,diabete,MOYEN
31,69.0,168,24.44,0,0,0,2,1,A_POS,aucun,MOYEN
37,64.1,163,24.12,0,1,0,3,1,B_POS,hypertension,MOYEN
36,66.9,163,25.19,1,1,0,3,2,A_POS,diabete_hypertension,MOYEN
32,64.6,162,24.62,0,1,1,2,1,B_NEG,hypertension,MOYEN
31,75.7,173,25.28,0,1,1,2,2,B_NEG,hypertension,MOYEN
37,59.9,158,23.99,1,0,0,3,1,B_POS,diabete,MOYEN
37,59.1,156,24.27,1,0,0,3,1,B_POS,diabete,MOYEN
33,61.8,161,23.84,1,0,1,2,1,B_NEG,diabete,MOYEN
34,61.2,155,25.46,0,0,1,2,2,AB_NEG,aucun,MOYEN
36,54.9,152,23.78,0,1,0,3,1,A_POS,hypertension,MOYEN
36,59.0,159,23.32,0,1,0,3,1,B_POS,hypertension,MOYEN
28,84.2,168,29.85,0,1,1,2,2,O_NEG,hypertension,MOYEN
30,87.9,178,27.75,0,0,1,2,2,AB_NEG,aucun,MOYEN
33,62.1,162,23.65,0,0,1,2,1,B_NEG,aucun,MOYEN
34,88.5,172,29.9,0,1,1,2,2,AB_NEG,hypertension,MOYEN
33,54.5,155,22.69,1,1,0,2,1,A_POS,diabete_hypertension,MOYEN
30,62.5,158,25.02,0,0,1,2,2,O_NEG,aucun,MOYEN
37,81.2,175,26.51,0,1,0,3,2,AB_POS,hypertension,MOYEN
35,83.2,173,27.81,0,0,1,3,2,A_NEG,aucun,MOYEN
35,71.7,172,24.22,0,0,0,3,1,O_POS,aucun,MOYEN
35,62.0,151,27.21,0,0,1,3,2,O_NEG,aucun,MOYEN
37,73.5,178,23.2,0,0,0,3,1,B_POS,aucun,MOYEN
31,70.7,157,28.7,0,0,1,2,2,B_NEG,aucun,MOYEN
32,80.3,172,27.16,0,0,0,2,2,O_POS,aucun,MOYEN
35,58.5,162,22.31,1,0,1,3,1,AB_NEG,diabete,MOYEN
32,83.4,175,27.23,0,1,0,2,2,O_POS,hypertension,MOYEN
37,76.1,160,29.72,0,0,0,3,2,B_POS,aucun,MOYEN
31,53.0,151,23.25,0,1,0,2,1,A_POS,hypertension,MOYEN
37,71.8,162,27.36,0,0,1,3,2,A_NEG,aucun,MOYEN
30,57.3,153,24.48,0,1,1,2,1,B_NEG,hypertension,MOYEN
33,70.4,159,27.83,1,0,1,2,2,B_NEG,diabete,MOYEN
37,86.7,180,26.75,0,1,1,3,2,O_NEG,hypertension,MOYEN
37,62.8,168,22.24,0,1,1,3,1,AB_NEG,hypertension,MOYEN
31,67.6,162,25.75,0,0,1,2,2,AB_NEG,aucun,MOYEN
35,76.6,162,29.19,0,0,1,3,2,B_NEG,aucun,MOYEN
37,57.3,152,24.79,1,0,1,3,1,O_NEG,diabete,MOYEN
35,62.1,150,27.59,0,1,1,3,2,B_NEG,hypertension,MOYEN
33,77.1,170,26.67,0,0,1,2,2,B_NEG,aucun,MOYEN
37,90.0,174,29.72,0,0,1,3,2,B_NEG,aucun,MOYEN
31,77.4,175,25.28,0,0,0,2,2,B_POS,aucun,MOYEN
35,60.8,154,25.62,0,0,1,3,2,AB_NEG,aucun,MOYEN
31,50.6,150,22.5,0,0,0,2,1,AB_POS,aucun,MOYEN
32,97.8,181,29.85,0,0,1,2,2,AB_NEG,aucun,MOYEN
37,71.3,165,26.19,0,0,1,3,2,O_NEG,aucun,MOYEN
37,59.1,153,25.25,0,0,0,3,2,AB_POS,aucun,MOYEN
33,68.3,171,23.36,1,0,1,2,1,AB_NEG,diabete,MOYEN
34,58.0,152,25.11,1,0,0,2,2,AB_POS,diabete,MOYEN
37,80.1,165,29.42,0,0,1,3,2,AB_NEG,aucun,MOYEN
34,76.2,177,24.33,0,0,1,2,1,AB_NEG,aucun,MOYEN
35,77.2,167,27.68,0,1,1,3,2,B_NEG,hypertension,MOYEN
37,75.6,179,23.59,0,0,1,3,1,AB_NEG,aucun,MOYEN
31,66.2,172,22.39,0,0,1,2,1,B_NEG,aucun,MOYEN
36,52.6,153,22.46,0,0,1,3,1,B_NEG,aucun,MOYEN
33,52.7,152,22.8,0,0,1,2,1,B_NEG,aucun,MOYEN
31,71.5,172,24.17,1,0,0,2,1,O_POS,diabete,MOYEN
29,62.0,163,23.34,0,0,1,2,1,O_NEG,aucun,MOYEN
31,92.7,177,29.58,0,1,0,2,2,A_POS,hypertension,MOYEN
32,75.9,180,23.42,0,0,1,2,1,A_NEG,aucun,MOYEN
37,90.8,178,28.65,0,0,0,3,2,B_POS,aucun,MOYEN
31,87.7,181,26.76,1,0,1,2,2,O_NEG,diabete,MOYEN
31,93.2,178,29.41,0,1,1,2,2,AB_NEG,hypertension,MOYEN
28,73.3,165,26.93,0,0,1,2,2,O_NEG,aucun,MOYEN
28,72.6,164,26.98,0,0,1,2,2,AB_NEG,aucun,MOYEN
35,79.6,176,25.69,0,1,0,3,2,B_POS,hypertension,MOYEN
31,60.8,156,24.98,1,0,1,2,1,O_NEG,diabete,MOYEN
34,74.9,162,28.54,1,0,1,2,2,A_NEG,diabete,MOYEN
33,74.2,180,22.89,1,0,0,2,1,B_POS,diabete,MOYEN
33,79.3,174,26.18,0,0,1,2,2,O_NEG,aucun,MOYEN
31,77.5,173,25.9,1,0,1,2,2,B_NEG,diabete,MOYEN
36,85.4,170,29.55,0,1,0,3,2,A_POS,hypertension,MOYEN
30,52.7,151,23.13,0,0,1,2,1,B_NEG,aucun,MOYEN
37,66.7,164,24.81,0,0,0,3,1,A_POS,aucun,MOYEN
30,78.7,172,26.59,1,0,1,2,2,A_NEG,diabete,MOYEN
35,70.8,177,22.61,1,0,0,3,1,B_POS,diabete,MOYEN
37,67.2,165,24.68,1,0,0,3,1,O_POS,diabete,MOYEN
29,76.5,164,28.46,0,0,1,2,2,AB_NEG,aucun,MOYEN
31,60.8,164,22.62,1,0,1,2,1,A_NEG,diabete,MOYEN
33,53.5,150,23.79,1,0,1,2,1,O_NEG,diabete,MOYEN
37,66.6,150,29.6,0,0,0,3,2,AB_POS,aucun,MOYEN
34,80.9,170,28.0,0,1,0,2,2,AB_POS,hypertension,MOYEN
35,71.7,163,27.0,0,0,0,3,2,AB_POS,aucun,MOYEN
28,70.9,177,22.62,0,0,1,2,1,AB_NEG,aucun,MOYEN
29,78.6,173,26.25,0,0,0,2,2,AB_POS,aucun,MOYEN
28,67.1,164,24.96,1,0,0,2,1,A_POS,diabete,MOYEN
31,67.7,175,22.12,0,0,1,2,1,AB_NEG,aucun,MOYEN
31,64.8,168,22.98,1,0,1,2,1,A_NEG,diabete,MOYEN
30,67.1,164,24.94,0,1,0,2,1,A_POS,hypertension,MOYEN
28,76.7,177,24.47,0,1,0,2,1,A_POS,hypertension,MOYEN
28,76.7,166,27.84,0,0,1,2,2,AB_NEG,aucun,MOYEN
29,67.4,157,27.34,0,0,1,2,2,AB_NEG,aucun,MOYEN
35,60.7,161,23.41,1,0,0,3,1,O_POS,diabete,MOYEN
35,73.6,178,23.23,1,0,1,3,1,O_NEG,diabete,MOYEN
37,66.7,156,27.4,0,0,0,3,2,A_POS,aucun,MOYEN
34,55.3,155,23.01,0,0,0,2,1,O_POS,aucun,MOYEN
33,76.2,173,25.45,1,1,1,2,2,B_NEG,diabete_hypertension,MOYEN
31,68.9,169,24.13,1,0,0,2,1,B_POS,diabete,MOYEN
28,70.0,172,23.65,1,0,1,2,1,AB_NEG,diabete,MOYEN
34,67.4,162,25.68,0,1,1,2,2,AB_NEG,hypertension,MOYEN
31,71.9,174,23.76,1,0,0,2,1,A_POS,diabete,MOYEN
36,53.8,153,22.98,1,0,0,3,1,A_POS,diabete,MOYEN
32,65.7,170,22.75,0,0,1,2,1,A_NEG,aucun,MOYEN
28,64.9,151,28.46,0,1,0,2,2,B_POS,hypertension,MOYEN
28,62.1,158,24.9,0,0,1,2,1,A_NEG,aucun,MOYEN
31,56.6,160,22.12,1,1,0,2,1,B_POS,diabete_hypertension,MOYEN
34,83.8,175,27.35,1,0,1,2,2,A_NEG,diabete,MOYEN
34,75.3,170,26.05,0,0,0,2,2,O_POS,aucun,MOYEN
34,91.6,175,29.89,1,0,1,2,2,A_NEG,diabete,MOYEN
28,82.0,181,25.03,1,0,1,2,2,O_NEG,diabete,MOYEN
35,69.3,152,29.98,0,1,0,3,2,A_POS,hypertension,MOYEN
30,75.9,178,23.95,0,0,0,2,1,AB_POS,aucun,MOYEN
32,70.8,158,28.37,0,1,1,2,2,AB_NEG,hypertension,MOYEN
29,64.8,160,25.33,0,0,1,2,2,O_NEG,aucun,MOYEN
35,69.1,168,24.48,0,0,1,3,1,A_NEG,aucun,MOYEN
30,55.5,156,22.79,0,0,0,2,1,O_POS,aucun,MOYEN
28,77.2,164,28.7,1,0,0,2,2,B_POS,diabete,MOYEN
35,62.7,162,23.87,0,1,1,3,1,A_NEG,hypertension,MOYEN
33,73.4,165,26.96,0,0,0,2,2,B_POS,aucun,MOYEN
28,73.8,167,26.46,1,0,1,2,2,B_NEG,diabete,MOYEN
31,81.0,173,27.07,1,0,0,2,2,A_POS,diabete,MOYEN
35,83.2,175,27.16,0,1,1,3,2,O_NEG,hypertension,MOYEN
36,55.8,158,22.36,1,0,1,3,1,B_NEG,diabete,MOYEN
28,85.1,178,26.87,1,0,0,2,2,A_POS,diabete,MOYEN
33,69.3,166,25.16,0,0,0,2,2,B_POS,aucun,MOYEN
33,72.4,156,29.75,0,0,0,2,2,AB_POS,aucun,MOYEN
31,68.7,155,28.59,0,1,0,2,2,AB_POS,hypertension,MOYEN
31,61.0,150,27.12,0,0,1,2,2,AB_NEG,aucun,MOYEN
29,62.7,162,23.87,0,0,1,2,1,B_NEG,aucun,MOYEN
34,71.7,176,23.15,0,1,1,2,1,A_NEG,hypertension,MOYEN
32,75.3,178,23.77,1,0,1,2,1,B_NEG,diabete,MOYEN
28,80.6,176,26.03,0,1,0,2,2,O_POS,hypertension,MOYEN
35,67.5,163,25.41,1,0,1,3,2,AB_NEG,diabete,MOYEN
36,74.3,175,24.26,1,0,0,3,1,O_POS,diabete,MOYEN
33,71.7,161,27.68,0,0,1,2,2,O_NEG,aucun,MOYEN
32,80.7,172,27.29,1,0,0,2,2,AB_POS,diabete,MOYEN
36,56.7,150,25.19,0,0,0,3,2,AB_POS,aucun,MOYEN
36,66.7,167,23.92,0,0,0,3,1,O_POS,aucun,MOYEN
36,72.0,179,22.46,0,0,1,3,1,B_NEG,aucun,MOYEN
35,81.3,165,29.86,0,0,0,3,2,O_POS,aucun,MOYEN
29,87.6,175,28.62,1,0,0,2,2,AB_POS,diabete,MOYEN
36,63.2,151,27.72,0,0,0,3,2,AB_POS,aucun,MOYEN
37,90.9,180,28.05,1,0,1,3,2,AB_NEG,diabete,MOYEN
31,61.3,153,26.19,0,0,0,2,2,AB_POS,aucun,MOYEN
37,71.7,158,28.73,0,0,0,3,2,O_POS,aucun,MOYEN
34,68.4,157,27.74,0,0,1,2,2,B_NEG,aucun,MOYEN
30,68.1,156,28.0,0,0,0,2,2,B_POS,aucun,MOYEN
29,77.6,179,24.21,1,0,1,2,1,O_NEG,diabete,MOYEN
32,68.6,156,28.18,1,0,1,2,2,A_NEG,diabete,MOYEN
32,79.1,180,24.42,1,0,0,2,1,AB_POS,diabete,MOYEN
28,63.1,164,23.45,1,0,0,2,1,O_POS,diabete,MOYEN
34,67.9,166,24.65,0,1,0,2,1,AB_POS,hypertension,MOYEN
32,75.7,177,24.17,0,0,1,2,1,O_NEG,aucun,MOYEN
29,74.7,174,24.67,1,0,0,2,1,AB_POS,diabete,MOYEN
35,68.2,155,28.39,1,0,0,3,2,A_POS,diabete,MOYEN
28,59.0,157,23.93,0,1,0,2,1,AB_POS,hypertension,MOYEN
29,62.4,163,23.47,1,0,0,2,1,B_POS,diabete,MOYEN
29,76.2,171,26.05,0,0,0,2,2,A_POS,aucun,MOYEN
35,76.5,171,26.16,1,0,1,3,2,AB_NEG,diabete,MOYEN
31,66.5,155,27.68,0,0,0,2,2,A_POS,aucun,MOYEN
28,65.3,157,26.47,1,0,0,2,2,AB_POS,diabete,MOYEN
36,54.9,157,22.26,1,0,0,3,1,B_POS,diabete,MOYEN
29,86.9,176,28.05,0,1,1,2,2,A_NEG,hypertension,MOYEN
28,82.8,171,28.32,0,0,1,2,2,O_NEG,aucun,MOYEN
28,88.0,178,27.76,0,1,0,2,2,A_POS,hypertension,MOYEN
34,79.4,179,24.79,0,1,1,2,1,B_NEG,hypertension,MOYEN
33,65.3,155,27.18,1,1,0,2,2,B_POS,diabete_hypertension,MOYEN
35,79.3,168,28.11,1,0,1,3,2,O_NEG,diabete,MOYEN
34,84.8,180,26.16,0,0,1,2,2,AB_NEG,aucun,MOYEN
33,66.1,157,26.82,1,0,1,2,2,A_NEG,diabete,MOYEN
36,77.3,171,26.44,0,0,0,3,2,AB_POS,aucun,MOYEN
36,65.5,172,22.15,0,0,0,3,1,B_POS,aucun,MOYEN
32,60.9,153,26.03,0,0,1,2,2,O_NEG,aucun,MOYEN
33,64.0,153,27.34,0,1,0,2,2,O_POS,hypertension,MOYEN
32,83.1,167,29.8,0,0,0,2,2,B_POS,aucun,MOYEN
33,64.1,161,24.72,1,1,0,2,1,B_POS,diabete_hypertension,MOYEN
31,71.4,166,25.93,0,0,1,2,2,B_NEG,aucun,MOYEN
30,79.2,163,29.79,0,1,0,2,2,O_POS,hypertension,MOYEN
35,66.4,168,23.52,0,0,0,3,1,A_POS,aucun,MOYEN
37,70.9,167,25.41,0,1,0,3,2,AB_POS,hypertension,MOYEN
36,62.1,161,23.95,0,0,0,3,1,B_POS,aucun,MOYEN
33,67.1,165,24.63,1,0,1,2,1,A_NEG,diabete,MOYEN
32,79.6,177,25.42,1,1,0,2,2,A_POS,diabete_hypertension,MOYEN
35,63.7,153,27.23,0,0,1,3,2,A_NEG,aucun,MOYEN
32,70.3,160,27.48,0,0,1,2,2,O_NEG,aucun,MOYEN
29,79.7,168,28.24,0,0,1,2,2,A_NEG,aucun,MOYEN
28,73.7,165,27.09,0,0,0,2,2,AB_POS,aucun,MOYEN
32,78.4,166,28.46,0,0,0,2,2,O_POS,aucun,MOYEN
29,80.3,171,27.47,1,0,1,2,2,A_NEG,diabete,MOYEN
33,62.1,163,23.38,0,0,0,2,1,B_POS,aucun,MOYEN
36,65.7,152,28.45,1,0,0,3,2,AB_POS,diabete,MOYEN
28,71.1,170,24.6,0,0,1,2,1,A_NEG,aucun,MOYEN
28,90.3,175,29.5,0,0,0,2,2,O_POS,aucun,MOYEN
31,84.5,176,27.29,0,1,0,2,2,O_POS,hypertension,MOYEN
36,81.4,181,24.85,0,0,0,3,1,B_POS,aucun,MOYEN
29,61.6,150,27.38,1,0,1,2,2,A_NEG,diabete,MOYEN
31,58.5,154,24.67,0,0,1,2,1,B_NEG,aucun,MOYEN
34,65.5,161,25.28,0,0,0,2,2,O_POS,aucun,MOYEN
36,77.4,164,28.78,0,0,1,3,2,B_NEG,aucun,MOYEN
36,71.5,155,29.76,0,0,0,3,2,A_POS,aucun,MOYEN
33,62.7,155,26.08,0,0,1,2,2,B_NEG,aucun,MOYEN
35,85.5,173,28.55,0,1,1,3,2,O_NEG,hypertension,MOYEN
36,67.6,161,26.08,0,1,0,3,2,A_POS,hypertension,MOYEN
31,71.9,169,25.19,0,0,0,2,2,O_POS,aucun,MOYEN
32,60.3,160,23.54,0,0,1,2,1,O_NEG,aucun,MOYEN
35,61.8,154,26.08,0,0,0,3,2,O_POS,aucun,MOYEN
33,89.4,180,27.59,1,0,0,2,2,O_POS,diabete,MOYEN
32,83.1,179,25.92,0,0,1,2,2,O_NEG,aucun,MOYEN
33,76.7,178,24.19,1,0,0,2,1,AB_POS,diabete,MOYEN
29,61.9,163,23.3,1,1,1,2,1,AB_NEG,diabete_hypertension,MOYEN
30,77.5,164,28.82,0,1,1,2,2,B_NEG,hypertension,MOYEN
28,57.9,155,24.08,0,0,0,2,1,A_POS,aucun,MOYEN
35,86.8,173,29.0,1,0,0,3,2,O_POS,diabete,MOYEN
35,64.1,152,27.74,0,0,0,3,2,A_POS,aucun,MOYEN
36,72.7,171,24.87,1,0,0,3,1,A_POS,diabete,MOYEN
31,62.6,160,24.45,1,0,0,2,1,O_POS,diabete,MOYEN
31,67.0,166,24.33,0,0,1,2,1,AB_NEG,aucun,MOYEN
36,89.6,174,29.58,0,0,0,3,2,B_POS,aucun,MOYEN
31,80.9,180,24.96,0,0,0,2,1,B_POS,aucun,MOYEN
37,79.8,168,28.29,0,0,0,3,2,A_POS,aucun,MOYEN
31,77.9,172,26.32,1,0,1,2,2,A_NEG,diabete,MOYEN
36,59.1,157,23.97,0,0,0,3,1,O_POS,aucun,MOYEN
32,60.4,150,26.84,0,0,0,2,2,O_POS,aucun,MOYEN
32,71.1,176,22.96,0,0,0,2,1,B_POS,aucun,MOYEN
35,71.9,177,22.96,1,0,0,3,1,AB_POS,diabete,MOYEN
34,56.4,156,23.16,0,1,1,2,1,O_NEG,hypertension,MOYEN
34,74.6,162,28.41,0,0,1,2,2,B_NEG,aucun,MOYEN
28,62.2,162,23.7,0,0,1,2,1,O_NEG,aucun,MOYEN
33,86.0,174,28.4,0,1,0,2,2,A_POS,hypertension,MOYEN
34,71.2,177,22.74,1,0,0,2,1,B_POS,diabete,MOYEN
28,71.2,178,22.48,0,1,1,2,1,O_NEG,hypertension,MOYEN
31,60.4,160,23.58,0,0,0,2,1,A_POS,aucun,MOYEN
35,63.4,161,24.45,0,0,1,3,1,O_NEG,aucun,MOYEN
36,58.6,155,24.37,0,0,1,3,1,AB_NEG,aucun,MOYEN
29,59.7,162,22.73,1,0,0,2,1,O_POS,diabete,MOYEN
30,60.8,155,25.3,0,0,0,2,2,A_POS,aucun,MOYEN
33,60.5,165,22.21,1,0,1,2,1,B_NEG,diabete,MOYEN
36,86.1,179,26.86,0,0,1,3,2,AB_NEG,aucun,MOYEN
31,69.5,172,23.5,1,0,0,2,1,O_POS,diabete,MOYEN
31,72.5,161,27.95,0,1,0,2,2,O_POS,hypertension,MOYEN
29,65.1,154,27.45,0,0,1,2,2,AB_NEG,aucun,MOYEN
36,71.9,163,27.06,0,0,1,3,2,B_NEG,aucun,MOYEN
29,61.8,155,25.72,0,1,0,2,2,B_POS,hypertension,MOYEN
30,72.0,180,22.22,1,1,1,2,1,AB_NEG,diabete_hypertension,MOYEN
34,56.9,158,22.81,1,1,1,2,1,A_NEG,diabete_hypertension,MOYEN
33,69.1,169,24.19,0,1,0,2,1,AB_POS,hypertension,MOYEN
28,71.8,158,28.74,0,0,1,2,2,B_NEG,aucun,MOYEN
31,60.5,153,25.85,0,0,0,2,2,O_POS,aucun,MOYEN
31,70.4,171,24.06,1,0,0,2,1,A_POS,diabete,MOYEN
37,72.2,171,24.71,0,0,0,3,1,O_POS,aucun,MOYEN
28,51.1,152,22.1,0,0,1,2,1,AB_NEG,aucun,MOYEN
33,77.4,162,29.5,1,0,0,2,2,A_POS,diabete,MOYEN
31,69.5,172,23.51,0,1,0,2,1,O_POS,hypertension,MOYEN
30,53.4,155,22.24,0,0,0,2,1,A_POS,aucun,MOYEN
29,58.5,162,22.29,0,0,1,2,1,B_NEG,aucun,MOYEN
31,78.9,178,24.89,1,0,1,2,1,A_NEG,diabete,MOYEN
28,74.2,177,23.69,0,1,1,2,1,AB_NEG,hypertension,MOYEN
28,58.6,150,26.06,0,0,1,2,2,O_NEG,aucun,MOYEN
37,70.3,161,27.14,1,0,1,3,2,O_NEG,diabete,MOYEN
35,80.5,180,24.83,1,0,0,3,1,O_POS,diabete,MOYEN
37,67.3,167,24.14,1,1,1,3,1,O_NEG,diabete_hypertension,MOYEN
31,83.7,175,27.35,1,0,0,2,2,A_POS,diabete,MOYEN
33,71.2,165,26.16,0,0,1,2,2,O_NEG,aucun,MOYEN
31,60.9,160,23.8,1,0,1,2,1,AB_NEG,diabete,MOYEN
31,56.5,155,23.53,0,0,1,2,1,B_NEG,aucun,MOYEN
31,94.6,178,29.84,0,1,1,2,2,B_NEG,hypertension,MOYEN
37,91.1,178,28.74,0,0,1,3,2,B_NEG,aucun,MOYEN
37,69.5,159,27.51,1,0,1,3,2,O_NEG,diabete,MOYEN
32,64.1,153,27.38,0,1,1,2,2,A_NEG,hypertension,MOYEN
37,61.2,165,22.47,1,0,1,3,1,AB_NEG,diabete,MOYEN
28,74.1,158,29.68,0,0,1,2,2,B_NEG,aucun,MOYEN
32,60.6,152,26.23,1,0,0,2,2,AB_POS,diabete,MOYEN
29,83.9,170,29.03,0,0,1,2,2,AB_NEG,aucun,MOYEN
29,60.0,157,24.34,1,0,1,2,1,B_NEG,diabete,MOYEN
33,73.4,180,22.66,1,0,0,2,1,O_POS,diabete,MOYEN
35,69.1,177,22.05,1,0,0,3,1,AB_POS,diabete,MOYEN
34,58.5,154,24.68,1,0,1,2,1,A_NEG,diabete,MOYEN
35,89.7,180,27.68,0,0,0,3,2,O_POS,aucun,MOYEN
36,72.8,160,28.45,0,0,0,3,2,B_POS,aucun,MOYEN
35,67.9,174,22.42,0,0,0,3,1,AB_POS,aucun,MOYEN
33,56.9,159,22.52,0,0,1,2,1,A_NEG,aucun,MOYEN
30,78.9,178,24.89,1,0,0,2,1,B_POS,diabete,MOYEN
28,75.6,180,23.33,0,0,1,2,1,AB_NEG,aucun,MOYEN
30,73.6,165,27.04,1,0,1,2,2,B_NEG,diabete,MOYEN
29,72.4,165,26.58,0,1,0,2,2,B_POS,hypertension,MOYEN
34,70.5,169,24.67,0,1,1,2,1,O_NEG,hypertension,MOYEN
32,71.4,161,27.53,1,0,0,2,2,AB_POS,diabete,MOYEN
34,52.4,153,22.4,0,0,0,2,1,O_POS,aucun,MOYEN
29,67.8,157,27.52,1,1,0,2,2,A_POS,diabete_hypertension,MOYEN
34,54.6,152,23.64,1,0,1,2,1,A_NEG,diabete,MOYEN
33,73.2,175,23.92,0,0,0,2,1,O_POS,aucun,MOYEN
29,62.1,156,25.52,0,0,1,2,2,O_NEG,aucun,MOYEN
35,69.3,165,25.47,0,1,0,3,2,B_POS,hypertension,MOYEN
29,66.0,172,22.33,0,1,1,2,1,B_NEG,hypertension,MOYEN
34,70.3,161,27.13,0,0,0,2,2,AB_POS,aucun,MOYEN
32,63.5,165,23.34,1,0,0,2,1,B_POS,diabete,MOYEN
29,81.4,180,25.12,0,0,0,2,2,A_POS,aucun,MOYEN
37,59.0,159,23.35,1,0,1,3,1,A_NEG,diabete,MOYEN
29,65.6,169,22.97,1,0,1,2,1,B_NEG,diabete,MOYEN
34,53.3,155,22.2,0,0,1,2,1,B_NEG,aucun,MOYEN
30,75.0,168,26.56,0,1,0,2,2,B_POS,hypertension,MOYEN
29,70.1,171,23.98,0,0,1,2,1,O_NEG,aucun,MOYEN
35,75.3,169,26.38,0,0,1,3,2,O_NEG,aucun,MOYEN
28,75.1,163,28.27,0,0,0,2,2,A_POS,aucun,MOYEN
28,53.9,152,23.32,1,0,0,2,1,O_POS,diabete,MOYEN
31,65.2,163,24.56,0,0,0,2,1,O_POS,aucun,MOYEN
33,80.9,176,26.13,1,0,1,2,2,A_NEG,diabete,MOYEN
32,80.9,171,27.67,1,0,1,2,2,B_NEG,diabete,MOYEN
30,79.7,179,24.89,0,0,1,2,1,B_NEG,aucun,MOYEN
35,73.5,174,24.26,0,1,1,3,1,B_NEG,hypertension,MOYEN
36,90.0,176,29.04,0,0,1,3,2,AB_NEG,aucun,MOYEN
30,70.2,164,26.1,0,1,0,2,2,O_POS,hypertension,MOYEN
30,63.2,154,26.64,0,1,0,2,2,AB_POS,hypertension,MOYEN
30,65.3,166,23.69,1,0,1,2,1,B_NEG,diabete,MOYEN
36,65.2,171,22.31,0,1,0,3,1,AB_POS,hypertension,MOYEN
32,63.5,160,24.79,0,0,0,2,1,O_POS,aucun,MOYEN
37,71.4,155,29.74,0,1,0,3,2,AB_POS,hypertension,MOYEN
34,62.3,151,27.3,0,0,0,2,2,B_POS,aucun,MOYEN
28,66.9,164,24.88,0,0,0,2,1,A_POS,aucun,MOYEN
34,69.2,154,29.16,0,0,0,2,2,O_POS,aucun,MOYEN
34,58.7,156,24.14,0,0,1,2,1,A_NEG,aucun,MOYEN
32,60.0,153,25.64,0,0,1,2,2,O_NEG,aucun,MOYEN
29,66.7,166,24.22,0,0,1,2,1,B_NEG,aucun,MOYEN
34,70.3,163,26.47,1,1,0,2,2,A_POS,diabete_hypertension,MOYEN
34,63.9,167,22.92,0,0,0,2,1,A_POS,aucun,MOYEN
33,71.6,180,22.11,0,0,0,2,1,O_POS,aucun,MOYEN
29,80.4,174,26.55,1,0,0,2,2,O_POS,diabete,MOYEN
31,78.9,164,29.32,1,0,0,2,2,A_POS,diabete,MOYEN
34,83.1,179,25.94,0,0,1,2,2,B_NEG,aucun,MOYEN
33,71.1,169,24.89,0,0,1,2,1,A_NEG,aucun,MOYEN
31,72.5,164,26.97,0,0,0,2,2,A_POS,aucun,MOYEN
31,62.5,166,22.68,1,0,1,2,1,AB_NEG,diabete,MOYEN
31,75.0,171,25.65,0,0,0,2,2,A_POS,aucun,MOYEN
28,88.9,178,28.07,0,0,1,2,2,O_NEG,aucun,MOYEN
37,57.4,152,24.85,0,1,1,3,1,A_NEG,hypertension,MOYEN
30,89.9,180,27.74,1,0,0,2,2,B_POS,diabete,MOYEN
30,74.4,163,27.99,1,0,1,2,2,A_NEG,diabete,MOYEN
36,80.0,171,27.37,0,0,1,3,2,B_NEG,aucun,MOYEN
29,72.3,173,24.16,1,0,0,2,1,B_POS,diabete,MOYEN
35,68.2,170,23.6,0,1,0,3,1,AB_POS,hypertension,MOYEN
32,74.8,162,28.49,0,0,1,2,2,O_NEG,aucun,MOYEN
32,84.0,172,28.4,1,0,1,2,2,O_NEG,diabete,MOYEN
29,71.4,162,27.2,0,0,1,2,2,O_NEG,aucun,MOYEN
32,70.8,176,22.85,0,0,0,2,1,O_POS,aucun,MOYEN
31,69.5,172,23.48,0,0,1,2,1,AB_NEG,aucun,MOYEN
37,64.7,160,25.27,0,0,0,3,2,AB_POS,aucun,MOYEN
28,71.0,155,29.57,1,0,1,2,2,B_NEG,diabete,MOYEN
34,70.1,177,22.37,0,0,1,2,1,B_NEG,aucun,MOYEN
37,58.6,160,22.91,0,0,1,3,1,A_NEG,aucun,MOYEN
33,75.2,165,27.62,1,0,1,2,2,O_NEG,diabete,MOYEN
37,66.4,158,26.58,1,0,1,3,2,A_NEG,diabete,MOYEN
34,78.0,163,29.36,0,1,0,2,2,B_POS,hypertension,MOYEN
36,68.0,168,24.09,1,0,1,3,1,A_NEG,diabete,MOYEN
32,75.6,179,23.59,1,0,1,2,1,AB_NEG,diabete,MOYEN
36,71.9,176,23.22,0,0,1,3,1,O_NEG,aucun,MOYEN
33,64.1,155,26.67,1,0,1,2,2,AB_NEG,diabete,MOYEN
36,69.6,159,27.52,1,0,0,3,2,A_POS,diabete,MOYEN
33,68.5,157,27.77,0,0,0,2,2,O_POS,aucun,MOYEN
33,77.6,174,25.62,0,1,1,2,2,A_NEG,hypertension,MOYEN
33,77.7,175,25.39,0,0,0,2,2,AB_POS,aucun,MOYEN
33,64.2,158,25.71,0,1,1,2,2,O_NEG,hypertension,MOYEN
30,78.5,164,29.2,0,0,0,2,2,A_POS,aucun,MOYEN
28,78.8,164,29.31,1,0,0,2,2,A_POS,diabete,MOYEN
36,72.2,158,28.93,0,1,0,3,2,AB_POS,hypertension,MOYEN
34,70.7,174,23.35,1,0,0,2,1,B_POS,diabete,MOYEN
37,70.2,178,22.16,0,1,0,3,1,A_POS,hypertension,MOYEN
31,51.0,151,22.38,1,0,0,2,1,O_POS,diabete,MOYEN
35,58.9,152,25.51,1,0,1,3,2,O_NEG,diabete,MOYEN
37,54.8,155,22.81,0,0,1,3,1,B_NEG,aucun,MOYEN
35,75.4,169,26.39,0,1,1,3,2,AB_NEG,hypertension,MOYEN
30,65.7,151,28.83,0,0,0,2,2,B_POS,aucun,MOYEN
35,59.5,156,24.45,0,0,1,3,1,B_NEG,aucun,MOYEN
32,80.8,168,28.63,1,0,1,2,2,O_NEG,diabete,MOYEN
36,76.3,174,25.19,1,0,0,3,2,O_POS,diabete,MOYEN
32,64.8,170,22.41,0,0,1,2,1,A_NEG,aucun,MOYEN
33,87.8,174,29.0,0,0,0,2,2,O_POS,aucun,MOYEN
31,57.2,156,23.49,0,1,0,2,1,O_POS,hypertension,MOYEN
34,57.9,157,23.48,1,0,1,2,1,A_NEG,diabete,MOYEN
32,55.5,150,24.65,1,0,1,2,1,B_NEG,diabete,MOYEN
35,75.1,167,26.92,0,0,0,3,2,O_POS,aucun,MOYEN
32,73.4,181,22.41,0,1,1,2,1,O_NEG,hypertension,MOYEN
30,58.5,161,22.58,0,0,0,2,1,A_POS,aucun,MOYEN
31,69.7,162,26.57,0,0,1,2,2,AB_NEG,aucun,MOYEN
30,83.8,178,26.44,0,0,1,2,2,A_NEG,aucun,MOYEN
36,68.8,157,27.91,0,1,1,3,2,A_NEG,hypertension,MOYEN
37,82.0,169,28.72,0,1,0,3,2,O_POS,hypertension,MOYEN
28,67.6,172,22.84,0,0,0,2,1,AB_POS,aucun,MOYEN
30,61.2,163,23.03,0,1,0,2,1,AB_POS,hypertension,MOYEN
34,76.0,175,24.83,1,1,1,2,1,B_NEG,diabete_hypertension,MOYEN
28,64.9,167,23.28,0,0,0,2,1,B_POS,aucun,MOYEN
34,61.7,150,27.43,0,0,0,2,2,A_POS,aucun,MOYEN
34,71.9,178,22.7,1,0,0,2,1,O_POS,diabete,MOYEN
37,68.0,157,27.6,0,0,0,3,2,AB_POS,aucun,MOYEN
34,61.0,155,25.39,0,0,1,2,2,B_NEG,aucun,MOYEN
31,68.4,152,29.63,0,0,0,2,2,AB_POS,aucun,MOYEN
36,82.3,171,28.14,1,0,0,3,2,O_POS,diabete,MOYEN
31,68.4,153,29.22,0,0,1,2,2,B_NEG,aucun,MOYEN
37,65.7,171,22.46,0,0,1,3,1,AB_NEG,aucun,MOYEN
35,61.2,156,25.15,1,1,0,3,2,A_POS,diabete_hypertension,MOYEN
29,78.1,168,27.68,0,0,1,2,2,O_NEG,aucun,MOYEN
33,83.6,174,27.63,0,0,0,2,2,AB_POS,aucun,MOYEN
28,75.4,178,23.81,0,0,0,2,1,AB_POS,aucun,MOYEN
31,72.4,178,22.86,0,0,0,2,1,A_POS,aucun,MOYEN
33,76.2,166,27.64,0,1,1,2,2,B_NEG,hypertension,MOYEN
34,73.4,178,23.16,1,1,0,2,1,A_POS,diabete_hypertension,MOYEN
30,63.4,150,28.19,0,1,1,2,2,A_NEG,hypertension,MOYEN
34,59.0,153,25.19,0,0,1,2,2,AB_NEG,aucun,MOYEN
29,66.9,170,23.13,0,0,1,2,1,AB_NEG,aucun,MOYEN
29,58.3,150,25.89,0,0,0,2,2,O_POS,aucun,MOYEN
35,84.5,179,26.36,0,0,0,3,2,A_POS,aucun,MOYEN
32,62.8,151,27.55,0,0,1,2,2,AB_NEG,aucun,MOYEN
31,85.9,179,26.8,0,0,1,2,2,O_NEG,aucun,MOYEN
31,59.3,159,23.46,0,0,0,2,1,B_POS,aucun,MOYEN
30,68.2,164,25.34,0,0,0,2,2,B_POS,aucun,MOYEN
30,72.2,164,26.84,0,0,1,2,2,AB_NEG,aucun,MOYEN
33,66.8,153,28.54,1,0,0,2,2,A_POS,diabete,MOYEN
32,77.6,166,28.16,1,0,1,2,2,O_NEG,diabete,MOYEN
34,65.3,163,24.59,0,0,1,2,1,O_NEG,aucun,MOYEN
34,68.9,159,27.25,0,0,0,2,2,A_POS,aucun,MOYEN
33,81.7,179,25.5,0,0,1,2,2,O_NEG,aucun,MOYEN
35,82.7,178,26.1,1,0,1,3,2,AB_NEG,diabete,MOYEN
33,74.6,172,25.2,0,1,0,2,2,AB_POS,hypertension,MOYEN
32,63.7,159,25.19,0,0,1,2,2,AB_NEG,aucun,MOYEN
28,57.3,160,22.39,0,1,0,2,1,A_POS,hypertension,MOYEN
37,62.4,166,22.66,0,1,0,3,1,B_POS,hypertension,MOYEN
35,71.2,168,25.22,0,0,1,3,2,AB_NEG,aucun,MOYEN
33,66.1,155,27.52,0,0,1,2,2,AB_NEG,aucun,MOYEN
35,72.7,176,23.47,0,0,0,3,1,O_POS,aucun,MOYEN
34,69.9,178,22.08,1,0,1,2,1,O_NEG,diabete,MOYEN
28,69.6,159,27.52,0,1,0,2,2,AB_POS,hypertension,MOYEN
33,83.4,181,25.45,0,1,1,2,2,B_NEG,hypertension,MOYEN
33,67.4,150,29.98,0,0,0,2,2,O_POS,aucun,MOYEN
36,73.8,164,27.44,1,0,0,3,2,O_POS,diabete,MOYEN
36,75.4,176,24.34,0,1,0,3,1,A_POS,hypertension,MOYEN
33,61.7,163,23.24,1,0,0,2,1,AB_POS,diabete,MOYEN
35,86.5,176,27.93,0,0,1,3,2,AB_NEG,aucun,MOYEN
28,81.5,170,28.22,1,0,0,2,2,AB_POS,diabete,MOYEN
28,73.5,180,22.69,1,0,0,2,1,O_POS,diabete,MOYEN
34,72.9,170,25.21,0,1,0,2,2,O_POS,hypertension,MOYEN
33,66.9,150,29.72,0,0,0,2,2,AB_POS,aucun,MOYEN
31,58.5,154,24.68,0,0,0,2,1,A_POS,aucun,MOYEN
31,75.1,167,26.92,0,1,0,2,2,O_POS,hypertension,MOYEN
36,66.7,155,27.75,0,0,0,3,2,A_POS,aucun,MOYEN
37,95.6,180,29.51,1,0,1,3,2,AB_NEG,diabete,MOYEN
36,89.7,174,29.61,1,0,0,3,2,O_POS,diabete,MOYEN
28,55.7,152,24.09,0,0,1,2,1,A_NEG,aucun,MOYEN
28,71.0,170,24.56,1,0,1,2,1,AB_NEG,diabete,MOYEN
30,78.2,169,27.38,1,0,0,2,2,AB_POS,diabete,MOYEN
29,74.7,174,24.67,0,0,1,2,1,AB_NEG,aucun,MOYEN
37,65.0,159,25.72,0,1,1,3,2,A_NEG,hypertension,MOYEN
37,85.5,173,28.57,0,0,1,3,2,B_NEG,aucun,MOYEN
35,70.0,162,26.66,0,0,0,3,2,AB_POS,aucun,MOYEN
28,84.4,180,26.05,1,1,1,2,2,A_NEG,diabete_hypertension,MOYEN
30,73.0,162,27.82,1,0,1,2,2,A_NEG,diabete,MOYEN
31,86.0,172,29.08,1,0,1,2,2,AB_NEG,diabete,MOYEN
32,61.2,165,22.48,0,1,0,2,1,B_POS,hypertension,MOYEN
31,80.3,181,24.5,1,0,0,2,1,B_POS,diabete,MOYEN
34,75.3,168,26.68,0,0,1,2,2,B_NEG,aucun,MOYEN
36,93.3,178,29.44,1,0,1,3,2,A_NEG,diabete,MOYEN
32,76.3,174,25.21,0,0,1,2,2,AB_NEG,aucun,MOYEN
31,88.3,179,27.55,0,0,1,2,2,O_NEG,aucun,MOYEN
34,74.5,180,23.0,1,0,1,2,1,B_NEG,diabete,MOYEN
32,74.6,159,29.5,0,1,0,2,2,B_POS,hypertension,MOYEN
37,62.5,161,24.13,1,0,0,3,1,B_POS,diabete,MOYEN
36,65.6,157,26.62,0,0,0,3,2,AB_POS,aucun,MOYEN
35,66.3,156,27.26,0,0,1,3,2,O_NEG,aucun,MOYEN
37,74.6,170,25.81,0,1,1,3,2,B_NEG,hypertension,MOYEN
35,75.3,159,29.78,0,0,1,3,2,B_NEG,aucun,MOYEN
30,59.4,159,23.51,0,1,1,2,1,AB_NEG,hypertension,MOYEN
37,65.4,168,23.17,0,0,0,3,1,A_POS,aucun,MOYEN
35,68.0,161,26.24,0,0,1,3,2,A_NEG,aucun,MOYEN
32,88.7,178,27.99,0,0,0,2,2,O_POS,aucun,MOYEN
35,76.6,165,28.13,1,0,1,3,2,B_NEG,diabete,MOYEN
28,92.3,178,29.12,0,0,1,2,2,AB_NEG,aucun,MOYEN
32,70.7,170,24.46,0,0,1,2,1,A_NEG,aucun,MOYEN
29,69.1,175,22.58,0,1,0,2,1,O_POS,hypertension,MOYEN
32,68.6,171,23.47,0,0,0,2,1,O_POS,aucun,MOYEN
37,69.3,158,27.75,0,1,0,3,2,O_POS,hypertension,MOYEN
31,65.6,151,28.78,0,0,1,2,2,O_NEG,aucun,MOYEN
33,68.7,169,24.07,0,1,1,2,1,B_NEG,hypertension,MOYEN
32,67.8,174,22.4,0,0,1,2,1,A_NEG,aucun,MOYEN
31,65.9,166,23.92,0,0,0,2,1,AB_POS,aucun,MOYEN
35,83.6,168,29.62,0,0,1,3,2,B_NEG,aucun,MOYEN
33,88.5,175,28.88,0,0,0,2,2,A_POS,aucun,MOYEN
29,78.6,171,26.89,0,0,0,2,2,O_POS,aucun,MOYEN
32,68.1,164,25.31,0,0,1,2,2,A_NEG,aucun,MOYEN
31,77.5,171,26.5,0,0,0,2,2,O_POS,aucun,MOYEN
31,65.6,152,28.38,0,0,0,2,2,A_POS,aucun,MOYEN
31,65.5,170,22.67,0,0,0,2,1,O_POS,aucun,MOYEN
34,67.8,164,25.19,0,0,1,2,2,A_NEG,aucun,MOYEN
37,79.8,168,28.28,1,0,0,3,2,AB_POS,diabete,MOYEN
32,75.6,170,26.17,1,0,0,2,2,AB_POS,diabete,MOYEN
35,67.7,163,25.5,0,1,1,3,2,O_NEG,hypertension,MOYEN
28,86.7,173,28.96,0,0,0,2,2,O_POS,aucun,MOYEN
36,73.3,177,23.39,1,0,0,3,1,O_POS,diabete,MOYEN
31,62.1,163,23.37,1,0,1,2,1,O_NEG,diabete,MOYEN
28,58.5,155,24.36,0,0,1,2,1,A_NEG,aucun,MOYEN
31,76.8,179,23.97,0,0,0,2,1,B_POS,aucun,MOYEN
28,63.0,160,24.62,0,0,0,2,1,B_POS,aucun,MOYEN
32,83.2,170,28.8,1,0,0,2,2,AB_POS,diabete,MOYEN
37,67.2,152,29.1,1,0,1,3,2,A_NEG,diabete,MOYEN
35,77.1,172,26.06,0,0,0,3,2,A_POS,aucun,MOYEN
31,67.3,173,22.49,0,0,1,2,1,B_NEG,aucun,MOYEN
34,92.9,177,29.66,1,0,1,2,2,B_NEG,diabete,MOYEN
28,93.6,178,29.55,1,0,1,2,2,B_NEG,diabete,MOYEN
33,85.0,176,27.43,0,0,0,2,2,O_POS,aucun,MOYEN
33,63.7,155,26.5,1,0,0,2,2,B_POS,diabete,MOYEN
36,70.7,172,23.89,0,0,0,3,1,AB_POS,aucun,MOYEN
28,62.9,165,23.11,0,0,1,2,1,B_NEG,aucun,MOYEN
29,55.2,157,22.41,0,0,1,2,1,A_NEG,aucun,MOYEN
35,57.9,153,24.75,0,1,1,3,1,AB_NEG,hypertension,MOYEN
33,65.6,165,24.08,0,0,1,2,1,O_NEG,aucun,MOYEN
30,82.8,181,25.27,0,0,0,2,2,B_POS,aucun,MOYEN
35,78.8,181,24.05,0,0,1,3,1,O_NEG,aucun,MOYEN
29,71.7,171,24.53,0,1,0,2,1,O_POS,hypertension,MOYEN
32,63.4,161,24.47,0,0,1,2,1,A_NEG,aucun,MOYEN
31,68.9,166,25.0,1,0,1,2,1,AB_NEG,diabete,MOYEN
37,67.2,160,26.25,1,1,0,3,2,O_POS,diabete_hypertension,MOYEN
33,68.1,164,25.32,0,0,0,2,2,A_POS,aucun,MOYEN
33,66.1,173,22.09,0,0,0,2,1,A_POS,aucun,MOYEN
32,64.8,161,24.98,0,0,0,2,1,O_POS,aucun,MOYEN
37,79.2,174,26.15,1,0,1,3,2,O_NEG,diabete,MOYEN
29,61.6,159,24.35,0,0,0,2,1,A_POS,aucun,MOYEN
33,54.1,150,24.06,1,1,1,2,1,AB_NEG,diabete_hypertension,MOYEN
33,79.6,163,29.94,0,1,1,2,2,AB_NEG,hypertension,MOYEN
33,67.5,175,22.06,0,1,0,2,1,A_POS,hypertension,MOYEN
29,64.6,151,28.32,0,0,1,2,2,O_NEG,aucun,MOYEN
36,78.9,179,24.61,1,0,1,3,1,AB_NEG,diabete,MOYEN
35,71.6,171,24.49,1,0,1,3,1,O_NEG,diabete,MOYEN
29,77.3,180,23.85,0,0,1,2,1,O_NEG,aucun,MOYEN
31,76.5,170,26.47,0,1,1,2,2,B_NEG,hypertension,MOYEN
37,60.1,155,25.0,1,0,0,3,2,A_POS,diabete,MOYEN
35,83.8,175,27.37,1,0,1,3,2,O_NEG,diabete,MOYEN
34,75.3,179,23.49,0,0,1,2,1,A_NEG,aucun,MOYEN
33,77.6,181,23.7,0,0,0,2,1,O_POS,aucun,MOYEN
36,72.1,176,23.28,0,0,1,3,1,B_NEG,aucun,MOYEN
31,73.8,162,28.12,1,0,1,2,2,B_NEG,diabete,MOYEN
34,81.3,179,25.36,0,0,0,2,2,AB_POS,aucun,MOYEN
37,79.1,166,28.71,0,0,0,3,2,AB_POS,aucun,MOYEN
28,52.5,151,23.02,1,1,0,2,1,AB_POS,diabete_hypertension,MOYEN
28,64.2,168,22.74,0,0,1,2,1,B_NEG,aucun,MOYEN
28,68.4,154,28.83,0,1,0,2,2,B_POS,hypertension,MOYEN
30,81.4,167,29.18,0,1,1,2,2,O_NEG,hypertension,MOYEN
33,77.7,164,28.89,0,1,1,2,2,A_NEG,hypertension,MOYEN
31,87.9,173,29.38,0,1,1,2,2,AB_NEG,hypertension,MOYEN
37,85.8,179,26.79,0,1,0,3,2,AB_POS,hypertension,MOYEN
30,56.2,154,23.71,1,0,0,2,1,B_POS,diabete,MOYEN
33,58.2,162,22.18,0,0,1,2,1,A_NEG,aucun,MOYEN
35,94.3,181,28.79,0,0,0,3,2,O_POS,aucun,MOYEN
32,84.1,172,28.44,1,0,0,2,2,O_POS,diabete,MOYEN
30,63.0,166,22.86,1,0,0,2,1,O_POS,diabete,MOYEN
29,85.8,170,29.7,0,0,1,2,2,A_NEG,aucun,MOYEN
30,61.7,150,27.41,0,1,1,2,2,O_NEG,hypertension,MOYEN
36,56.9,160,22.23,1,1,0,3,1,A_POS,diabete_hypertension,MOYEN
30,88.5,177,28.24,0,0,1,2,2,A_NEG,aucun,MOYEN
32,72.9,161,28.11,0,0,1,2,2,B_NEG,aucun,MOYEN
34,81.6,165,29.99,0,1,0,2,2,O_POS,hypertension,MOYEN
35,76.9,176,24.84,1,0,0,3,1,B_POS,diabete,MOYEN
29,91.4,175,29.85,0,0,1,2,2,O_NEG,aucun,MOYEN
36,59.6,151,26.16,0,1,1,3,2,A_NEG,hypertension,MOYEN
30,66.7,150,29.66,0,0,0,2,2,B_POS,aucun,MOYEN
32,73.4,163,27.64,0,0,1,2,2,A_NEG,aucun,MOYEN
34,71.6,169,25.08,1,0,0,2,2,A_POS,diabete,MOYEN
33,62.1,156,25.5,0,0,1,2,2,B_NEG,aucun,MOYEN
37,87.0,171,29.75,0,0,0,3,2,O_POS,aucun,MOYEN
36,82.9,176,26.75,0,1,1,3,2,AB_NEG,hypertension,MOYEN
34,70.2,165,25.78,0,0,0,2,2,A_POS,aucun,MOYEN
35,84.4,173,28.19,0,0,1,3,2,O_NEG,aucun,MOYEN
33,85.9,175,28.05,0,1,1,2,2,A_NEG,hypertension,MOYEN
30,57.4,155,23.87,1,0,1,2,1,B_NEG,diabete,MOYEN
33,71.0,157,28.8,1,1,0,2,2,AB_POS,diabete_hypertension,MOYEN
31,74.4,175,24.28,0,1,0,2,1,O_POS,hypertension,MOYEN
34,91.8,181,28.02,1,0,0,2,2,B_POS,diabete,MOYEN
31,69.1,169,24.21,0,0,0,2,1,B_POS,aucun,MOYEN
37,53.2,150,23.67,0,0,0,3,1,A_POS,aucun,MOYEN
30,68.3,152,29.57,0,0,0,2,2,AB_POS,aucun,MOYEN
37,61.7,164,22.96,1,0,1,3,1,AB_NEG,diabete,MOYEN
34,60.8,153,25.96,0,0,0,2,2,O_POS,aucun,MOYEN
29,63.3,156,26.0,0,0,0,2,2,O_POS,aucun,MOYEN
35,82.6,168,29.28,1,0,0,3,2,AB_POS,diabete,MOYEN
35,66.3,173,22.16,1,0,1,3,1,B_NEG,diabete,MOYEN
33,68.8,153,29.38,0,1,0,2,2,O_POS,hypertension,MOYEN
37,70.6,156,29.02,0,0,0,3,2,AB_POS,aucun,MOYEN
37,95.6,179,29.83,0,1,1,3,2,B_NEG,hypertension,MOYEN
29,78.5,163,29.54,0,0,1,2,2,B_NEG,aucun,MOYEN
28,81.5,178,25.72,0,0,1,2,2,AB_NEG,aucun,MOYEN
35,86.4,176,27.9,0,0,1,3,2,A_NEG,aucun,MOYEN
28,69.6,176,22.47,0,0,1,2,1,O_NEG,aucun,MOYEN
29,82.2,170,28.46,1,0,0,2,2,A_POS,diabete,MOYEN
37,81.9,180,25.29,1,0,0,3,2,B_POS,diabete,MOYEN
31,82.3,176,26.57,1,0,0,2,2,A_POS,diabete,MOYEN
30,73.3,167,26.27,0,1,1,2,2,O_NEG,hypertension,MOYEN
28,73.2,176,23.64,1,0,0,2,1,O_POS,diabete,MOYEN
37,80.4,165,29.52,1,0,0,3,2,A_POS,diabete,MOYEN
34,72.7,161,28.04,0,1,1,2,2,B_NEG,hypertension,MOYEN
37,75.2,161,29.0,0,0,0,3,2,A_POS,aucun,MOYEN
35,90.3,178,28.49,0,1,1,3,2,B_NEG,hypertension,MOYEN
30,73.1,165,26.83,0,0,0,2,2,O_POS,aucun,MOYEN
31,60.9,164,22.66,0,0,0,2,1,B_POS,aucun,MOYEN
35,78.3,170,27.1,1,0,1,3,2,O_NEG,diabete,MOYEN
30,87.3,177,27.88,0,1,1,2,2,O_NEG,hypertension,MOYEN
34,71.2,173,23.79,0,0,1,2,1,A_NEG,aucun,MOYEN
30,84.6,177,27.0,1,0,0,2,2,O_POS,diabete,MOYEN
37,85.5,179,26.68,1,0,1,3,2,A_NEG,diabete,MOYEN
29,75.1,169,26.31,1,0,1,2,2,B_NEG,diabete,MOYEN
29,81.6,167,29.26,0,0,0,2,2,O_POS,aucun,MOYEN
35,83.0,175,27.09,0,0,1,3,2,B_NEG,aucun,MOYEN
35,63.6,163,23.94,0,1,1,3,1,O_NEG,hypertension,MOYEN
37,54.4,155,22.65,0,0,0,3,1,A_POS,aucun,MOYEN
33,87.4,181,26.67,1,0,1,2,2,A_NEG,diabete,MOYEN
37,62.5,167,22.41,0,0,1,3,1,AB_NEG,aucun,MOYEN
37,66.4,171,22.71,1,0,1,3,1,A_NEG,diabete,MOYEN
30,64.3,165,23.62,0,0,0,2,1,B_POS,aucun,MOYEN
36,89.9,177,28.69,0,1,1,3,2,AB_NEG,hypertension,MOYEN
34,73.4,160,28.67,0,0,0,2,2,A_POS,aucun,MOYEN
37,70.9,174,23.41,0,0,0,3,1,O_POS,aucun,MOYEN
36,79.0,179,24.66,0,0,1,3,1,A_NEG,aucun,MOYEN
30,95.7,180,29.54,1,0,1,2,2,AB_NEG,diabete,MOYEN
37,67.1,164,24.95,0,1,0,3,1,A_POS,hypertension,MOYEN
34,93.4,180,28.82,0,0,1,2,2,O_NEG,aucun,MOYEN
32,67.2,151,29.49,0,1,1,2,2,O_NEG,hypertension,MOYEN
36,69.8,156,28.68,0,0,1,3,2,AB_NEG,aucun,MOYEN
35,67.0,160,26.19,0,1,1,3,2,B_NEG,hypertension,MOYEN
37,80.0,179,24.96,1,0,1,3,1,B_NEG,diabete,MOYEN
29,72.1,156,29.63,0,0,1,2,2,B_NEG,aucun,MOYEN
36,83.2,167,29.83,0,0,1,3,2,AB_NEG,aucun,MOYEN
34,67.7,160,26.44,0,0,0,2,2,AB_POS,aucun,MOYEN
36,61.4,161,23.7,0,0,1,3,1,O_NEG,aucun,MOYEN
33,84.5,173,28.24,1,1,1,2,2,A_NEG,diabete_hypertension,MOYEN
28,71.5,159,28.28,1,0,0,2,2,B_POS,diabete,MOYEN
31,72.6,169,25.4,1,0,1,2,2,AB_NEG,diabete,MOYEN
32,62.2,151,27.3,0,1,1,2,2,AB_NEG,hypertension,MOYEN
33,68.1,164,25.33,0,0,1,2,2,A_NEG,aucun,MOYEN
30,66.6,152,28.82,1,0,0,2,2,O_POS,diabete,MOYEN
30,69.0,168,24.46,0,0,0,2,1,AB_POS,aucun,MOYEN
34,68.8,168,24.38,1,0,0,2,1,AB_POS,diabete,MOYEN
29,63.2,153,27.0,0,0,0,2,2,B_POS,aucun,MOYEN
36,58.5,155,24.35,0,0,0,3,1,AB_POS,aucun,MOYEN
36,79.7,176,25.73,1,0,1,3,2,B_NEG,diabete,MOYEN
33,56.8,154,23.96,1,1,1,2,1,B_NEG,diabete_hypertension,MOYEN
37,91.8,176,29.64,0,0,1,3,2,A_NEG,aucun,MOYEN
28,72.2,178,22.78,0,1,0,2,1,B_POS,hypertension,MOYEN
30,54.6,151,23.93,1,0,1,2,1,O_NEG,diabete,MOYEN
33,74.8,165,27.47,0,0,1,2,2,O_NEG,aucun,MOYEN
34,65.8,160,25.69,0,1,0,2,2,O_POS,hypertension,MOYEN
30,79.5,171,27.2,0,0,0,2,2,A_POS,aucun,MOYEN
31,70.1,158,28.08,0,0,0,2,2,B_POS,aucun,MOYEN
31,51.6,150,22.95,0,0,1,2,1,B_NEG,aucun,MOYEN
33,67.1,166,24.33,0,1,0,2,1,AB_POS,hypertension,MOYEN
31,80.2,169,28.09,0,0,1,2,2,A_NEG,aucun,MOYEN
32,71.3,167,25.56,0,0,0,2,2,AB_POS,aucun,MOYEN
30,58.4,150,25.98,0,0,1,2,2,AB_NEG,aucun,MOYEN
28,83.7,176,27.03,0,1,0,2,2,A_POS,hypertension,MOYEN
32,69.3,154,29.24,1,1,1,2,2,O_NEG,diabete_hypertension,MOYEN
30,69.0,153,29.46,1,0,0,2,2,A_POS,diabete,MOYEN
36,56.3,154,23.72,0,0,1,3,1,O_NEG,aucun,MOYEN
36,75.1,175,24.51,0,0,0,3,1,B_POS,aucun,MOYEN
29,54.0,154,22.77,1,0,1,2,1,A_NEG,diabete,MOYEN
33,52.0,153,22.21,0,0,0,2,1,O_POS,aucun,MOYEN
31,56.6,152,24.49,0,1,0,2,1,O_POS,hypertension,MOYEN
30,61.5,156,25.27,0,0,0,2,2,A_POS,aucun,MOYEN
35,62.3,157,25.25,0,1,1,3,2,A_NEG,hypertension,MOYEN
34,60.4,150,26.86,0,0,0,2,2,B_POS,aucun,MOYEN
35,70.7,168,25.05,0,0,1,3,2,AB_NEG,aucun,MOYEN
35,65.1,159,25.76,1,0,1,3,2,B_NEG,diabete,MOYEN
37,60.1,164,22.34,0,0,1,3,1,A_NEG,aucun,MOYEN
30,52.1,152,22.54,0,0,1,2,1,AB_NEG,aucun,MOYEN
28,74.7,165,27.44,1,1,0,2,2,A_POS,diabete_hypertension,MOYEN
29,57.3,156,23.55,0,0,0,2,1,AB_POS,aucun,MOYEN
33,70.4,170,24.35,1,0,0,2,1,A_POS,diabete,MOYEN
28,61.0,157,24.75,0,0,0,2,1,O_POS,aucun,MOYEN
28,70.9,164,26.37,0,0,0,2,2,B_POS,aucun,MOYEN
33,56.8,159,22.45,0,1,1,2,1,A_NEG,hypertension,MOYEN
33,76.1,174,25.15,1,1,0,2,2,AB_POS,diabete_hypertension,MOYEN
33,71.7,170,24.8,1,0,0,2,1,O_POS,diabete,MOYEN
37,86.5,175,28.23,0,0,1,3,2,AB_NEG,aucun,MOYEN
30,87.8,175,28.67,0,0,1,2,2,B_NEG,aucun,MOYEN
35,65.8,160,25.69,0,1,1,3,2,AB_NEG,hypertension,MOYEN
29,79.5,169,27.84,0,1,0,2,2,A_POS,hypertension,MOYEN
33,78.9,170,27.3,0,1,1,2,2,B_NEG,hypertension,MOYEN
37,63.1,164,23.46,1,0,0,3,1,B_POS,diabete,MOYEN
31,67.7,166,24.56,1,0,1,2,1,B_NEG,diabete,MOYEN
32,78.9,181,24.08,0,1,0,2,1,B_POS,hypertension,MOYEN
36,88.3,180,27.26,0,1,1,3,2,A_NEG,hypertension,MOYEN
31,79.2,167,28.38,0,0,1,2,2,O_NEG,aucun,MOYEN
32,71.3,179,22.26,0,1,0,2,1,O_POS,hypertension,MOYEN
33,69.2,154,29.19,0,0,0,2,2,AB_POS,aucun,MOYEN
32,60.3,161,23.27,1,0,0,2,1,O_POS,diabete,MOYEN
33,75.7,159,29.94,0,0,1,2,2,B_NEG,aucun,MOYEN
36,72.6,175,23.72,1,0,0,3,1,O_POS,diabete,MOYEN
31,62.5,157,25.35,0,0,1,2,2,B_NEG,aucun,MOYEN
34,56.6,155,23.56,1,0,0,2,1,B_POS,diabete,MOYEN
36,81.8,170,28.29,1,0,0,3,2,O_POS,diabete,MOYEN
36,66.4,172,22.45,0,0,0,3,1,A_POS,aucun,MOYEN
31,66.0,171,22.56,0,0,1,2,1,A_NEG,aucun,MOYEN
31,71.3,159,28.2,0,0,1,2,2,B_NEG,aucun,MOYEN
37,85.2,174,28.15,0,0,1,3,2,O_NEG,aucun,MOYEN
31,77.2,166,28.02,1,0,1,2,2,O_NEG,diabete,MOYEN
37,58.1,156,23.86,1,0,0,3,1,O_POS,diabete,MOYEN
35,58.3,158,23.36,1,0,0,3,1,O_POS,diabete,MOYEN
35,73.5,173,24.55,1,1,0,3,1,AB_POS,diabete_hypertension,MOYEN
33,86.1,171,29.44,0,0,1,2,2,A_NEG,aucun,MOYEN
36,63.9,169,22.38,0,1,1,3,1,O_NEG,hypertension,MOYEN
33,60.8,165,22.34,1,0,1,2,1,B_NEG,diabete,MOYEN
32,67.3,158,26.97,0,0,0,2,2,O_POS,aucun,MOYEN
36,64.7,162,24.65,0,0,0,3,1,O_POS,aucun,MOYEN
37,69.6,168,24.66,0,0,0,3,1,B_POS,aucun,MOYEN
32,74.9,178,23.63,1,0,1,2,1,AB_NEG,diabete,MOYEN
36,71.8,155,29.88,0,1,0,3,2,B_POS,hypertension,MOYEN
30,70.8,171,24.2,0,1,1,2,1,B_NEG,hypertension,MOYEN
33,74.2,174,24.49,0,0,1,2,1,A_NEG,aucun,MOYEN
34,64.0,167,22.93,0,0,1,2,1,A_NEG,aucun,MOYEN
35,76.1,175,24.85,0,0,1,3,1,AB_NEG,aucun,MOYEN
34,60.3,159,23.85,0,0,0,2,1,A_POS,aucun,MOYEN
37,71.2,156,29.27,0,0,0,3,2,O_POS,aucun,MOYEN
28,68.8,162,26.22,1,0,0,2,2,B_POS,diabete,MOYEN
34,59.5,154,25.09,0,0,1,2,2,A_NEG,aucun,MOYEN
35,75.6,176,24.42,0,0,0,3,1,AB_POS,aucun,MOYEN
31,77.7,170,26.88,0,0,0,2,2,O_POS,aucun,MOYEN
31,79.8,170,27.6,0,0,1,2,2,B_NEG,aucun,MOYEN
35,77.6,176,25.06,0,0,0,3,2,A_POS,aucun,MOYEN
35,65.4,152,28.3,1,0,0,3,2,A_POS,diabete,MOYEN
32,63.3,151,27.77,1,1,1,2,2,AB_NEG,diabete_hypertension,MOYEN
30,82.8,179,25.85,0,0,1,2,2,AB_NEG,aucun,MOYEN
37,66.7,159,26.38,0,0,1,3,2,A_NEG,aucun,MOYEN
35,83.6,176,26.98,0,0,0,3,2,B_POS,aucun,MOYEN
28,62.2,160,24.28,1,0,0,2,1,O_POS,diabete,MOYEN
36,71.1,167,25.49,0,0,1,3,2,AB_NEG,aucun,MOYEN
44,91.1,167,32.65,0,0,0,3,3,A_POS,aucun,ELEVE
35,94.2,160,36.81,1,0,1,3,3,A_NEG,diabete,ELEVE
37,125.3,175,40.93,1,0,1,3,3,A_NEG,diabete,ELEVE
44,81.0,167,29.03,1,0,0,3,2,B_POS,diabete,ELEVE
42,86.2,155,35.88,1,1,0,3,3,A_POS,diabete_hypertension,ELEVE
40,69.2,156,28.42,1,1,1,3,2,O_NEG,diabete_hypertension,ELEVE
41,86.8,167,31.12,1,1,0,3,3,AB_POS,diabete_hypertension,ELEVE
39,93.5,170,32.35,0,1,0,3,3,O_POS,hypertension,ELEVE
41,111.7,173,37.31,1,0,1,3,3,B_NEG,diabete,ELEVE
45,90.1,176,29.09,1,1,1,3,2,B_NEG,diabete_hypertension,ELEVE
40,95.7,151,41.96,0,1,0,3,3,A_POS,hypertension,ELEVE
45,119.6,173,39.97,1,0,1,3,3,AB_NEG,diabete,ELEVE
45,97.6,159,38.62,1,1,0,3,3,O_POS,diabete_hypertension,ELEVE
45,85.6,150,38.07,0,0,0,3,3,A_POS,aucun,ELEVE
36,74.9,161,28.89,0,0,0,3,2,O_POS,aucun,ELEVE
36,71.1,161,27.45,1,0,0,3,2,A_POS,diabete,ELEVE
45,75.1,151,32.93,0,0,1,3,3,A_NEG,aucun,ELEVE
40,98.8,165,36.29,1,1,1,3,3,AB_NEG,diabete_hypertension,ELEVE
38,131.9,181,40.26,1,0,1,3,3,AB_NEG,diabete,ELEVE
43,62.0,151,27.2,1,0,0,3,2,O_POS,diabete,ELEVE
44,93.2,153,39.83,1,1,1,3,3,A_NEG,diabete_hypertension,ELEVE
36,113.0,173,37.74,0,0,1,3,3,B_NEG,aucun,ELEVE
37,111.5,180,34.42,1,0,1,3,3,B_NEG,diabete,ELEVE
44,101.2,159,40.05,1,0,1,3,3,A_NEG,diabete,ELEVE
40,89.8,165,32.99,1,1,0,3,3,AB_POS,diabete_hypertension,ELEVE
42,86.3,172,29.18,1,0,1,3,2,A_NEG,diabete,ELEVE
45,81.6,169,28.57,0,1,1,3,2,B_NEG,hypertension,ELEVE
45,102.3,162,39.0,1,0,0,3,3,A_POS,diabete,ELEVE
43,94.9,162,36.16,1,0,0,3,3,AB_POS,diabete,ELEVE
38,119.2,170,41.25,0,1,1,3,3,AB_NEG,hypertension,ELEVE
36,91.1,176,29.41,0,0,1,3,2,A_NEG,aucun,ELEVE
36,99.5,170,34.44,0,1,0,3,3,B_POS,hypertension,ELEVE
35,80.3,156,32.99,1,0,1,3,3,A_NEG,diabete,ELEVE
43,110.9,174,36.61,0,0,1,3,3,A_NEG,aucun,ELEVE
35,90.8,161,35.02,0,1,0,3,3,A_POS,hypertension,ELEVE
39,89.0,166,32.31,1,0,0,3,3,O_POS,diabete,ELEVE
38,66.8,151,29.32,0,1,0,3,2,A_POS,hypertension,ELEVE
41,83.7,163,31.51,0,0,1,3,3,B_NEG,aucun,ELEVE
42,108.3,166,39.29,0,0,0,3,3,AB_POS,aucun,ELEVE
36,68.3,152,29.56,0,0,1,3,2,A_NEG,aucun,ELEVE
45,122.6,177,39.13,0,0,0,3,3,B_POS,aucun,ELEVE
43,70.0,154,29.52,0,1,1,3,2,AB_NEG,hypertension,ELEVE
45,118.0,169,41.3,1,1,0,3,3,AB_POS,diabete_hypertension,ELEVE
39,87.1,164,32.4,0,1,1,3,3,A_NEG,hypertension,ELEVE
44,68.0,154,28.66,0,1,1,3,2,A_NEG,hypertension,ELEVE
36,129.4,177,41.29,1,0,0,3,3,O_POS,diabete,ELEVE
42,108.5,181,33.11,1,0,0,3,3,A_POS,diabete,ELEVE
41,80.4,158,32.19,1,1,0,3,3,O_POS,diabete_hypertension,ELEVE
40,74.5,153,31.84,0,1,1,3,3,O_NEG,hypertension,ELEVE
39,75.2,153,32.14,0,0,1,3,3,AB_NEG,aucun,ELEVE
41,121.5,178,38.35,0,1,1,3,3,AB_NEG,hypertension,ELEVE
45,104.9,165,38.51,1,0,0,3,3,B_POS,diabete,ELEVE
41,91.1,151,39.95,0,0,0,3,3,A_POS,aucun,ELEVE
45,87.5,179,27.3,0,0,0,3,2,B_POS,aucun,ELEVE
42,94.6,170,32.75,0,1,1,3,3,A_NEG,hypertension,ELEVE
41,88.8,162,33.82,0,1,0,3,3,AB_POS,hypertension,ELEVE
40,100.4,174,33.15,1,0,1,3,3,O_NEG,diabete,ELEVE
44,104.6,179,32.64,1,1,1,3,3,O_NEG,diabete_hypertension,ELEVE
37,96.3,161,37.16,1,1,0,3,3,B_POS,diabete_hypertension,ELEVE
41,118.6,180,36.6,0,1,0,3,3,B_POS,hypertension,ELEVE
39,72.9,160,28.49,1,0,0,3,2,O_POS,diabete,ELEVE
38,100.7,159,39.82,0,1,1,3,3,B_NEG,hypertension,ELEVE
44,131.1,178,41.38,0,1,1,3,3,A_NEG,hypertension,ELEVE
35,100.4,169,35.16,1,1,1,3,3,AB_NEG,diabete_hypertension,ELEVE
44,98.1,169,34.34,1,0,0,3,3,A_POS,diabete,ELEVE
45,98.6,177,31.46,1,1,0,3,3,O_POS,diabete_hypertension,ELEVE
35,91.9,150,40.82,0,0,0,3,3,O_POS,aucun,ELEVE
37,77.2,163,29.05,1,1,0,3,2,O_POS,diabete_hypertension,ELEVE
38,124.7,174,41.19,1,1,1,3,3,B_NEG,diabete_hypertension,ELEVE
41,93.4,158,37.42,0,1,1,3,3,A_NEG,hypertension,ELEVE
44,83.2,165,30.55,0,1,0,3,3,A_POS,hypertension,ELEVE
40,126.0,176,40.68,0,0,0,3,3,AB_POS,aucun,ELEVE
41,99.2,179,30.96,1,1,1,3,3,O_NEG,diabete_hypertension,ELEVE
38,115.9,177,37.0,1,0,1,3,3,A_NEG,diabete,ELEVE
43,107.1,171,36.62,0,0,0,3,3,A_POS,aucun,ELEVE
37,88.1,177,28.12,1,0,0,3,2,O_POS,diabete,ELEVE
37,95.7,174,31.61,0,1,0,3,3,A_POS,hypertension,ELEVE
37,93.6,168,33.16,0,0,0,3,3,B_POS,aucun,ELEVE
35,100.4,155,41.77,0,0,1,3,3,O_NEG,aucun,ELEVE
42,113.7,172,38.44,1,0,1,3,3,B_NEG,diabete,ELEVE
36,132.7,179,41.4,1,1,1,3,3,O_NEG,diabete_hypertension,ELEVE
38,136.8,181,41.75,0,0,0,3,3,B_POS,aucun,ELEVE
42,112.7,181,34.4,1,0,1,3,3,B_NEG,diabete,ELEVE
41,107.4,165,39.43,1,0,1,3,3,B_NEG,diabete,ELEVE
40,117.4,180,36.23,1,1,0,3,3,O_POS,diabete_hypertension,ELEVE
42,84.4,152,36.51,1,0,1,3,3,O_NEG,diabete,ELEVE
37,97.3,155,40.48,0,0,0,3,3,A_POS,aucun,ELEVE
36,67.8,151,29.75,0,1,0,3,2,A_POS,hypertension,ELEVE
35,122.9,175,40.14,0,1,0,3,3,AB_POS,hypertension,ELEVE
45,85.3,172,28.85,1,1,1,3,2,A_NEG,diabete_hypertension,ELEVE
43,92.5,177,29.52,1,0,1,3,2,O_NEG,diabete,ELEVE
36,76.6,150,34.04,1,0,0,3,3,A_POS,diabete,ELEVE
39,98.5,177,31.44,0,1,1,3,3,A_NEG,hypertension,ELEVE
39,110.1,163,41.42,0,1,1,3,3,B_NEG,hypertension,ELEVE
35,75.9,150,33.71,1,0,0,3,3,B_POS,diabete,ELEVE
35,89.6,173,29.94,1,1,1,3,2,A_NEG,diabete_hypertension,ELEVE
44,100.1,162,38.13,1,0,0,3,3,B_POS,diabete,ELEVE
41,84.6,175,27.62,0,1,0,3,2,A_POS,hypertension,ELEVE
39,68.0,157,27.6,1,0,0,3,2,A_POS,diabete,ELEVE
43,85.8,169,30.04,0,1,1,3,3,O_NEG,hypertension,ELEVE
36,90.8,180,28.03,1,0,0,3,2,B_POS,diabete,ELEVE
37,118.9,179,37.12,1,0,0,3,3,AB_POS,diabete,ELEVE
38,91.4,157,37.07,0,1,1,3,3,AB_NEG,hypertension,ELEVE
42,81.8,156,33.6,0,0,1,3,3,O_NEG,aucun,ELEVE
42,117.0,174,38.63,0,1,0,3,3,AB_POS,hypertension,ELEVE
44,76.5,162,29.13,1,0,1,3,2,AB_NEG,diabete,ELEVE
39,82.1,163,30.91,1,0,0,3,3,A_POS,diabete,ELEVE
38,83.0,155,34.55,1,1,0,3,3,A_POS,diabete_hypertension,ELEVE
38,82.4,168,29.19,0,1,0,3,2,AB_POS,hypertension,ELEVE
36,130.3,179,40.66,1,0,1,3,3,A_NEG,diabete,ELEVE
38,125.8,174,41.55,1,1,0,3,3,O_POS,diabete_hypertension,ELEVE
44,86.0,176,27.78,1,0,1,3,2,B_NEG,diabete,ELEVE
44,103.1,161,39.77,0,1,1,3,3,B_NEG,hypertension,ELEVE
35,105.5,164,39.22,0,0,1,3,3,AB_NEG,aucun,ELEVE
40,107.3,169,37.58,0,1,1,3,3,O_NEG,hypertension,ELEVE
37,105.4,160,41.15,1,1,1,3,3,A_NEG,diabete_hypertension,ELEVE
39,114.4,179,35.69,0,1,0,3,3,A_POS,hypertension,ELEVE
36,85.5,169,29.94,1,0,0,3,2,AB_POS,diabete,ELEVE
40,120.2,175,39.24,0,1,0,3,3,A_POS,hypertension,ELEVE
35,90.4,161,34.86,0,0,0,3,3,B_POS,aucun,ELEVE
37,122.5,171,41.91,0,0,0,3,3,O_POS,aucun,ELEVE
38,93.2,165,34.22,1,1,0,3,3,B_POS,diabete_hypertension,ELEVE
44,98.6,156,40.5,1,1,1,3,3,O_NEG,diabete_hypertension,ELEVE
35,103.8,168,36.78,1,0,0,3,3,O_POS,diabete,ELEVE
45,79.4,169,27.79,0,0,0,3,2,O_POS,aucun,ELEVE
45,81.4,155,33.86,0,0,0,3,3,B_POS,aucun,ELEVE
41,101.5,158,40.67,1,1,1,3,3,B_NEG,diabete_hypertension,ELEVE
38,129.4,177,41.31,0,0,1,3,3,AB_NEG,aucun,ELEVE
37,76.3,164,28.35,0,0,1,3,2,B_NEG,aucun,ELEVE
37,75.6,150,33.61,0,1,0,3,3,O_POS,hypertension,ELEVE
43,77.0,154,32.45,0,1,1,3,3,O_NEG,hypertension,ELEVE
35,93.4,155,38.89,1,0,1,3,3,A_NEG,diabete,ELEVE
36,75.3,156,30.93,0,1,1,3,3,O_NEG,hypertension,ELEVE
41,118.2,171,40.43,0,0,0,3,3,A_POS,aucun,ELEVE
43,105.6,170,36.54,1,1,0,3,3,B_POS,diabete_hypertension,ELEVE
38,72.5,154,30.59,0,1,0,3,3,A_POS,hypertension,ELEVE
40,66.2,155,27.55,1,1,0,3,2,O_POS,diabete_hypertension,ELEVE
37,100.9,176,32.59,0,1,0,3,3,O_POS,hypertension,ELEVE
44,62.8,150,27.91,0,0,1,3,2,AB_NEG,aucun,ELEVE
35,72.0,154,30.36,0,1,0,3,3,A_POS,hypertension,ELEVE
41,64.3,154,27.1,1,0,0,3,2,B_POS,diabete,ELEVE
39,115.4,166,41.86,0,0,1,3,3,A_NEG,aucun,ELEVE
42,88.0,156,36.16,0,0,1,3,3,B_NEG,aucun,ELEVE
43,119.1,175,38.89,0,0,1,3,3,A_NEG,aucun,ELEVE
39,76.9,161,29.66,1,1,0,3,2,AB_POS,diabete_hypertension,ELEVE
43,94.0,155,39.14,1,0,0,3,3,B_POS,diabete,ELEVE
35,101.3,165,37.19,1,0,1,3,3,B_NEG,diabete,ELEVE
35,105.7,161,40.76,1,0,1,3,3,AB_NEG,diabete,ELEVE
42,85.2,169,29.82,0,1,1,3,2,A_NEG,hypertension,ELEVE
44,94.1,153,40.2,1,1,1,3,3,O_NEG,diabete_hypertension,ELEVE
37,87.4,173,29.19,1,0,0,3,2,O_POS,diabete,ELEVE
41,70.6,159,27.91,0,1,1,3,2,AB_NEG,hypertension,ELEVE
38,79.0,171,27.0,0,1,0,3,2,B_POS,hypertension,ELEVE
38,80.3,162,30.61,1,1,0,3,3,AB_POS,diabete_hypertension,ELEVE
38,85.7,168,30.36,1,1,1,3,3,A_NEG,diabete_hypertension,ELEVE
38,79.5,155,33.08,1,1,1,3,3,B_NEG,diabete_hypertension,ELEVE
38,115.2,167,41.31,1,1,1,3,3,O_NEG,diabete_hypertension,ELEVE
41,103.4,171,35.36,0,1,1,3,3,A_NEG,hypertension,ELEVE
38,88.3,170,30.54,1,0,0,3,3,A_POS,diabete,ELEVE
39,79.5,163,29.92,1,1,0,3,2,AB_POS,diabete_hypertension,ELEVE
42,91.2,151,40.0,0,1,0,3,3,B_POS,hypertension,ELEVE
45,90.8,163,34.17,1,0,1,3,3,A_NEG,diabete,ELEVE
41,96.8,171,33.11,0,0,0,3,3,AB_POS,aucun,ELEVE
44,67.6,150,30.03,0,0,0,3,3,B_POS,aucun,ELEVE
37,95.7,158,38.34,1,0,1,3,3,B_NEG,diabete,ELEVE
40,73.2,151,32.09,0,1,1,3,3,O_NEG,hypertension,ELEVE
35,126.2,181,38.51,1,0,1,3,3,B_NEG,diabete,ELEVE
37,98.5,172,33.3,0,1,0,3,3,O_POS,hypertension,ELEVE
43,90.2,153,38.55,1,1,0,3,3,B_POS,diabete_hypertension,ELEVE
37,93.6,170,32.38,0,0,1,3,3,A_NEG,aucun,ELEVE
35,104.6,162,39.86,0,1,0,3,3,AB_POS,hypertension,ELEVE
45,109.7,163,41.27,1,0,1,3,3,O_NEG,diabete,ELEVE
37,102.1,172,34.5,0,0,0,3,3,AB_POS,aucun,ELEVE
36,100.2,175,32.71,1,1,0,3,3,O_POS,diabete_hypertension,ELEVE
45,97.9,155,40.74,1,1,1,3,3,O_NEG,diabete_hypertension,ELEVE
35,67.1,152,29.05,1,0,0,3,2,B_POS,diabete,ELEVE
40,96.5,160,37.68,1,0,1,3,3,O_NEG,diabete,ELEVE
36,110.7,180,34.18,0,1,1,3,3,B_NEG,hypertension,ELEVE
38,80.7,169,28.25,1,1,0,3,2,O_POS,diabete_hypertension,ELEVE
42,96.3,176,31.09,1,0,1,3,3,O_NEG,diabete,ELEVE
36,77.4,162,29.49,0,0,0,3,2,B_POS,aucun,ELEVE
45,119.1,177,38.0,1,0,1,3,3,B_NEG,diabete,ELEVE
41,109.2,171,37.35,1,1,0,3,3,O_POS,diabete_hypertension,ELEVE
39,86.1,174,28.43,1,1,0,3,2,A_POS,diabete_hypertension,ELEVE
39,115.7,166,41.99,1,0,0,3,3,A_POS,diabete,ELEVE
42,67.6,151,29.65,1,0,1,3,2,AB_NEG,diabete,ELEVE
43,107.0,169,37.46,1,1,0,3,3,B_POS,diabete_hypertension,ELEVE
38,99.1,162,37.77,1,1,0,3,3,AB_POS,diabete_hypertension,ELEVE
39,93.0,164,34.57,1,1,0,3,3,AB_POS,diabete_hypertension,ELEVE
42,80.6,154,33.98,1,0,1,3,3,AB_NEG,diabete,ELEVE
43,82.6,163,31.09,1,0,1,3,3,B_NEG,diabete,ELEVE
40,92.7,163,34.89,1,1,0,3,3,B_POS,diabete_hypertension,ELEVE
41,84.3,163,31.71,0,1,1,3,3,O_NEG,hypertension,ELEVE
43,98.0,160,38.3,1,1,1,3,3,A_NEG,diabete_hypertension,ELEVE
40,91.5,150,40.66,0,1,0,3,3,A_POS,hypertension,ELEVE
43,94.8,179,29.58,1,0,1,3,2,B_NEG,diabete,ELEVE
36,95.6,157,38.78,0,1,1,3,3,O_NEG,hypertension,ELEVE
39,103.0,163,38.75,1,0,1,3,3,B_NEG,diabete,ELEVE
43,92.0,172,31.1,1,0,0,3,3,A_POS,diabete,ELEVE
36,112.1,181,34.23,0,0,0,3,3,AB_POS,aucun,ELEVE
43,113.7,179,35.49,0,1,1,3,3,O_NEG,hypertension,ELEVE
35,67.7,151,29.68,1,1,0,3,2,A_POS,diabete_hypertension,ELEVE
35,112.9,174,37.29,0,0,1,3,3,B_NEG,aucun,ELEVE
39,98.5,154,41.54,1,1,0,3,3,AB_POS,diabete_hypertension,ELEVE
41,99.0,156,40.67,1,0,1,3,3,O_NEG,diabete,ELEVE
40,75.9,159,30.04,1,0,1,3,3,A_NEG,diabete,ELEVE
35,78.0,152,33.75,1,0,0,3,3,O_POS,diabete,ELEVE
35,99.0,170,34.25,0,0,0,3,3,O_POS,aucun,ELEVE
39,112.1,181,34.22,1,0,1,3,3,AB_NEG,diabete,ELEVE
39,97.4,159,38.54,1,1,0,3,3,AB_POS,diabete_hypertension,ELEVE
44,102.4,157,41.53,0,0,0,3,3,B_POS,aucun,ELEVE
39,97.3,167,34.89,0,1,1,3,3,A_NEG,hypertension,ELEVE
42,79.2,153,33.85,0,0,1,3,3,B_NEG,aucun,ELEVE
43,81.3,158,32.58,0,0,1,3,3,AB_NEG,aucun,ELEVE
41,94.7,168,33.54,0,0,0,3,3,A_POS,aucun,ELEVE
41,107.0,175,34.93,0,0,0,3,3,O_POS,aucun,ELEVE
40,112.2,173,37.49,0,1,1,3,3,O_NEG,hypertension,ELEVE
44,82.2,163,30.95,0,0,0,3,3,O_POS,aucun,ELEVE
45,111.9,174,36.95,1,0,1,3,3,O_NEG,diabete,ELEVE
41,128.6,180,39.68,1,1,1,3,3,AB_NEG,diabete_hypertension,ELEVE
40,69.6,153,29.71,0,1,1,3,2,B_NEG,hypertension,ELEVE
41,89.9,164,33.41,0,0,0,3,3,B_POS,aucun,ELEVE
39,96.5,181,29.44,0,1,0,3,2,A_POS,hypertension,ELEVE
38,111.5,170,38.6,1,0,1,3,3,B_NEG,diabete,ELEVE
35,70.7,159,27.96,1,0,1,3,2,B_NEG,diabete,ELEVE
39,104.4,163,39.3,1,1,0,3,3,O_POS,diabete_hypertension,ELEVE
36,129.0,177,41.16,1,0,0,3,3,A_POS,diabete,ELEVE
37,97.7,177,31.19,0,0,0,3,3,A_POS,aucun,ELEVE
40,105.1,174,34.7,0,1,1,3,3,O_NEG,hypertension,ELEVE
38,79.1,150,35.13,1,0,1,3,3,AB_NEG,diabete,ELEVE
39,114.5,169,40.1,1,0,0,3,3,O_POS,diabete,ELEVE
44,116.5,178,36.76,0,0,1,3,3,O_NEG,aucun,ELEVE
41,111.6,170,38.63,1,0,1,3,3,AB_NEG,diabete,ELEVE
42,95.3,167,34.18,0,0,0,3,3,AB_POS,aucun,ELEVE
42,90.9,165,33.37,0,0,0,3,3,B_POS,aucun,ELEVE
38,81.4,152,35.22,0,1,1,3,3,AB_NEG,hypertension,ELEVE
40,92.0,153,39.31,0,1,0,3,3,O_POS,hypertension,ELEVE
40,96.2,159,38.06,0,1,0,3,3,O_POS,hypertension,ELEVE
37,98.9,175,32.3,0,1,0,3,3,B_POS,hypertension,ELEVE
38,111.2,168,39.4,1,0,1,3,3,O_NEG,diabete,ELEVE
41,86.1,155,35.85,1,0,1,3,3,O_NEG,diabete,ELEVE
42,93.2,163,35.07,1,1,1,3,3,A_NEG,diabete_hypertension,ELEVE
44,73.7,160,28.78,1,0,0,3,2,AB_POS,diabete,ELEVE
44,97.5,174,32.19,0,1,1,3,3,B_NEG,hypertension,ELEVE
35,77.0,153,32.88,0,0,0,3,3,B_POS,aucun,ELEVE
37,93.7,158,37.52,0,0,0,3,3,A_POS,aucun,ELEVE
40,86.9,177,27.74,1,1,0,3,2,AB_POS,diabete_hypertension,ELEVE
40,95.5,179,29.8,1,0,0,3,2,B_POS,diabete,ELEVE
41,86.5,179,27.01,1,1,1,3,2,B_NEG,diabete_hypertension,ELEVE
45,110.6,167,39.66,0,0,1,3,3,B_NEG,aucun,ELEVE
44,73.8,163,27.79,1,0,0,3,2,AB_POS,diabete,ELEVE
41,103.4,173,34.56,1,1,1,3,3,AB_NEG,diabete_hypertension,ELEVE
35,103.7,163,39.04,1,1,0,3,3,AB_POS,diabete_hypertension,ELEVE
44,107.6,181,32.86,0,1,1,3,3,A_NEG,hypertension,ELEVE
38,94.7,162,36.09,1,0,1,3,3,O_NEG,diabete,ELEVE
37,94.7,169,33.16,1,0,0,3,3,O_POS,diabete,ELEVE
43,108.2,165,39.75,1,0,1,3,3,B_NEG,diabete,ELEVE
45,73.2,154,30.86,0,1,0,3,3,AB_POS,hypertension,ELEVE
41,100.8,168,35.73,0,0,1,3,3,O_NEG,aucun,ELEVE
45,103.8,175,33.9,1,1,1,3,3,AB_NEG,diabete_hypertension,ELEVE
35,82.8,169,29.01,1,1,0,3,2,O_POS,diabete_hypertension,ELEVE
37,103.4,161,39.9,0,0,1,3,3,AB_NEG,aucun,ELEVE
37,95.4,165,35.03,1,0,0,3,3,A_POS,diabete,ELEVE
39,88.2,150,39.21,1,1,0,3,3,B_POS,diabete_hypertension,ELEVE
39,96.6,165,35.49,0,1,0,3,3,AB_POS,hypertension,ELEVE
41,105.1,178,33.18,1,0,0,3,3,O_POS,diabete,ELEVE
44,99.9,166,36.24,1,0,0,3,3,A_POS,diabete,ELEVE
44,112.3,166,40.74,0,1,1,3,3,AB_NEG,hypertension,ELEVE
38,97.6,177,31.16,0,0,1,3,3,B_NEG,aucun,ELEVE
43,95.6,167,34.29,1,0,0,3,3,B_POS,diabete,ELEVE
36,78.1,153,33.37,0,0,0,3,3,AB_POS,aucun,ELEVE
42,81.0,168,28.7,1,1,0,3,2,B_POS,diabete_hypertension,ELEVE
43,91.6,164,34.06,0,0,1,3,3,O_NEG,aucun,ELEVE
41,92.2,167,33.04,1,1,1,3,3,B_NEG,diabete_hypertension,ELEVE
40,79.9,155,33.25,1,0,1,3,3,A_NEG,diabete,ELEVE
41,121.6,176,39.26,0,0,1,3,3,B_NEG,aucun,ELEVE
43,113.8,169,39.83,1,1,1,3,3,B_NEG,diabete_hypertension,ELEVE
44,73.1,160,28.54,1,0,1,3,2,A_NEG,diabete,ELEVE
42,100.6,178,31.77,1,0,1,3,3,AB_NEG,diabete,ELEVE
41,75.2,156,30.9,0,1,0,3,3,O_POS,hypertension,ELEVE
45,101.0,156,41.5,0,0,0,3,3,AB_POS,aucun,ELEVE
35,108.1,173,36.13,0,1,1,3,3,AB_NEG,hypertension,ELEVE
40,126.8,174,41.89,0,0,0,3,3,O_POS,aucun,ELEVE
35,91.3,156,37.51,0,1,0,3,3,B_POS,hypertension,ELEVE
43,98.6,170,34.11,0,0,0,3,3,O_POS,aucun,ELEVE
37,128.2,178,40.47,0,1,0,3,3,A_POS,hypertension,ELEVE
38,99.0,167,35.5,0,0,0,3,3,A_POS,aucun,ELEVE
44,82.9,155,34.5,0,0,1,3,3,B_NEG,aucun,ELEVE
43,129.8,178,40.97,0,0,1,3,3,O_NEG,aucun,ELEVE
35,82.1,170,28.42,1,0,1,3,2,B_NEG,diabete,ELEVE
40,107.8,164,40.07,1,0,0,3,3,O_POS,diabete,ELEVE
38,107.6,170,37.24,0,1,0,3,3,B_POS,hypertension,ELEVE
45,69.1,153,29.51,1,0,1,3,2,AB_NEG,diabete,ELEVE
38,88.3,169,30.9,1,0,0,3,3,AB_POS,diabete,ELEVE
38,96.6,170,33.42,1,0,1,3,3,AB_NEG,diabete,ELEVE
39,79.6,155,33.11,0,1,1,3,3,AB_NEG,hypertension,ELEVE
37,85.8,162,32.7,1,1,0,3,3,O_POS,diabete_hypertension,ELEVE
42,93.5,159,37.0,0,0,0,3,3,B_POS,aucun,ELEVE
44,127.2,179,39.69,1,1,0,3,3,AB_POS,diabete_hypertension,ELEVE
43,110.0,162,41.9,1,0,0,3,3,A_POS,diabete,ELEVE
44,101.1,174,33.38,0,1,1,3,3,A_NEG,hypertension,ELEVE
38,84.9,173,28.36,1,1,0,3,2,B_POS,diabete_hypertension,ELEVE
41,105.1,163,39.57,0,1,1,3,3,B_NEG,hypertension,ELEVE
35,104.0,173,34.75,1,0,0,3,3,A_POS,diabete,ELEVE
45,74.2,156,30.48,1,0,0,3,3,A_POS,diabete,ELEVE
44,79.4,155,33.07,0,1,0,3,3,O_POS,hypertension,ELEVE
38,96.4,179,30.08,1,0,1,3,3,O_NEG,diabete,ELEVE
43,84.6,160,33.05,0,1,0,3,3,O_POS,hypertension,ELEVE
39,80.9,154,34.13,0,0,0,3,3,AB_POS,aucun,ELEVE
35,116.7,177,37.24,0,1,0,3,3,O_POS,hypertension,ELEVE
45,74.3,153,31.74,1,1,0,3,3,B_POS,diabete_hypertension,ELEVE
39,103.1,165,37.88,1,1,1,3,3,AB_NEG,diabete_hypertension,ELEVE
36,99.9,176,32.26,1,0,1,3,3,B_NEG,diabete,ELEVE
37,71.3,158,28.56,0,0,0,3,2,O_POS,aucun,ELEVE
43,73.2,158,29.34,0,1,0,3,2,O_POS,hypertension,ELEVE
43,133.1,179,41.55,1,0,0,3,3,A_POS,diabete,ELEVE
45,109.1,174,36.03,1,0,0,3,3,AB_POS,diabete,ELEVE
36,94.5,166,34.3,0,1,0,3,3,O_POS,hypertension,ELEVE
44,72.5,159,28.67,0,1,0,3,2,B_POS,hypertension,ELEVE
36,123.5,173,41.27,0,0,0,3,3,AB_POS,aucun,ELEVE
41,62.7,152,27.16,0,1,0,3,2,B_POS,hypertension,ELEVE
35,107.2,180,33.07,1,0,0,3,3,AB_POS,diabete,ELEVE
35,99.8,163,37.57,0,1,0,3,3,A_POS,hypertension,ELEVE
43,82.7,151,36.27,0,0,1,3,3,AB_NEG,aucun,ELEVE
36,90.2,170,31.22,1,1,0,3,3,O_POS,diabete_hypertension,ELEVE
35,91.0,175,29.7,0,1,1,3,2,B_NEG,hypertension,ELEVE
43,101.5,176,32.78,1,0,1,3,3,A_NEG,diabete,ELEVE
44,124.9,177,39.87,0,1,1,3,3,A_NEG,hypertension,ELEVE
38,101.1,181,30.85,1,0,1,3,3,B_NEG,diabete,ELEVE
44,78.9,160,30.84,1,0,1,3,3,AB_NEG,diabete,ELEVE
41,83.6,161,32.24,1,0,1,3,3,O_NEG,diabete,ELEVE
41,123.9,177,39.54,1,1,1,3,3,AB_NEG,diabete_hypertension,ELEVE
38,93.7,153,40.05,0,0,0,3,3,A_POS,aucun,ELEVE
45,115.9,169,40.57,1,1,0,3,3,AB_POS,diabete_hypertension,ELEVE
42,107.0,165,39.32,1,0,1,3,3,A_NEG,diabete,ELEVE
36,76.7,161,29.6,1,0,0,3,2,B_POS,diabete,ELEVE
45,95.3,167,34.17,1,0,1,3,3,AB_NEG,diabete,ELEVE
38,92.3,176,29.81,1,0,0,3,2,O_POS,diabete,ELEVE
40,98.1,168,34.74,0,0,1,3,3,B_NEG,aucun,ELEVE
36,78.5,156,32.24,1,0,1,3,3,AB_NEG,diabete,ELEVE
37,106.7,161,41.16,0,1,0,3,3,B_POS,hypertension,ELEVE
41,114.2,169,39.98,1,0,0,3,3,B_POS,diabete,ELEVE
40,89.2,158,35.75,0,1,0,3,3,O_POS,hypertension,ELEVE
45,114.9,166,41.7,1,1,1,3,3,B_NEG,diabete_hypertension,ELEVE
40,90.8,165,33.36,1,0,0,3,3,B_POS,diabete,ELEVE
35,81.1,157,32.88,0,1,0,3,3,B_POS,hypertension,ELEVE
39,120.4,172,40.7,0,1,0,3,3,A_POS,hypertension,ELEVE
36,106.0,167,37.99,0,0,1,3,3,A_NEG,aucun,ELEVE
39,98.9,171,33.81,1,0,0,3,3,O_POS,diabete,ELEVE
36,90.0,178,28.42,1,1,1,3,2,A_NEG,diabete_hypertension,ELEVE
40,91.3,157,37.04,1,0,1,3,3,A_NEG,diabete,ELEVE
35,92.7,175,30.28,1,0,0,3,3,O_POS,diabete,ELEVE
35,87.7,179,27.36,0,1,0,3,2,AB_POS,hypertension,ELEVE
35,118.6,175,38.74,1,0,0,3,3,O_POS,diabete,ELEVE
36,99.0,168,35.07,1,1,0,3,3,A_POS,diabete_hypertension,ELEVE
35,102.5,177,32.72,1,0,1,3,3,O_NEG,diabete,ELEVE
38,109.0,172,36.83,0,0,1,3,3,AB_NEG,aucun,ELEVE
43,101.0,164,37.54,1,1,1,3,3,AB_NEG,diabete_hypertension,ELEVE
37,105.1,169,36.78,1,0,0,3,3,O_POS,diabete,ELEVE
42,116.2,180,35.86,0,1,1,3,3,AB_NEG,hypertension,ELEVE
37,87.3,167,31.3,1,0,1,3,3,B_NEG,diabete,ELEVE
44,110.2,174,36.41,0,0,1,3,3,AB_NEG,aucun,ELEVE
42,99.1,156,40.74,0,0,0,3,3,A_POS,aucun,ELEVE
45,87.6,156,36.02,1,1,1,3,3,AB_NEG,diabete_hypertension,ELEVE
37,121.5,177,38.79,1,0,1,3,3,AB_NEG,diabete,ELEVE
43,91.2,151,39.98,0,1,0,3,3,B_POS,hypertension,ELEVE
41,129.4,176,41.76,0,1,0,3,3,O_POS,hypertension,ELEVE
44,68.7,155,28.58,0,1,1,3,2,O_NEG,hypertension,ELEVE
45,106.2,169,37.19,0,0,0,3,3,B_POS,aucun,ELEVE
42,88.3,153,37.71,1,0,0,3,3,O_POS,diabete,ELEVE
44,75.5,157,30.62,1,1,1,3,3,B_NEG,diabete_hypertension,ELEVE
39,76.7,152,33.19,1,0,1,3,3,A_NEG,diabete,ELEVE
40,101.3,163,38.12,0,0,1,3,3,AB_NEG,aucun,ELEVE
44,86.8,150,38.56,0,1,1,3,3,AB_NEG,hypertension,ELEVE
35,71.3,152,30.88,0,1,0,3,3,O_POS,hypertension,ELEVE
38,107.0,175,34.94,1,1,0,3,3,O_POS,diabete_hypertension,ELEVE
36,73.9,163,27.83,1,0,1,3,2,O_NEG,diabete,ELEVE
44,90.8,178,28.66,1,0,1,3,2,B_NEG,diabete,ELEVE
38,81.1,160,31.67,1,0,1,3,3,A_NEG,diabete,ELEVE
38,113.4,167,40.64,1,0,0,3,3,A_POS,diabete,ELEVE
37,108.0,171,36.94,1,0,1,3,3,B_NEG,diabete,ELEVE
37,91.8,158,36.77,1,0,1,3,3,B_NEG,diabete,ELEVE
45,120.2,173,40.16,0,0,1,3,3,AB_NEG,aucun,ELEVE
42,123.1,179,38.42,1,0,0,3,3,A_POS,diabete,ELEVE
38,97.6,169,34.18,1,1,0,3,3,AB_POS,diabete_hypertension,ELEVE
37,79.1,167,28.35,0,0,0,3,2,A_POS,aucun,ELEVE
39,128.8,178,40.66,1,0,1,3,3,AB_NEG,diabete,ELEVE
42,87.9,151,38.56,0,1,0,3,3,B_POS,hypertension,ELEVE
37,67.8,150,30.12,0,0,1,3,3,O_NEG,aucun,ELEVE
37,100.0,157,40.58,1,0,0,3,3,AB_POS,diabete,ELEVE
43,127.7,179,39.85,1,1,0,3,3,AB_POS,diabete_hypertension,ELEVE
43,101.6,178,32.08,1,1,1,3,3,B_NEG,diabete_hypertension,ELEVE
38,106.1,161,40.95,0,0,1,3,3,AB_NEG,aucun,ELEVE
36,72.5,151,31.78,1,1,1,3,3,B_NEG,diabete_hypertension,ELEVE
38,117.3,168,41.57,0,0,1,3,3,A_NEG,aucun,ELEVE
40,77.4,153,33.08,0,0,1,3,3,O_NEG,aucun,ELEVE
36,87.3,173,29.16,0,0,1,3,2,A_NEG,aucun,ELEVE
38,128.9,181,39.36,1,0,0,3,3,A_POS,diabete,ELEVE
38,72.5,157,29.41,1,1,0,3,2,AB_POS,diabete_hypertension,ELEVE
36,96.7,176,31.22,1,1,1,3,3,AB_NEG,diabete_hypertension,ELEVE
44,66.5,153,28.39,1,1,0,3,2,AB_POS,diabete_hypertension,ELEVE
44,135.9,181,41.48,1,1,0,3,3,AB_POS,diabete_hypertension,ELEVE
39,89.3,176,28.82,0,0,1,3,2,A_NEG,aucun,ELEVE
40,132.6,180,40.94,0,0,1,3,3,A_NEG,aucun,ELEVE
45,104.5,173,34.91,0,0,0,3,3,B_POS,aucun,ELEVE
45,97.5,153,41.66,1,0,1,3,3,O_NEG,diabete,ELEVE
43,109.8,163,41.31,0,1,1,3,3,O_NEG,hypertension,ELEVE
36,116.0,177,37.02,1,1,0,3,3,B_POS,diabete_hypertension,ELEVE
37,97.6,174,32.24,1,1,1,3,3,A_NEG,diabete_hypertension,ELEVE
45,92.5,150,41.09,1,0,1,3,3,B_NEG,diabete,ELEVE
43,117.2,169,41.05,1,0,1,3,3,AB_NEG,diabete,ELEVE
41,89.0,158,35.64,0,0,0,3,3,A_POS,aucun,ELEVE
36,131.0,181,39.98,0,1,0,3,3,O_POS,hypertension,ELEVE
44,96.8,161,37.34,0,1,1,3,3,A_NEG,hypertension,ELEVE
37,94.7,174,31.28,0,1,0,3,3,B_POS,hypertension,ELEVE
44,88.0,170,30.45,0,1,0,3,3,B_POS,hypertension,ELEVE
43,94.4,167,33.84,1,1,1,3,3,B_NEG,diabete_hypertension,ELEVE
37,102.8,177,32.82,1,1,0,3,3,B_POS,diabete_hypertension,ELEVE
35,76.1,151,33.38,1,1,0,3,3,AB_POS,diabete_hypertension,ELEVE
41,74.3,153,31.75,1,0,1,3,3,O_NEG,diabete,ELEVE
39,124.0,181,37.86,0,1,0,3,3,AB_POS,hypertension,ELEVE
38,107.2,181,32.72,0,0,1,3,3,O_NEG,aucun,ELEVE
42,108.3,174,35.76,1,1,0,3,3,O_POS,diabete_hypertension,ELEVE
39,91.3,172,30.87,1,0,1,3,3,B_NEG,diabete,ELEVE
45,80.9,153,34.56,1,0,1,3,3,O_NEG,diabete,ELEVE
41,113.6,177,36.25,0,1,1,3,3,AB_NEG,hypertension,ELEVE
41,94.2,172,31.84,0,1,0,3,3,AB_POS,hypertension,ELEVE
41,116.8,169,40.89,0,1,1,3,3,O_NEG,hypertension,ELEVE
38,84.0,158,33.65,0,0,1,3,3,B_NEG,aucun,ELEVE
43,79.5,157,32.26,1,0,1,3,3,AB_NEG,diabete,ELEVE
44,81.8,170,28.32,0,0,1,3,2,A_NEG,aucun,ELEVE
36,92.8,150,41.27,0,1,1,3,3,O_NEG,hypertension,ELEVE
44,132.6,180,40.92,0,1,0,3,3,O_POS,hypertension,ELEVE
44,100.7,162,38.39,1,0,0,3,3,AB_POS,diabete,ELEVE
36,93.3,181,28.49,1,0,0,3,2,AB_POS,diabete,ELEVE
40,66.7,156,27.41,0,1,1,3,2,B_NEG,hypertension,ELEVE
45,95.9,170,33.17,1,0,1,3,3,O_NEG,diabete,ELEVE
36,126.4,180,39.02,1,0,1,3,3,O_NEG,diabete,ELEVE
44,91.0,154,38.36,1,1,0,3,3,A_POS,diabete_hypertension,ELEVE
41,103.4,171,35.35,1,1,0,3,3,O_POS,diabete_hypertension,ELEVE
38,76.3,150,33.92,1,0,1,3,3,B_NEG,diabete,ELEVE
44,126.4,177,40.34,0,1,1,3,3,O_NEG,hypertension,ELEVE
37,100.1,156,41.15,1,0,1,3,3,B_NEG,diabete,ELEVE
41,98.1,178,30.95,1,1,0,3,3,A_POS,diabete_hypertension,ELEVE
35,97.9,157,39.73,1,0,0,3,3,AB_POS,diabete,ELEVE
41,73.9,153,31.58,1,0,1,3,3,O_NEG,diabete,ELEVE
42,67.3,154,28.36,1,0,0,3,2,A_POS,diabete,ELEVE
41,118.7,176,38.34,1,1,0,3,3,A_POS,diabete_hypertension,ELEVE
41,96.2,174,31.78,0,1,0,3,3,AB_POS,hypertension,ELEVE
40,62.2,151,27.27,0,1,0,3,2,A_POS,hypertension,ELEVE
44,110.6,177,35.3,0,0,0,3,3,AB_POS,aucun,ELEVE
44,107.1,171,36.62,0,1,0,3,3,AB_POS,hypertension,ELEVE
39,88.6,175,28.92,1,0,1,3,2,AB_NEG,diabete,ELEVE
39,112.8,169,39.5,0,0,0,3,3,AB_POS,aucun,ELEVE
36,88.1,171,30.14,0,1,0,3,3,A_POS,hypertension,ELEVE
39,87.9,161,33.93,1,0,0,3,3,O_POS,diabete,ELEVE
38,84.4,154,35.58,1,0,0,3,3,A_POS,diabete,ELEVE
38,73.9,162,28.17,0,1,0,3,2,B_POS,hypertension,ELEVE
44,91.9,157,37.28,1,0,1,3,3,AB_NEG,diabete,ELEVE
39,99.7,173,33.32,1,1,1,3,3,B_NEG,diabete_hypertension,ELEVE
40,102.1,165,37.48,0,0,0,3,3,B_POS,aucun,ELEVE
44,69.9,159,27.64,1,1,0,3,2,B_POS,diabete_hypertension,ELEVE
43,87.9,150,39.05,0,0,1,3,3,A_NEG,aucun,ELEVE
36,109.0,177,34.79,0,1,1,3,3,A_NEG,hypertension,ELEVE
38,82.3,159,32.56,1,1,1,3,3,O_NEG,diabete_hypertension,ELEVE
42,98.2,178,31.0,1,0,1,3,3,A_NEG,diabete,ELEVE
43,123.6,172,41.76,0,0,1,3,3,O_NEG,aucun,ELEVE
42,97.5,155,40.58,1,0,0,3,3,AB_POS,diabete,ELEVE
45,106.1,168,37.61,1,1,1,3,3,B_NEG,diabete_hypertension,ELEVE
42,67.2,155,27.96,1,0,0,3,2,A_POS,diabete,ELEVE
40,116.9,172,39.51,1,1,0,3,3,B_POS,diabete_hypertension,ELEVE
44,97.4,179,30.41,0,0,1,3,3,A_NEG,aucun,ELEVE
38,108.3,177,34.58,1,0,1,3,3,O_NEG,diabete,ELEVE
43,90.2,177,28.8,1,1,0,3,2,A_POS,diabete_hypertension,ELEVE
45,68.3,152,29.55,1,1,1,3,2,O_NEG,diabete_hypertension,ELEVE
42,83.1,167,29.81,1,0,0,3,2,A_POS,diabete,ELEVE
38,107.9,178,34.04,1,0,0,3,3,AB_POS,diabete,ELEVE
38,71.5,158,28.66,1,1,0,3,2,A_POS,diabete_hypertension,ELEVE
44,79.1,157,32.1,0,1,0,3,3,B_POS,hypertension,ELEVE
40,96.9,165,35.6,0,1,1,3,3,AB_NEG,hypertension,ELEVE
41,88.3,180,27.24,0,1,0,3,2,A_POS,hypertension,ELEVE
38,77.8,151,34.14,0,0,1,3,3,AB_NEG,aucun,ELEVE
44,92.4,158,37.02,1,0,0,3,3,B_POS,diabete,ELEVE
37,80.0,153,34.19,1,1,1,3,3,O_NEG,diabete_hypertension,ELEVE
41,115.3,177,36.81,1,0,1,3,3,AB_NEG,diabete,ELEVE
37,110.2,170,38.14,0,1,1,3,3,AB_NEG,hypertension,ELEVE
39,92.1,179,28.74,0,1,1,3,2,O_NEG,hypertension,ELEVE
45,79.1,167,28.35,1,0,0,3,2,AB_POS,diabete,ELEVE
37,62.2,151,27.28,1,0,0,3,2,AB_POS,diabete,ELEVE
43,92.3,180,28.47,1,1,1,3,2,O_NEG,diabete_hypertension,ELEVE
36,89.8,159,35.53,1,0,0,3,3,B_POS,diabete,ELEVE
41,79.1,152,34.22,1,1,1,3,3,A_NEG,diabete_hypertension,ELEVE
35,125.6,177,40.08,0,1,0,3,3,AB_POS,hypertension,ELEVE
44,101.4,173,33.89,0,1,1,3,3,B_NEG,hypertension,ELEVE
42,101.6,162,38.72,1,0,1,3,3,O_NEG,diabete,ELEVE
35,98.0,159,38.76,1,1,0,3,3,O_POS,diabete_hypertension,ELEVE
44,79.8,154,33.63,0,1,1,3,3,A_NEG,hypertension,ELEVE
39,96.5,153,41.22,1,1,0,3,3,AB_POS,diabete_hypertension,ELEVE
42,90.6,158,36.28,1,1,0,3,3,A_POS,diabete_hypertension,ELEVE
36,94.5,158,37.84,0,1,0,3,3,B_POS,hypertension,ELEVE
41,108.8,168,38.56,1,0,0,3,3,A_POS,diabete,ELEVE
42,90.6,152,39.22,1,0,1,3,3,AB_NEG,diabete,ELEVE
42,103.8,163,39.08,1,0,1,3,3,A_NEG,diabete,ELEVE
37,99.4,180,30.67,0,1,0,3,3,AB_POS,hypertension,ELEVE
45,114.3,180,35.29,0,0,0,3,3,AB_POS,aucun,ELEVE
43,72.4,151,31.75,1,0,0,3,3,A_POS,diabete,ELEVE
38,113.1,172,38.24,0,0,0,3,3,O_POS,aucun,ELEVE
44,114.2,181,34.86,1,0,0,3,3,B_POS,diabete,ELEVE
45,86.3,150,38.37,0,1,1,3,3,A_NEG,hypertension,ELEVE
45,91.5,157,37.12,0,1,1,3,3,B_NEG,hypertension,ELEVE
39,83.8,161,32.34,1,0,0,3,3,AB_POS,diabete,ELEVE
42,111.3,164,41.39,1,0,0,3,3,O_POS,diabete,ELEVE
37,73.1,156,30.04,0,1,1,3,3,A_NEG,hypertension,ELEVE
43,108.6,181,33.14,0,1,1,3,3,AB_NEG,hypertension,ELEVE
40,101.0,167,36.22,0,0,1,3,3,A_NEG,aucun,ELEVE
38,108.4,162,41.29,1,0,1,3,3,B_NEG,diabete,ELEVE
38,86.3,169,30.2,0,0,1,3,3,B_NEG,aucun,ELEVE
38,97.8,169,34.24,1,0,1,3,3,A_NEG,diabete,ELEVE
40,70.7,156,29.04,1,0,0,3,2,A_POS,diabete,ELEVE
43,131.5,179,41.03,0,1,1,3,3,B_NEG,hypertension,ELEVE
43,77.9,164,28.96,0,0,0,3,2,A_POS,aucun,ELEVE
37,69.3,157,28.1,0,1,1,3,2,AB_NEG,hypertension,ELEVE
43,73.0,157,29.63,0,1,1,3,2,O_NEG,hypertension,ELEVE
45,92.9,156,38.18,0,0,0,3,3,A_POS,aucun,ELEVE
35,67.8,157,27.52,1,0,1,3,2,AB_NEG,diabete,ELEVE
41,91.6,159,36.23,0,0,0,3,3,O_POS,aucun,ELEVE
41,82.5,168,29.23,1,0,1,3,2,AB_NEG,diabete,ELEVE
36,105.9,178,33.41,0,1,0,3,3,B_POS,hypertension,ELEVE
37,101.5,159,40.14,1,0,0,3,3,O_POS,diabete,ELEVE
39,87.5,172,29.59,0,0,0,3,2,B_POS,aucun,ELEVE
45,124.0,174,40.97,1,0,1,3,3,B_NEG,diabete,ELEVE
43,83.7,170,28.97,1,0,1,3,2,O_NEG,diabete,ELEVE
37,95.6,163,35.97,0,0,0,3,3,O_POS,aucun,ELEVE
37,88.4,159,34.98,0,1,0,3,3,AB_POS,hypertension,ELEVE
35,102.8,166,37.3,1,0,0,3,3,A_POS,diabete,ELEVE
38,107.9,161,41.62,0,0,1,3,3,O_NEG,aucun,ELEVE
41,93.4,172,31.56,1,1,1,3,3,AB_NEG,diabete_hypertension,ELEVE
39,107.4,167,38.49,1,0,0,3,3,AB_POS,diabete,ELEVE
44,105.1,159,41.57,0,1,0,3,3,AB_POS,hypertension,ELEVE
41,94.8,179,29.59,0,0,1,3,2,B_NEG,aucun,ELEVE
40,89.4,174,29.53,1,1,1,3,2,AB_NEG,diabete_hypertension,ELEVE
39,99.8,180,30.8,0,0,1,3,3,AB_NEG,aucun,ELEVE
38,64.6,151,28.34,1,1,1,3,2,AB_NEG,diabete_hypertension,ELEVE
44,74.0,152,32.04,0,1,1,3,3,A_NEG,hypertension,ELEVE
40,114.0,179,35.58,1,0,0,3,3,A_POS,diabete,ELEVE
43,81.7,162,31.15,1,1,1,3,3,A_NEG,diabete_hypertension,ELEVE
44,86.5,172,29.22,1,1,1,3,2,B_NEG,diabete_hypertension,ELEVE
38,117.9,179,36.81,1,0,1,3,3,A_NEG,diabete,ELEVE
38,102.8,166,37.29,1,0,1,3,3,B_NEG,diabete,ELEVE
35,70.4,151,30.87,1,0,1,3,3,A_NEG,diabete,ELEVE
35,117.9,175,38.51,1,0,1,3,3,A_NEG,diabete,ELEVE
37,84.9,155,35.35,1,0,1,3,3,AB_NEG,diabete,ELEVE
36,77.7,155,32.35,1,0,1,3,3,A_NEG,diabete,ELEVE
42,127.3,179,39.73,0,1,0,3,3,B_POS,hypertension,ELEVE
42,84.3,166,30.59,0,0,0,3,3,A_POS,aucun,ELEVE
41,105.8,159,41.84,1,1,0,3,3,AB_POS,diabete_hypertension,ELEVE
44,93.6,164,34.78,0,1,1,3,3,AB_NEG,hypertension,ELEVE
42,71.4,154,30.12,0,0,1,3,3,A_NEG,aucun,ELEVE
42,76.3,167,27.35,0,1,0,3,2,A_POS,hypertension,ELEVE
37,110.9,180,34.22,1,0,1,3,3,A_NEG,diabete,ELEVE
42,93.3,156,38.35,1,0,1,3,3,B_NEG,diabete,ELEVE
44,86.5,150,38.44,0,1,1,3,3,AB_NEG,hypertension,ELEVE
36,109.8,174,36.26,0,0,0,3,3,A_POS,aucun,ELEVE
36,107.5,173,35.92,1,0,1,3,3,A_NEG,diabete,ELEVE
35,111.2,178,35.11,1,0,1,3,3,O_NEG,diabete,ELEVE
35,93.9,150,41.74,1,1,0,3,3,A_POS,diabete_hypertension,ELEVE
37,126.8,174,41.87,0,0,0,3,3,AB_POS,aucun,ELEVE
40,102.1,162,38.9,1,1,1,3,3,AB_NEG,diabete_hypertension,ELEVE
43,122.9,172,41.55,0,1,1,3,3,O_NEG,hypertension,ELEVE
42,96.5,175,31.49,0,0,0,3,3,B_POS,aucun,ELEVE
45,87.6,152,37.9,1,0,1,3,3,AB_NEG,diabete,ELEVE
38,92.9,181,28.36,1,1,0,3,2,A_POS,diabete_hypertension,ELEVE
35,109.7,177,35.03,0,0,1,3,3,A_NEG,aucun,ELEVE
42,92.6,161,35.73,0,1,0,3,3,A_POS,hypertension,ELEVE
45,93.2,181,28.46,1,0,0,3,2,B_POS,diabete,ELEVE
37,85.6,162,32.62,0,1,0,3,3,A_POS,hypertension,ELEVE
45,66.5,151,29.17,1,0,0,3,2,AB_POS,diabete,ELEVE
44,106.8,175,34.88,1,1,0,3,3,AB_POS,diabete_hypertension,ELEVE
43,75.3,153,32.15,0,0,0,3,3,AB_POS,aucun,ELEVE
39,98.0,177,31.27,0,0,1,3,3,B_NEG,aucun,ELEVE
38,72.5,150,32.21,1,1,1,3,3,B_NEG,diabete_hypertension,ELEVE
43,78.5,168,27.82,1,0,0,3,2,B_POS,diabete,ELEVE
43,86.6,166,31.42,1,1,1,3,3,A_NEG,diabete_hypertension,ELEVE
36,103.0,159,40.75,0,1,0,3,3,B_POS,hypertension,ELEVE
45,73.8,163,27.77,1,1,1,3,2,B_NEG,diabete_hypertension,ELEVE
36,123.1,175,40.18,1,1,0,3,3,O_POS,diabete_hypertension,ELEVE
35,69.0,154,29.1,0,0,0,3,2,B_POS,aucun,ELEVE
37,110.6,175,36.1,1,1,0,3,3,O_POS,diabete_hypertension,ELEVE
36,94.8,152,41.05,0,1,1,3,3,AB_NEG,hypertension,ELEVE
42,105.9,159,41.91,1,1,1,3,3,A_NEG,diabete_hypertension,ELEVE
36,106.4,176,34.35,1,1,0,3,3,O_POS,diabete_hypertension,ELEVE
45,95.8,162,36.49,1,0,1,3,3,O_NEG,diabete,ELEVE
41,96.2,156,39.51,0,0,1,3,3,B_NEG,aucun,ELEVE
40,91.0,157,36.91,0,0,0,3,3,AB_POS,aucun,ELEVE
45,83.9,163,31.59,0,1,0,3,3,A_POS,hypertension,ELEVE
45,102.9,171,35.18,1,0,1,3,3,O_NEG,diabete,ELEVE
35,135.4,180,41.78,0,1,1,3,3,AB_NEG,hypertension,ELEVE
35,96.3,175,31.45,0,1,1,3,3,A_NEG,hypertension,ELEVE
37,99.4,160,38.85,1,0,0,3,3,AB_POS,diabete,ELEVE
38,119.5,181,36.48,1,1,1,3,3,B_NEG,diabete_hypertension,ELEVE
36,89.6,179,27.95,0,1,0,3,2,O_POS,hypertension,ELEVE
37,85.5,150,37.99,1,0,0,3,3,B_POS,diabete,ELEVE
43,73.3,160,28.65,0,1,1,3,2,B_NEG,hypertension,ELEVE
38,106.1,160,41.45,0,1,1,3,3,A_NEG,hypertension,ELEVE
38,65.7,153,28.05,0,1,1,3,2,AB_NEG,hypertension,ELEVE
36,92.3,160,36.05,1,0,0,3,3,A_POS,diabete,ELEVE
45,106.4,163,40.05,0,1,0,3,3,AB_POS,hypertension,ELEVE
39,131.3,178,41.44,0,0,0,3,3,B_POS,aucun,ELEVE
42,102.1,170,35.32,1,0,1,3,3,O_NEG,diabete,ELEVE
41,120.0,177,38.29,0,0,1,3,3,A_NEG,aucun,ELEVE
44,99.3,175,32.42,1,1,1,3,3,B_NEG,diabete_hypertension,ELEVE
36,76.1,152,32.96,0,0,1,3,3,O_NEG,aucun,ELEVE
38,109.3,175,35.68,1,0,0,3,3,O_POS,diabete,ELEVE
35,79.3,155,33.02,0,1,1,3,3,O_NEG,hypertension,ELEVE
36,105.6,167,37.85,1,1,0,3,3,O_POS,diabete_hypertension,ELEVE
42,99.3,172,33.57,1,0,1,3,3,O_NEG,diabete,ELEVE
36,109.9,166,39.9,0,1,1,3,3,AB_NEG,hypertension,ELEVE
36,81.8,150,36.37,1,0,1,3,3,O_NEG,diabete,ELEVE
42,76.7,165,28.18,1,0,0,3,2,O_POS,diabete,ELEVE
43,87.0,173,29.05,0,1,1,3,2,A_NEG,hypertension,ELEVE
40,71.0,160,27.74,0,1,1,3,2,AB_NEG,hypertension,ELEVE
37,115.3,170,39.9,1,0,1,3,3,O_NEG,diabete,ELEVE
44,89.9,155,37.43,1,1,0,3,3,O_POS,diabete_hypertension,ELEVE
40,91.1,152,39.44,1,1,0,3,3,AB_POS,diabete_hypertension,ELEVE
38,81.2,154,34.26,0,0,1,3,3,B_NEG,aucun,ELEVE
41,115.5,170,39.97,0,0,1,3,3,A_NEG,aucun,ELEVE
38,130.1,178,41.07,1,0,0,3,3,A_POS,diabete,ELEVE
40,89.4,155,37.21,1,1,1,3,3,AB_NEG,diabete_hypertension,ELEVE
40,95.1,159,37.6,0,1,1,3,3,B_NEG,hypertension,ELEVE
44,91.6,159,36.25,1,0,1,3,3,AB_NEG,diabete,ELEVE
43,111.1,163,41.82,0,0,1,3,3,O_NEG,aucun,ELEVE
37,111.1,179,34.69,0,0,1,3,3,B_NEG,aucun,ELEVE
37,79.9,167,28.65,1,1,0,3,2,A_POS,diabete_hypertension,ELEVE
37,74.7,156,30.69,1,0,1,3,3,A_NEG,diabete,ELEVE
42,98.3,153,41.98,0,0,0,3,3,A_POS,aucun,ELEVE
43,106.1,172,35.86,0,0,1,3,3,A_NEG,aucun,ELEVE
36,85.2,173,28.48,0,0,1,3,2,A_NEG,aucun,ELEVE
45,96.7,173,32.3,1,0,0,3,3,B_POS,diabete,ELEVE
40,102.9,175,33.6,0,0,1,3,3,A_NEG,aucun,ELEVE
45,77.3,156,31.77,0,0,0,3,3,B_POS,aucun,ELEVE
36,129.2,177,41.24,1,0,1,3,3,AB_NEG,diabete,ELEVE
44,115.3,167,41.33,0,1,0,3,3,A_POS,hypertension,ELEVE
38,82.5,157,33.45,1,1,1,3,3,B_NEG,diabete_hypertension,ELEVE
45,108.9,180,33.61,1,1,0,3,3,B_POS,diabete_hypertension,ELEVE
44,92.4,179,28.83,1,0,0,3,2,AB_POS,diabete,ELEVE
37,99.2,173,33.14,0,1,0,3,3,O_POS,hypertension,ELEVE
41,88.5,159,35.01,1,0,1,3,3,AB_NEG,diabete,ELEVE
35,102.0,165,37.48,0,0,0,3,3,A_POS,aucun,ELEVE
43,79.0,157,32.07,0,1,1,3,3,AB_NEG,hypertension,ELEVE
36,84.7,158,33.94,1,0,1,3,3,A_NEG,diabete,ELEVE
45,96.4,163,36.28,1,0,1,3,3,B_NEG,diabete,ELEVE
37,86.7,173,28.97,1,1,0,3,2,A_POS,diabete_hypertension,ELEVE
39,89.8,152,38.87,0,1,1,3,3,A_NEG,hypertension,ELEVE
37,88.0,172,29.73,1,0,0,3,2,B_POS,diabete,ELEVE
43,105.8,179,33.03,1,1,1,3,3,AB_NEG,diabete_hypertension,ELEVE
36,112.3,175,36.65,1,0,0,3,3,A_POS,diabete,ELEVE
35,109.1,174,36.02,1,0,1,3,3,AB_NEG,diabete,ELEVE
42,107.1,176,34.57,0,0,1,3,3,AB_NEG,aucun,ELEVE
42,70.2,150,31.2,0,0,1,3,3,AB_NEG,aucun,ELEVE
38,101.6,177,32.43,1,1,1,3,3,A_NEG,diabete_hypertension,ELEVE
35,92.0,159,36.41,1,0,0,3,3,A_POS,diabete,ELEVE
36,89.7,175,29.3,1,0,0,3,2,O_POS,diabete,ELEVE
44,67.5,156,27.76,1,0,1,3,2,AB_NEG,diabete,ELEVE
38,73.6,160,28.75,1,1,1,3,2,B_NEG,diabete_hypertension,ELEVE
43,119.8,178,37.82,0,0,1,3,3,O_NEG,aucun,ELEVE
42,101.9,178,32.16,1,0,0,3,3,AB_POS,diabete,ELEVE
42,80.7,151,35.41,1,1,1,3,3,O_NEG,diabete_hypertension,ELEVE
37,86.9,153,37.11,1,0,0,3,3,O_POS,diabete,ELEVE
43,78.1,165,28.67,0,0,0,3,2,A_POS,aucun,ELEVE
43,105.7,180,32.63,1,1,0,3,3,AB_POS,diabete_hypertension,ELEVE
40,101.2,174,33.41,0,0,0,3,3,O_POS,aucun,ELEVE
44,119.3,170,41.28,0,0,0,3,3,AB_POS,aucun,ELEVE
43,76.5,151,33.56,0,0,1,3,3,B_NEG,aucun,ELEVE
43,83.9,152,36.29,1,0,1,3,3,B_NEG,diabete,ELEVE
40,115.0,177,36.71,0,1,0,3,3,AB_POS,hypertension,ELEVE
45,93.1,152,40.31,1,0,0,3,3,O_POS,diabete,ELEVE
43,85.5,168,30.28,1,0,1,3,3,AB_NEG,diabete,ELEVE
45,123.6,173,41.29,0,0,0,3,3,A_POS,aucun,ELEVE
42,76.8,153,32.81,1,0,1,3,3,O_NEG,diabete,ELEVE
38,87.0,169,30.45,0,0,0,3,3,AB_POS,aucun,ELEVE
41,82.5,162,31.43,1,1,0,3,3,AB_POS,diabete_hypertension,ELEVE
43,84.4,151,37.02,1,0,1,3,3,O_NEG,diabete,ELEVE
42,99.1,159,39.2,1,1,0,3,3,O_POS,diabete_hypertension,ELEVE
37,97.5,160,38.08,0,1,1,3,3,AB_NEG,hypertension,ELEVE
40,94.7,159,37.47,0,1,0,3,3,B_POS,hypertension,ELEVE
37,90.3,152,39.06,0,0,1,3,3,A_NEG,aucun,ELEVE
43,108.0,170,37.37,0,0,1,3,3,B_NEG,aucun,ELEVE
36,68.7,159,27.18,1,1,1,3,2,B_NEG,diabete_hypertension,ELEVE
41,112.9,177,36.05,1,0,0,3,3,O_POS,diabete,ELEVE
44,75.2,159,29.73,1,0,1,3,2,B_NEG,diabete,ELEVE
40,114.0,176,36.81,1,1,1,3,3,A_NEG,diabete_hypertension,ELEVE
37,88.3,176,28.5,1,0,1,3,2,B_NEG,diabete,ELEVE
39,87.9,179,27.43,0,0,1,3,2,B_NEG,aucun,ELEVE
44,103.2,172,34.89,0,0,0,3,3,A_POS,aucun,ELEVE
36,109.3,169,38.26,1,1,1,3,3,O_NEG,diabete_hypertension,ELEVE
42,97.9,164,36.41,1,1,1,3,3,O_NEG,diabete_hypertension,ELEVE
44,74.5,158,29.84,1,0,0,3,2,O_POS,diabete,ELEVE
38,105.1,161,40.56,0,1,1,3,3,AB_NEG,hypertension,ELEVE
44,102.0,167,36.57,1,0,1,3,3,AB_NEG,diabete,ELEVE
39,68.9,156,28.3,0,1,1,3,2,O_NEG,hypertension,ELEVE
41,106.2,164,39.49,1,0,1,3,3,B_NEG,diabete,ELEVE
41,120.9,176,39.02,1,0,1,3,3,A_NEG,diabete,ELEVE
42,112.3,177,35.83,0,0,0,3,3,O_POS,aucun,ELEVE
37,76.1,161,29.37,1,0,1,3,2,O_NEG,diabete,ELEVE
39,90.8,155,37.78,1,1,0,3,3,AB_POS,diabete_hypertension,ELEVE
45,74.6,153,31.88,1,1,1,3,3,AB_NEG,diabete_hypertension,ELEVE
37,65.0,152,28.15,1,0,0,3,2,O_POS,diabete,ELEVE
39,70.1,153,29.94,1,0,1,3,2,B_NEG,diabete,ELEVE
41,62.3,151,27.32,1,0,1,3,2,B_NEG,diabete,ELEVE
41,67.2,151,29.47,1,0,1,3,2,B_NEG,diabete,ELEVE
43,92.1,156,37.86,1,0,0,3,3,B_POS,diabete,ELEVE
44,73.1,156,30.03,0,0,1,3,3,A_NEG,aucun,ELEVE
35,82.3,162,31.35,1,0,1,3,3,B_NEG,diabete,ELEVE
44,116.7,167,41.85,1,0,1,3,3,B_NEG,diabete,ELEVE
36,81.8,170,28.32,1,0,0,3,2,O_POS,diabete,ELEVE
42,73.5,163,27.65,0,1,0,3,2,A_POS,hypertension,ELEVE
43,79.2,157,32.13,1,0,0,3,3,B_POS,diabete,ELEVE
39,66.0,156,27.1,1,0,1,3,2,A_NEG,diabete,ELEVE
39,91.6,161,35.34,0,1,0,3,3,B_POS,hypertension,ELEVE
38,97.4,164,36.23,1,0,1,3,3,A_NEG,diabete,ELEVE
43,103.8,178,32.76,0,0,1,3,3,O_NEG,aucun,ELEVE
44,106.7,160,41.69,1,1,0,3,3,A_POS,diabete_hypertension,ELEVE
36,123.4,179,38.51,1,0,0,3,3,A_POS,diabete,ELEVE
35,106.7,175,34.83,0,0,1,3,3,B_NEG,aucun,ELEVE
35,102.4,170,35.44,0,0,1,3,3,B_NEG,aucun,ELEVE
44,91.0,175,29.73,1,0,0,3,2,B_POS,diabete,ELEVE
36,99.5,178,31.4,0,1,0,3,3,AB_POS,hypertension,ELEVE
40,78.1,153,33.35,1,1,1,3,3,A_NEG,diabete_hypertension,ELEVE
42,87.7,152,37.94,1,0,1,3,3,A_NEG,diabete,ELEVE
35,97.5,168,34.55,0,0,0,3,3,B_POS,aucun,ELEVE
43,103.6,179,32.33,0,0,1,3,3,AB_NEG,aucun,ELEVE
40,86.1,160,33.65,0,1,1,3,3,A_NEG,hypertension,ELEVE
40,79.4,163,29.88,0,0,0,3,2,O_POS,aucun,ELEVE
35,97.0,163,36.51,0,0,0,3,3,O_POS,aucun,ELEVE
45,95.1,166,34.51,0,1,1,3,3,B_NEG,hypertension,ELEVE
42,92.6,157,37.57,0,1,0,3,3,A_POS,hypertension,ELEVE
40,77.1,158,30.9,1,1,0,3,3,B_POS,diabete_hypertension,ELEVE
40,67.9,152,29.38,1,0,1,3,2,O_NEG,diabete,ELEVE
40,86.6,174,28.6,0,1,1,3,2,O_NEG,hypertension,ELEVE
43,96.5,168,34.18,1,0,1,3,3,O_NEG,diabete,ELEVE
40,77.0,160,30.08,1,0,0,3,3,O_POS,diabete,ELEVE
40,71.2,152,30.82,1,0,1,3,3,A_NEG,diabete,ELEVE
42,125.6,180,38.76,1,0,0,3,3,AB_POS,diabete,ELEVE
35,73.7,153,31.47,0,1,1,3,3,B_NEG,hypertension,ELEVE
36,80.3,163,30.23,0,0,0,3,3,B_POS,aucun,ELEVE
40,74.7,155,31.11,1,1,1,3,3,O_NEG,diabete_hypertension,ELEVE
35,77.9,153,33.26,1,1,0,3,3,B_POS,diabete_hypertension,ELEVE
38,129.2,179,40.33,0,0,1,3,3,A_NEG,aucun,ELEVE
38,95.1,161,36.68,1,0,1,3,3,AB_NEG,diabete,ELEVE
43,74.7,158,29.92,0,1,1,3,2,A_NEG,hypertension,ELEVE
36,90.9,172,30.73,1,0,1,3,3,O_NEG,diabete,ELEVE
42,103.8,165,38.13,0,1,1,3,3,AB_NEG,hypertension,ELEVE
36,133.8,179,41.75,1,1,1,3,3,O_NEG,diabete_hypertension,ELEVE
39,114.1,170,39.47,1,0,0,3,3,B_POS,diabete,ELEVE
42,78.5,152,33.99,0,1,0,3,3,B_POS,hypertension,ELEVE
36,95.0,162,36.21,1,1,0,3,3,AB_POS,diabete_hypertension,ELEVE
45,86.5,152,37.46,1,1,0,3,3,O_POS,diabete_hypertension,ELEVE
44,91.9,150,40.86,0,1,1,3,3,B_NEG,hypertension,ELEVE
43,82.9,150,36.83,0,1,1,3,3,B_NEG,hypertension,ELEVE
44,108.7,171,37.16,0,1,0,3,3,AB_POS,hypertension,ELEVE
37,82.1,156,33.73,0,1,0,3,3,AB_POS,hypertension,ELEVE
44,82.0,152,35.48,1,0,1,3,3,AB_NEG,diabete,ELEVE
43,110.8,163,41.72,1,0,0,3,3,AB_POS,diabete,ELEVE
35,77.1,152,33.35,0,0,1,3,3,AB_NEG,aucun,ELEVE
44,91.0,172,30.77,1,0,0,3,3,AB_POS,diabete,ELEVE
41,76.9,157,31.2,1,0,0,3,3,B_POS,diabete,ELEVE
37,101.6,176,32.8,1,1,1,3,3,O_NEG,diabete_hypertension,ELEVE
40,81.1,168,28.72,0,0,0,3,2,AB_POS,aucun,ELEVE
35,105.7,167,37.9,1,0,0,3,3,AB_POS,diabete,ELEVE
41,88.4,163,33.26,0,1,1,3,3,O_NEG,hypertension,ELEVE
42,96.2,154,40.57,0,0,0,3,3,AB_POS,aucun,ELEVE
37,89.8,162,34.21,1,0,1,3,3,AB_NEG,diabete,ELEVE
40,78.6,165,28.87,0,0,0,3,2,AB_POS,aucun,ELEVE
42,94.1,181,28.74,0,0,1,3,2,A_NEG,aucun,ELEVE
37,65.9,155,27.43,1,0,0,3,2,A_POS,diabete,ELEVE
39,94.0,165,34.54,0,0,1,3,3,B_NEG,aucun,ELEVE
35,69.1,158,27.67,1,0,1,3,2,O_NEG,diabete,ELEVE
44,107.5,169,37.63,0,0,0,3,3,O_POS,aucun,ELEVE
45,120.1,180,37.08,1,0,1,3,3,A_NEG,diabete,ELEVE
42,93.1,155,38.77,0,0,1,3,3,A_NEG,aucun,ELEVE
38,89.4,177,28.52,1,0,1,3,2,A_NEG,diabete,ELEVE
43,128.5,181,39.21,0,1,1,3,3,AB_NEG,hypertension,ELEVE
42,79.1,163,29.76,0,1,1,3,2,O_NEG,hypertension,ELEVE
44,61.9,150,27.53,1,1,0,3,2,AB_POS,diabete_hypertension,ELEVE
43,86.5,171,29.59,1,1,1,3,2,B_NEG,diabete_hypertension,ELEVE
37,117.3,172,39.64,1,0,1,3,3,O_NEG,diabete,ELEVE
38,94.2,152,40.76,0,0,0,3,3,B_POS,aucun,ELEVE
40,91.6,151,40.18,0,0,0,3,3,O_POS,aucun,ELEVE
44,69.3,154,29.23,1,0,0,3,2,AB_POS,diabete,ELEVE
39,72.2,152,31.27,0,1,0,3,3,AB_POS,hypertension,ELEVE
36,125.0,174,41.28,0,0,1,3,3,B_NEG,aucun,ELEVE
35,88.8,165,32.62,1,0,0,3,3,A_POS,diabete,ELEVE
37,84.7,155,35.27,1,0,0,3,3,B_POS,diabete,ELEVE
39,79.8,150,35.47,0,0,0,3,3,A_POS,aucun,ELEVE
37,71.3,156,29.3,1,1,1,3,2,B_NEG,diabete_hypertension,ELEVE
36,77.7,163,29.24,0,1,0,3,2,B_POS,hypertension,ELEVE
41,68.7,150,30.53,0,1,0,3,3,A_POS,hypertension,ELEVE
37,113.1,181,34.53,1,1,1,3,3,B_NEG,diabete_hypertension,ELEVE
38,96.6,169,33.81,0,1,1,3,3,A_NEG,hypertension,ELEVE
37,78.9,156,32.42,0,1,1,3,3,A_NEG,hypertension,ELEVE
38,70.3,154,29.65,0,1,1,3,2,A_NEG,hypertension,ELEVE
45,100.1,165,36.75,1,1,1,3,3,A_NEG,diabete_hypertension,ELEVE
36,80.2,151,35.16,1,0,1,3,3,A_NEG,diabete,ELEVE
37,75.7,164,28.16,0,0,1,3,2,O_NEG,aucun,ELEVE
40,77.5,161,29.89,1,0,0,3,2,O_POS,diabete,ELEVE
38,91.5,180,28.23,0,1,0,3,2,B_POS,hypertension,ELEVE
44,94.5,166,34.28,1,0,0,3,3,B_POS,diabete,ELEVE
36,68.6,151,30.07,1,1,0,3,3,B_POS,diabete_hypertension,ELEVE
38,95.4,163,35.89,0,0,0,3,3,B_POS,aucun,ELEVE
44,70.5,152,30.51,1,1,0,3,3,AB_POS,diabete_hypertension,ELEVE
38,104.3,170,36.11,0,0,1,3,3,A_NEG,aucun,ELEVE
42,69.5,152,30.09,0,1,1,3,3,A_NEG,hypertension,ELEVE
41,133.5,179,41.67,0,1,1,3,3,A_NEG,hypertension,ELEVE
38,104.2,177,33.26,1,0,1,3,3,O_NEG,diabete,ELEVE
39,76.7,150,34.08,0,1,1,3,3,B_NEG,hypertension,ELEVE
45,71.9,159,28.46,0,1,1,3,2,A_NEG,hypertension,ELEVE
38,87.8,175,28.69,1,0,1,3,2,A_NEG,diabete,ELEVE
43,66.6,151,29.23,1,0,0,3,2,A_POS,diabete,ELEVE
40,106.3,171,36.36,0,1,0,3,3,A_POS,hypertension,ELEVE
42,101.9,167,36.53,1,1,0,3,3,AB_POS,diabete_hypertension,ELEVE
36,114.5,176,36.97,1,0,1,3,3,AB_NEG,diabete,ELEVE
38,68.4,154,28.84,0,1,1,3,2,B_NEG,hypertension,ELEVE
37,88.4,176,28.53,0,0,1,3,2,B_NEG,aucun,ELEVE
35,86.2,155,35.86,0,0,0,3,3,B_POS,aucun,ELEVE
43,120.1,179,37.49,1,0,0,3,3,A_POS,diabete,ELEVE
38,79.4,153,33.92,1,0,1,3,3,A_NEG,diabete,ELEVE
40,108.0,168,38.27,0,0,0,3,3,A_POS,aucun,ELEVE
39,77.1,156,31.7,0,0,0,3,3,B_POS,aucun,ELEVE
42,68.6,157,27.81,1,1,0,3,2,A_POS,diabete_hypertension,ELEVE
43,96.9,168,34.33,0,1,1,3,3,A_NEG,hypertension,ELEVE
37,97.8,154,41.24,0,1,1,3,3,O_NEG,hypertension,ELEVE
36,92.6,152,40.08,1,1,0,3,3,A_POS,diabete_hypertension,ELEVE
40,76.2,153,32.56,1,0,0,3,3,B_POS,diabete,ELEVE
44,123.6,175,40.35,1,0,0,3,3,O_POS,diabete,ELEVE
45,105.4,163,39.68,1,0,1,3,3,B_NEG,diabete,ELEVE
43,73.2,158,29.32,0,1,0,3,2,AB_POS,hypertension,ELEVE
38,84.9,176,27.4,1,0,0,3,2,AB_POS,diabete,ELEVE
35,97.2,179,30.33,0,1,0,3,3,B_POS,hypertension,ELEVE
37,94.8,176,30.61,1,1,1,3,3,B_NEG,diabete_hypertension,ELEVE
44,72.3,162,27.56,0,1,1,3,2,B_NEG,hypertension,ELEVE
39,92.4,178,29.17,1,1,1,3,2,A_NEG,diabete_hypertension,ELEVE
37,99.4,170,34.4,1,0,1,3,3,AB_NEG,diabete,ELEVE
44,81.2,151,35.62,0,0,0,3,3,A_POS,aucun,ELEVE
38,101.2,159,40.02,1,0,0,3,3,B_POS,diabete,ELEVE
36,103.3,173,34.51,0,0,1,3,3,B_NEG,aucun,ELEVE
35,77.1,157,31.29,0,0,1,3,3,A_NEG,aucun,ELEVE
35,81.7,168,28.95,1,1,0,3,2,AB_POS,diabete_hypertension,ELEVE
44,93.2,168,33.02,1,0,0,3,3,O_POS,diabete,ELEVE
39,82.3,161,31.74,1,1,0,3,3,A_POS,diabete_hypertension,ELEVE
44,107.3,165,39.4,0,1,0,3,3,A_POS,hypertension,ELEVE
43,69.8,160,27.28,0,0,0,3,2,A_POS,aucun,ELEVE
45,98.4,170,34.04,1,0,1,3,3,O_NEG,diabete,ELEVE
37,101.5,159,40.16,1,1,1,3,3,B_NEG,diabete_hypertension,ELEVE
36,81.2,162,30.94,0,1,0,3,3,A_POS,hypertension,ELEVE
43,70.6,161,27.25,0,1,0,3,2,AB_POS,hypertension,ELEVE
45,89.5,156,36.77,1,0,0,3,3,A_POS,diabete,ELEVE
45,73.8,151,32.36,1,1,1,3,3,A_NEG,diabete_hypertension,ELEVE
43,108.8,172,36.79,0,0,0,3,3,B_POS,aucun,ELEVE
44,130.2,178,41.09,1,0,0,3,3,O_POS,diabete,ELEVE
43,95.1,160,37.17,0,1,1,3,3,O_NEG,hypertension,ELEVE
44,71.0,151,31.12,1,0,1,3,3,O_NEG,diabete,ELEVE
35,128.7,180,39.72,0,0,1,3,3,B_NEG,aucun,ELEVE
42,105.5,173,35.26,1,0,1,3,3,A_NEG,diabete,ELEVE
36,101.1,165,37.13,1,0,0,3,3,AB_POS,diabete,ELEVE
44,87.5,156,35.97,1,0,0,3,3,O_POS,diabete,ELEVE
35,86.7,159,34.31,0,0,0,3,3,O_POS,aucun,ELEVE
36,85.9,159,33.98,0,0,0,3,3,A_POS,aucun,ELEVE
43,104.7,167,37.54,1,0,1,3,3,O_NEG,diabete,ELEVE
44,92.8,153,39.63,1,0,1,3,3,B_NEG,diabete,ELEVE
38,95.9,161,36.99,0,0,1,3,3,O_NEG,aucun,ELEVE
37,91.5,165,33.61,0,1,1,3,3,B_NEG,hypertension,ELEVE
43,110.7,165,40.65,1,1,0,3,3,O_POS,diabete_hypertension,ELEVE
41,88.7,156,36.45,0,0,1,3,3,O_NEG,aucun,ELEVE
36,112.4,180,34.7,1,0,0,3,3,B_POS,diabete,ELEVE
36,98.3,168,34.82,1,1,1,3,3,B_NEG,diabete_hypertension,ELEVE
42,82.7,171,28.29,0,1,1,3,2,B_NEG,hypertension,ELEVE
42,125.1,181,38.18,1,1,1,3,3,A_NEG,diabete_hypertension,ELEVE
38,83.1,152,35.97,0,0,1,3,3,A_NEG,aucun,ELEVE
40,118.4,174,39.11,1,0,0,3,3,A_POS,diabete,ELEVE
40,100.5,159,39.77,0,1,1,3,3,O_NEG,hypertension,ELEVE
42,93.5,174,30.88,1,0,0,3,3,B_POS,diabete,ELEVE
37,101.8,164,37.83,0,0,1,3,3,A_NEG,aucun,ELEVE
36,96.0,174,31.71,0,0,0,3,3,B_POS,aucun,ELEVE
43,91.2,156,37.46,1,0,0,3,3,A_POS,diabete,ELEVE
44,96.5,177,30.81,0,1,1,3,3,A_NEG,hypertension,ELEVE
45,77.4,154,32.65,1,1,1,3,3,AB_NEG,diabete_hypertension,ELEVE
41,80.2,154,33.83,0,0,1,3,3,B_NEG,aucun,ELEVE
36,109.6,180,33.82,0,0,1,3,3,B_NEG,aucun,ELEVE
42,64.6,153,27.6,1,0,0,3,2,AB_POS,diabete,ELEVE
37,75.3,151,33.01,1,0,0,3,3,O_POS,diabete,ELEVE
40,77.0,165,28.27,0,1,1,3,2,B_NEG,hypertension,ELEVE
40,96.0,181,29.31,0,0,1,3,2,O_NEG,aucun,ELEVE
41,92.7,155,38.58,1,0,1,3,3,A_NEG,diabete,ELEVE
39,76.9,153,32.83,1,0,1,3,3,O_NEG,diabete,ELEVE
41,118.0,175,38.53,1,0,0,3,3,O_POS,diabete,ELEVE
38,87.6,170,30.32,0,0,0,3,3,A_POS,aucun,ELEVE
45,118.0,170,40.84,0,0,0,3,3,O_POS,aucun,ELEVE
41,95.5,179,29.8,0,0,0,3,2,A_POS,aucun,ELEVE
40,92.9,165,34.14,1,1,1,3,3,B_NEG,diabete_hypertension,ELEVE
39,90.0,175,29.4,0,1,0,3,2,O_POS,hypertension,ELEVE
41,115.1,169,40.31,1,1,1,3,3,A_NEG,diabete_hypertension,ELEVE
38,80.9,161,31.2,0,0,1,3,3,A_NEG,aucun,ELEVE
42,68.1,154,28.72,0,1,1,3,2,AB_NEG,hypertension,ELEVE
41,90.5,154,38.15,1,1,0,3,3,A_POS,diabete_hypertension,ELEVE
42,77.8,165,28.58,1,0,1,3,2,B_NEG,diabete,ELEVE
36,86.3,154,36.39,1,1,1,3,3,AB_NEG,diabete_hypertension,ELEVE
41,99.5,160,38.88,0,1,0,3,3,B_POS,hypertension,ELEVE
41,118.4,170,40.98,1,0,1,3,3,B_NEG,diabete,ELEVE
38,115.5,176,37.29,0,0,1,3,3,A_NEG,aucun,ELEVE
44,95.4,151,41.84,0,1,0,3,3,AB_POS,hypertension,ELEVE
36,77.7,167,27.85,0,1,1,3,2,B_NEG,hypertension,ELEVE
39,84.1,167,30.16,1,0,1,3,3,AB_NEG,diabete,ELEVE
38,87.7,160,34.26,1,0,1,3,3,A_NEG,diabete,ELEVE
45,87.5,156,35.97,1,1,1,3,3,B_NEG,diabete_hypertension,ELEVE
44,102.3,175,33.39,0,0,0,3,3,AB_POS,aucun,ELEVE
36,102.5,169,35.88,1,0,1,3,3,A_NEG,diabete,ELEVE
42,98.8,165,36.3,0,1,1,3,3,O_NEG,hypertension,ELEVE
44,88.2,155,36.71,1,0,0,3,3,O_POS,diabete,ELEVE
38,88.8,158,35.58,0,1,0,3,3,B_POS,hypertension,ELEVE
44,129.7,177,41.41,0,1,1,3,3,A_NEG,hypertension,ELEVE
38,116.6,173,38.95,0,0,1,3,3,O_NEG,aucun,ELEVE
41,94.3,162,35.95,1,1,0,3,3,AB_POS,diabete_hypertension,ELEVE
39,108.0,172,36.51,1,0,0,3,3,A_POS,diabete,ELEVE
37,89.3,150,39.67,0,0,0,3,3,B_POS,aucun,ELEVE
36,110.8,180,34.19,1,0,1,3,3,A_NEG,diabete,ELEVE
35,114.8,178,36.25,0,1,0,3,3,B_POS,hypertension,ELEVE
40,93.0,174,30.7,1,1,0,3,3,B_POS,diabete_hypertension,ELEVE
43,92.5,161,35.67,1,0,0,3,3,A_POS,diabete,ELEVE
36,74.8,165,27.48,1,0,1,3,2,O_NEG,diabete,ELEVE
40,135.3,181,41.3,1,0,1,3,3,B_NEG,diabete,ELEVE
38,74.7,160,29.19,0,0,1,3,2,AB_NEG,aucun,ELEVE
45,82.0,152,35.5,0,1,0,3,3,A_POS,hypertension,ELEVE
38,126.1,181,38.49,0,1,1,3,3,B_NEG,hypertension,ELEVE
40,97.3,174,32.12,1,1,0,3,3,O_POS,diabete_hypertension,ELEVE
40,99.0,156,40.69,1,1,0,3,3,AB_POS,diabete_hypertension,ELEVE
40,88.5,165,32.49,1,1,1,3,3,A_NEG,diabete_hypertension,ELEVE
42,70.7,152,30.61,1,0,1,3,3,O_NEG,diabete,ELEVE
42,79.3,168,28.09,1,0,1,3,2,A_NEG,diabete,ELEVE
35,80.2,167,28.75,1,1,0,3,2,A_POS,diabete_hypertension,ELEVE
39,101.3,160,39.55,0,0,1,3,3,A_NEG,aucun,ELEVE
38,110.4,172,37.32,1,0,1,3,3,O_NEG,diabete,ELEVE
43,78.0,150,34.67,1,1,1,3,3,AB_NEG,diabete_hypertension,ELEVE
42,109.8,169,38.44,0,1,0,3,3,AB_POS,hypertension,ELEVE
40,86.6,168,30.69,1,0,1,3,3,AB_NEG,diabete,ELEVE
43,121.9,181,37.2,0,1,0,3,3,O_POS,hypertension,ELEVE
36,99.4,160,38.81,0,1,0,3,3,A_POS,hypertension,ELEVE
36,113.8,169,39.85,1,0,1,3,3,O_NEG,diabete,ELEVE
41,132.3,181,40.4,1,1,1,3,3,B_NEG,diabete_hypertension,ELEVE
42,96.3,168,34.13,0,1,0,3,3,O_POS,hypertension,ELEVE
36,82.8,170,28.63,1,0,0,3,2,AB_POS,diabete,ELEVE
36,68.8,152,29.8,0,0,1,3,2,A_NEG,aucun,ELEVE
38,134.3,180,41.46,1,1,1,3,3,A_NEG,diabete_hypertension,ELEVE
45,70.2,157,28.47,1,1,1,3,2,B_NEG,diabete_hypertension,ELEVE
40,100.7,161,38.83,0,1,0,3,3,AB_POS,hypertension,ELEVE
35,93.4,171,31.93,1,1,0,3,3,AB_POS,diabete_hypertension,ELEVE
40,79.8,164,29.67,1,0,0,3,2,O_POS,diabete,ELEVE
40,86.9,166,31.53,1,1,0,3,3,O_POS,diabete_hypertension,ELEVE
41,95.2,155,39.62,1,0,1,3,3,O_NEG,diabete,ELEVE
35,110.5,168,39.14,1,0,1,3,3,AB_NEG,diabete,ELEVE
40,94.8,180,29.25,1,1,1,3,2,O_NEG,diabete_hypertension,ELEVE
39,137.4,181,41.95,1,1,0,3,3,A_POS,diabete_hypertension,ELEVE
42,104.4,170,36.12,0,1,1,3,3,B_NEG,hypertension,ELEVE
39,89.0,161,34.32,0,1,0,3,3,O_POS,hypertension,ELEVE
35,104.1,162,39.65,1,0,1,3,3,A_NEG,diabete,ELEVE
45,107.9,167,38.68,1,0,1,3,3,A_NEG,diabete,ELEVE
36,109.9,166,39.87,0,0,0,3,3,B_POS,aucun,ELEVE
44,81.2,150,36.09,1,1,0,3,3,O_POS,diabete_hypertension,ELEVE
39,70.0,153,29.9,0,1,1,3,2,O_NEG,hypertension,ELEVE
38,91.0,161,35.11,0,0,1,3,3,B_NEG,aucun,ELEVE
42,90.5,163,34.08,0,0,0,3,3,A_POS,aucun,ELEVE
42,94.1,169,32.96,0,0,1,3,3,AB_NEG,aucun,ELEVE
44,91.6,155,38.12,1,0,0,3,3,O_POS,diabete,ELEVE
43,116.9,175,38.17,1,0,0,3,3,O_POS,diabete,ELEVE
38,104.1,177,33.22,1,0,1,3,3,A_NEG,diabete,ELEVE
39,105.0,170,36.35,1,1,0,3,3,A_POS,diabete_hypertension,ELEVE
37,73.3,153,31.3,1,0,0,3,3,AB_POS,diabete,ELEVE
41,76.1,164,28.31,0,0,1,3,2,AB_NEG,aucun,ELEVE
36,79.3,161,30.6,0,1,1,3,3,O_NEG,hypertension,ELEVE
41,82.1,174,27.1,1,0,1,3,2,O_NEG,diabete,ELEVE
38,87.3,164,32.46,0,1,0,3,3,O_POS,hypertension,ELEVE
39,83.4,170,28.85,1,0,1,3,2,B_NEG,diabete,ELEVE
44,126.8,179,39.58,1,0,0,3,3,B_POS,diabete,ELEVE
44,90.8,157,36.85,1,0,1,3,3,B_NEG,diabete,ELEVE
37,109.0,169,38.15,0,1,1,3,3,B_NEG,hypertension,ELEVE
40,99.0,159,39.17,0,0,1,3,3,AB_NEG,aucun,ELEVE
40,82.4,153,35.19,0,0,0,3,3,B_POS,aucun,ELEVE
44,90.0,181,27.47,0,0,1,3,2,A_NEG,aucun,ELEVE
44,109.8,169,38.43,1,0,1,3,3,A_NEG,diabete,ELEVE
37,94.6,170,32.74,1,0,1,3,3,A_NEG,diabete,ELEVE
41,81.4,161,31.39,1,0,1,3,3,O_NEG,diabete,ELEVE
35,106.3,180,32.82,1,0,1,3,3,O_NEG,diabete,ELEVE
39,92.5,181,28.24,1,0,0,3,2,AB_POS,diabete,ELEVE
44,93.1,155,38.75,1,0,1,3,3,AB_NEG,diabete,ELEVE
45,91.5,173,30.56,0,0,1,3,3,A_NEG,aucun,ELEVE
38,75.4,167,27.05,1,1,0,3,2,A_POS,diabete_hypertension,ELEVE
40,67.6,153,28.9,1,0,1,3,2,O_NEG,diabete,ELEVE
38,116.6,171,39.89,1,1,0,3,3,AB_POS,diabete_hypertension,ELEVE
41,84.1,156,34.56,0,1,0,3,3,B_POS,hypertension,ELEVE
44,100.5,177,32.08,1,0,1,3,3,AB_NEG,diabete,ELEVE
37,82.5,151,36.19,1,1,0,3,3,O_POS,diabete_hypertension,ELEVE
36,112.7,178,35.56,1,0,0,3,3,B_POS,diabete,ELEVE
44,97.4,168,34.49,0,0,0,3,3,A_POS,aucun,ELEVE
39,117.1,170,40.51,0,1,0,3,3,AB_POS,hypertension,ELEVE
35,93.9,159,37.14,1,0,1,3,3,B_NEG,diabete,ELEVE
38,126.5,177,40.36,1,0,0,3,3,AB_POS,diabete,ELEVE
35,117.2,169,41.03,1,0,0,3,3,AB_POS,diabete,ELEVE
39,97.6,157,39.58,0,1,0,3,3,B_POS,hypertension,ELEVE
45,99.1,168,35.12,0,1,1,3,3,O_NEG,hypertension,ELEVE
40,76.0,157,30.82,1,1,0,3,3,O_POS,diabete_hypertension,ELEVE
38,72.0,152,31.16,0,0,1,3,3,O_NEG,aucun,ELEVE
45,102.0,166,37.0,0,0,0,3,3,A_POS,aucun,ELEVE
37,110.3,164,41.02,1,1,1,3,3,O_NEG,diabete_hypertension,ELEVE
37,82.2,170,28.43,1,1,0,3,2,A_POS,diabete_hypertension,ELEVE
35,106.4,167,38.14,1,0,0,3,3,O_POS,diabete,ELEVE
40,109.2,165,40.11,0,0,1,3,3,A_NEG,aucun,ELEVE
42,65.2,151,28.6,0,0,1,3,2,O_NEG,aucun,ELEVE
43,87.4,169,30.62,1,1,1,3,3,A_NEG,diabete_hypertension,ELEVE
38,85.0,154,35.83,0,1,0,3,3,AB_POS,hypertension,ELEVE
36,78.9,164,29.32,0,0,1,3,2,B_NEG,aucun,ELEVE
38,93.8,156,38.54,0,1,0,3,3,AB_POS,hypertension,ELEVE
44,83.7,164,31.11,0,1,1,3,3,B_NEG,hypertension,ELEVE
37,118.7,179,37.05,1,0,0,3,3,B_POS,diabete,ELEVE
36,93.6,166,33.96,0,0,1,3,3,O_NEG,aucun,ELEVE
36,87.3,175,28.5,1,0,1,3,2,AB_NEG,diabete,ELEVE
44,91.5,165,33.6,0,1,1,3,3,AB_NEG,hypertension,ELEVE
39,113.7,181,34.71,1,0,0,3,3,B_POS,diabete,ELEVE
42,93.8,181,28.62,0,1,0,3,2,A_POS,hypertension,ELEVE
40,94.5,171,32.31,0,0,0,3,3,B_POS,aucun,ELEVE
41,84.6,176,27.32,0,1,0,3,2,A_POS,hypertension,ELEVE
42,111.5,167,39.99,1,1,1,3,3,B_NEG,diabete_hypertension,ELEVE
44,101.8,164,37.84,1,1,0,3,3,AB_POS,diabete_hypertension,ELEVE
43,134.8,180,41.6,0,1,0,3,3,O_POS,hypertension,ELEVE
43,111.4,167,39.96,0,1,1,3,3,O_NEG,hypertension,ELEVE
39,77.0,168,27.28,1,0,0,3,2,AB_POS,diabete,ELEVE
42,116.2,179,36.28,1,0,1,3,3,AB_NEG,diabete,ELEVE
37,73.4,159,29.04,1,0,1,3,2,A_NEG,diabete,ELEVE
43,85.5,165,31.39,1,1,1,3,3,A_NEG,diabete_hypertension,ELEVE
45,91.0,177,29.05,0,1,1,3,2,O_NEG,hypertension,ELEVE
41,102.2,156,41.99,0,0,0,3,3,O_POS,aucun,ELEVE
38,87.5,151,38.39,0,1,1,3,3,A_NEG,hypertension,ELEVE
35,75.6,164,28.1,1,0,0,3,2,B_POS,diabete,ELEVE
44,100.1,161,38.63,1,0,1,3,3,O_NEG,diabete,ELEVE
42,90.1,169,31.55,1,0,1,3,3,O_NEG,diabete,ELEVE
41,84.9,150,37.73,0,0,1,3,3,A_NEG,aucun,ELEVE
44,85.3,170,29.53,1,0,0,3,2,A_POS,diabete,ELEVE
42,89.9,162,34.26,0,1,0,3,3,B_POS,hypertension,ELEVE
37,100.7,177,32.14,1,1,1,3,3,A_NEG,diabete_hypertension,ELEVE
35,85.3,152,36.93,1,1,0,3,3,A_POS,diabete_hypertension,ELEVE
43,81.3,150,36.14,0,0,1,3,3,O_NEG,aucun,ELEVE
45,92.6,158,37.09,1,0,1,3,3,AB_NEG,diabete,ELEVE
36,93.8,151,41.14,1,0,0,3,3,A_POS,diabete,ELEVE
37,84.6,168,29.96,1,1,0,3,2,B_POS,diabete_hypertension,ELEVE
42,100.9,162,38.44,1,0,1,3,3,A_NEG,diabete,ELEVE
45,71.3,157,28.91,0,1,0,3,2,B_POS,hypertension,ELEVE
36,78.4,152,33.92,1,0,0,3,3,A_POS,diabete,ELEVE
38,91.3,156,37.5,1,1,0,3,3,AB_POS,diabete_hypertension,ELEVE
45,108.3,173,36.19,0,1,0,3,3,O_POS,hypertension,ELEVE
41,91.2,181,27.83,0,0,0,3,2,A_POS,aucun,ELEVE
40,85.3,171,29.18,1,1,1,3,2,B_NEG,diabete_hypertension,ELEVE
41,107.7,179,33.6,1,1,1,3,3,AB_NEG,diabete_hypertension,ELEVE
43,79.3,152,34.34,1,0,1,3,3,AB_NEG,diabete,ELEVE
36,105.3,161,40.63,0,1,1,3,3,B_NEG,hypertension,ELEVE
41,84.7,161,32.66,0,0,0,3,3,O_POS,aucun,ELEVE
45,68.9,159,27.23,1,0,0,3,2,AB_POS,diabete,ELEVE
45,109.7,165,40.28,1,1,0,3,3,B_POS,diabete_hypertension,ELEVE
37,117.1,180,36.16,1,1,0,3,3,B_POS,diabete_hypertension,ELEVE
38,106.2,176,34.28,1,0,0,3,3,B_POS,diabete,ELEVE
42,111.2,177,35.49,1,0,0,3,3,A_POS,diabete,ELEVE
37,96.4,176,31.13,0,0,1,3,3,B_NEG,aucun,ELEVE
35,91.6,177,29.25,0,0,1,3,2,AB_NEG,aucun,ELEVE
45,102.1,157,41.42,0,1,0,3,3,A_POS,hypertension,ELEVE
35,95.3,156,39.16,0,0,0,3,3,AB_POS,aucun,ELEVE
44,76.9,150,34.17,1,0,0,3,3,AB_POS,diabete,ELEVE
41,96.7,181,29.53,0,0,1,3,2,A_NEG,aucun,ELEVE
43,94.9,154,40.0,1,0,1,3,3,A_NEG,diabete,ELEVE
41,92.4,152,39.98,1,0,0,3,3,O_POS,diabete,ELEVE
36,107.4,178,33.91,0,0,1,3,3,O_NEG,aucun,ELEVE
38,86.7,154,36.54,0,1,1,3,3,AB_NEG,hypertension,ELEVE
42,89.7,176,28.95,1,1,1,3,2,A_NEG,diabete_hypertension,ELEVE
36,86.5,174,28.56,0,1,1,3,2,B_NEG,hypertension,ELEVE
44,109.9,173,36.71,0,1,1,3,3,AB_NEG,hypertension,ELEVE
36,75.1,164,27.9,0,1,1,3,2,B_NEG,hypertension,ELEVE
37,74.6,162,28.41,1,0,0,3,2,O_POS,diabete,ELEVE
45,111.0,165,40.78,1,1,1,3,3,B_NEG,diabete_hypertension,ELEVE
36,75.7,155,31.53,0,0,1,3,3,A_NEG,aucun,ELEVE
38,72.0,163,27.1,1,1,1,3,2,B_NEG,diabete_hypertension,ELEVE
43,114.4,168,40.53,1,1,1,3,3,A_NEG,diabete_hypertension,ELEVE
40,76.9,156,31.6,0,1,1,3,3,AB_NEG,hypertension,ELEVE
36,95.4,159,37.74,0,1,1,3,3,B_NEG,hypertension,ELEVE
40,83.7,173,27.97,1,0,0,3,2,A_POS,diabete,ELEVE
37,96.9,163,36.47,0,1,1,3,3,A_NEG,hypertension,ELEVE
41,92.0,163,34.61,1,0,1,3,3,B_NEG,diabete,ELEVE
43,99.6,172,33.66,0,0,0,3,3,B_POS,aucun,ELEVE
43,109.3,181,33.35,1,0,1,3,3,B_NEG,diabete,ELEVE
41,83.0,163,31.23,0,0,1,3,3,AB_NEG,aucun,ELEVE
41,87.0,155,36.23,1,1,1,3,3,AB_NEG,diabete_hypertension,ELEVE
35,118.5,170,41.01,0,1,1,3,3,AB_NEG,hypertension,ELEVE
36,109.5,173,36.6,1,1,1,3,3,A_NEG,diabete_hypertension,ELEVE
36,126.4,181,38.57,1,0,0,3,3,A_POS,diabete,ELEVE
37,99.7,178,31.46,1,0,1,3,3,A_NEG,diabete,ELEVE
43,101.1,167,36.26,0,1,1,3,3,O_NEG,hypertension,ELEVE
44,128.8,181,39.31,1,1,0,3,3,A_POS,diabete_hypertension,ELEVE
40,101.1,168,35.82,0,1,0,3,3,A_POS,hypertension,ELEVE
39,122.4,173,40.9,0,1,1,3,3,B_NEG,hypertension,ELEVE
40,79.7,166,28.91,0,0,1,3,2,O_NEG,aucun,ELEVE
37,90.0,170,31.15,1,1,1,3,3,B_NEG,diabete_hypertension,ELEVE
36,108.8,168,38.55,1,1,0,3,3,AB_POS,diabete_hypertension,ELEVE
37,82.2,150,36.52,0,1,0,3,3,AB_POS,hypertension,ELEVE
36,94.6,170,32.72,1,1,0,3,3,O_POS,diabete_hypertension,ELEVE
37,114.4,181,34.93,0,1,0,3,3,A_POS,hypertension,ELEVE
37,103.0,180,31.79,1,1,1,3,3,A_NEG,diabete_hypertension,ELEVE
42,84.6,165,31.08,0,0,0,3,3,AB_POS,aucun,ELEVE
43,81.6,150,36.26,1,0,1,3,3,AB_NEG,diabete,ELEVE
43,74.0,150,32.89,1,0,0,3,3,O_POS,diabete,ELEVE
44,108.9,166,39.53,1,0,0,3,3,O_POS,diabete,ELEVE
44,116.2,181,35.46,0,0,0,3,3,B_POS,aucun,ELEVE
44,75.6,166,27.45,0,0,0,3,2,O_POS,aucun,ELEVE
43,82.8,156,34.04,0,0,1,3,3,B_NEG,aucun,ELEVE
35,93.4,158,37.4,1,0,1,3,3,A_NEG,diabete,ELEVE
35,71.6,159,28.34,0,1,0,3,2,A_POS,hypertension,ELEVE
40,122.0,178,38.52,1,0,1,3,3,AB_NEG,diabete,ELEVE
44,96.3,178,30.4,1,1,1,3,3,B_NEG,diabete_hypertension,ELEVE
35,83.4,158,33.4,1,1,1,3,3,B_NEG,diabete_hypertension,ELEVE
43,70.4,161,27.16,0,1,0,3,2,A_POS,hypertension,ELEVE
36,93.7,152,40.54,0,1,0,3,3,O_POS,hypertension,ELEVE
39,83.1,172,28.09,1,0,1,3,2,AB_NEG,diabete,ELEVE
38,92.4,175,30.16,0,1,0,3,3,O_POS,hypertension,ELEVE
41,101.4,158,40.6,1,0,1,3,3,B_NEG,diabete,ELEVE
41,99.0,178,31.25,1,0,1,3,3,O_NEG,diabete,ELEVE
35,114.3,172,38.62,0,1,1,3,3,O_NEG,hypertension,ELEVE
43,80.4,169,28.14,1,1,1,3,2,A_NEG,diabete_hypertension,ELEVE
45,72.7,161,28.03,1,0,1,3,2,B_NEG,diabete,ELEVE
43,84.4,157,34.24,1,0,0,3,3,A_POS,diabete,ELEVE
39,84.6,167,30.32,0,0,1,3,3,A_NEG,aucun,ELEVE
42,86.9,178,27.44,0,1,1,3,2,AB_NEG,hypertension,ELEVE
42,100.8,165,37.03,1,0,1,3,3,A_NEG,diabete,ELEVE
40,80.5,164,29.92,1,0,1,3,2,O_NEG,diabete,ELEVE
41,64.9,150,28.86,1,1,1,3,2,O_NEG,diabete_hypertension,ELEVE
42,89.4,153,38.18,0,1,0,3,3,O_POS,hypertension,ELEVE
43,93.4,163,35.17,0,1,1,3,3,O_NEG,hypertension,ELEVE
44,91.7,153,39.16,0,0,1,3,3,A_NEG,aucun,ELEVE
38,102.1,179,31.87,0,1,0,3,3,B_POS,hypertension,ELEVE
43,63.8,153,27.27,0,1,1,3,2,AB_NEG,hypertension,ELEVE
42,92.3,176,29.81,0,1,1,3,2,A_NEG,hypertension,ELEVE
45,70.6,156,29.01,1,0,1,3,2,A_NEG,diabete,ELEVE
42,125.1,176,40.4,1,0,0,3,3,A_POS,diabete,ELEVE
38,98.3,171,33.6,1,1,1,3,3,B_NEG,diabete_hypertension,ELEVE
40,93.6,179,29.22,1,0,1,3,2,A_NEG,diabete,ELEVE
38,82.0,155,34.15,0,1,1,3,3,A_NEG,hypertension,ELEVE
37,81.4,164,30.25,1,0,1,3,3,O_NEG,diabete,ELEVE
44,95.7,151,41.95,1,0,0,3,3,B_POS,diabete,ELEVE
40,102.2,160,39.94,0,0,0,3,3,AB_POS,aucun,ELEVE
35,95.4,169,33.39,0,1,0,3,3,O_POS,hypertension,ELEVE
36,115.5,173,38.58,1,1,1,3,3,AB_NEG,diabete_hypertension,ELEVE
42,124.0,179,38.69,0,1,1,3,3,AB_NEG,hypertension,ELEVE
43,83.1,167,29.81,1,1,0,3,2,O_POS,diabete_hypertension,ELEVE
39,96.7,162,36.84,1,1,0,3,3,B_POS,diabete_hypertension,ELEVE
45,70.3,154,29.65,0,1,0,3,2,AB_POS,hypertension,ELEVE
40,110.5,164,41.1,1,0,0,3,3,B_POS,diabete,ELEVE
38,92.4,163,34.78,1,0,0,3,3,O_POS,diabete,ELEVE
43,83.3,155,34.66,0,0,1,3,3,B_NEG,aucun,ELEVE
35,116.5,179,36.35,1,1,0,3,3,AB_POS,diabete_hypertension,ELEVE
40,117.5,179,36.69,1,0,1,3,3,B_NEG,diabete,ELEVE
37,86.0,162,32.76,1,0,1,3,3,B_NEG,diabete,ELEVE
43,97.3,156,40.0,1,0,0,3,3,O_POS,diabete,ELEVE
41,105.4,173,35.21,1,1,0,3,3,A_POS,diabete_hypertension,ELEVE
40,84.1,153,35.91,0,0,1,3,3,A_NEG,aucun,ELEVE
35,90.7,164,33.73,0,1,0,3,3,AB_POS,hypertension,ELEVE
37,98.4,161,37.96,1,1,1,3,3,AB_NEG,diabete_hypertension,ELEVE
41,93.3,175,30.46,0,1,1,3,3,B_NEG,hypertension,ELEVE
37,110.5,171,37.79,0,1,0,3,3,O_POS,hypertension,ELEVE
43,118.7,177,37.88,0,1,0,3,3,AB_POS,hypertension,ELEVE
37,114.4,169,40.07,1,0,0,3,3,AB_POS,diabete,ELEVE
41,116.1,167,41.62,0,1,0,3,3,AB_POS,hypertension,ELEVE
45,90.1,169,31.54,1,0,0,3,3,B_POS,diabete,ELEVE
41,106.8,179,33.32,0,1,0,3,3,B_POS,hypertension,ELEVE
42,91.8,170,31.75,1,1,0,3,3,B_POS,diabete_hypertension,ELEVE
41,135.3,180,41.76,0,1,1,3,3,A_NEG,hypertension,ELEVE
42,83.3,169,29.15,0,0,1,3,2,B_NEG,aucun,ELEVE
40,127.9,175,41.77,0,0,0,3,3,B_POS,aucun,ELEVE
36,98.6,154,41.56,1,0,1,3,3,A_NEG,diabete,ELEVE
45,104.7,175,34.2,1,0,0,3,3,O_POS,diabete,ELEVE
44,92.2,150,40.98,0,1,0,3,3,O_POS,hypertension,ELEVE
36,74.6,166,27.07,1,0,0,3,2,B_POS,diabete,ELEVE
35,132.9,178,41.95,0,0,1,3,3,AB_NEG,aucun,ELEVE
42,101.2,160,39.54,0,0,1,3,3,A_NEG,aucun,ELEVE
45,84.9,173,28.35,0,0,1,3,2,AB_NEG,aucun,ELEVE
40,113.1,175,36.94,0,1,0,3,3,O_POS,hypertension,ELEVE
40,88.4,159,34.96,1,0,0,3,3,AB_POS,diabete,ELEVE
42,82.7,158,33.11,1,0,1,3,3,O_NEG,diabete,ELEVE
44,88.3,160,34.48,0,1,0,3,3,AB_POS,hypertension,ELEVE
39,84.4,162,32.15,1,0,0,3,3,O_POS,diabete,ELEVE
35,92.0,177,29.37,0,0,0,3,2,O_POS,aucun,ELEVE
41,116.3,175,37.98,1,0,0,3,3,O_POS,diabete,ELEVE
35,104.0,158,41.67,0,0,0,3,3,O_POS,aucun,ELEVE
43,107.2,176,34.61,1,0,0,3,3,AB_POS,diabete,ELEVE
41,77.9,152,33.7,1,1,1,3,3,A_NEG,diabete_hypertension,ELEVE
43,85.9,162,32.72,1,0,1,3,3,O_NEG,diabete,ELEVE
42,89.8,171,30.72,0,0,1,3,3,A_NEG,aucun,ELEVE
36,117.2,175,38.26,0,1,0,3,3,A_POS,hypertension,ELEVE
45,114.4,171,39.11,0,1,0,3,3,A_POS,hypertension,ELEVE
36,101.5,177,32.39,1,0,1,3,3,A_NEG,diabete,ELEVE
44,101.8,162,38.79,1,0,0,3,3,AB_POS,diabete,ELEVE
39,94.6,169,33.11,1,0,0,3,3,B_POS,diabete,ELEVE
41,72.6,152,31.42,0,1,0,3,3,O_POS,hypertension,ELEVE
40,91.7,176,29.62,1,0,1,3,2,B_NEG,diabete,ELEVE
37,118.6,174,39.17,0,0,1,3,3,O_NEG,aucun,ELEVE
44,102.2,171,34.96,1,0,0,3,3,B_POS,diabete,ELEVE
44,83.2,159,32.9,1,0,0,3,3,O_POS,diabete,ELEVE
45,114.1,176,36.84,1,0,1,3,3,AB_NEG,diabete,ELEVE
36,113.6,181,34.68,1,0,1,3,3,A_NEG,diabete,ELEVE
40,70.1,152,30.33,1,0,0,3,3,AB_POS,diabete,ELEVE
38,74.8,159,29.59,0,1,0,3,2,AB_POS,hypertension,ELEVE
45,77.7,151,34.06,0,0,1,3,3,AB_NEG,aucun,ELEVE
37,78.6,166,28.51,1,0,0,3,2,A_POS,diabete,ELEVE
45,84.0,161,32.41,1,1,1,3,3,AB_NEG,diabete_hypertension,ELEVE
36,83.5,163,31.42,1,0,1,3,3,AB_NEG,diabete,ELEVE
42,97.0,179,30.28,1,1,0,3,3,AB_POS,diabete_hypertension,ELEVE
42,79.2,160,30.92,1,1,1,3,3,A_NEG,diabete_hypertension,ELEVE
40,91.2,173,30.49,0,1,1,3,3,A_NEG,hypertension,ELEVE
42,94.2,157,38.22,0,0,1,3,3,AB_NEG,aucun,ELEVE
44,101.6,178,32.05,0,1,1,3,3,AB_NEG,hypertension,ELEVE
41,68.7,152,29.73,0,1,0,3,2,O_POS,hypertension,ELEVE
45,72.7,153,31.07,0,0,1,3,3,AB_NEG,aucun,ELEVE
36,70.4,159,27.84,1,0,1,3,2,AB_NEG,diabete,ELEVE
45,111.1,180,34.3,0,0,0,3,3,AB_POS,aucun,ELEVE
40,74.7,156,30.69,1,0,1,3,3,B_NEG,diabete,ELEVE
39,93.7,172,31.66,0,0,0,3,3,O_POS,aucun,ELEVE
35,111.4,178,35.15,1,1,0,3,3,A_POS,diabete_hypertension,ELEVE
43,81.2,153,34.67,0,1,0,3,3,O_POS,hypertension,ELEVE
36,94.0,167,33.69,1,0,0,3,3,O_POS,diabete,ELEVE
41,129.3,180,39.89,1,0,0,3,3,B_POS,diabete,ELEVE
42,80.2,164,29.81,0,1,0,3,2,B_POS,hypertension,ELEVE
44,83.7,165,30.75,1,0,0,3,3,A_POS,diabete,ELEVE
44,96.3,159,38.1,0,1,1,3,3,A_NEG,hypertension,ELEVE
36,83.0,173,27.74,1,0,0,3,2,B_POS,diabete,ELEVE
42,117.7,174,38.88,0,1,0,3,3,B_POS,hypertension,ELEVE
45,63.0,152,27.25,1,0,0,3,2,B_POS,diabete,ELEVE
37,86.8,158,34.77,0,0,0,3,3,O_POS,aucun,ELEVE
40,112.4,179,35.09,0,0,0,3,3,O_POS,aucun,ELEVE
39,80.2,160,31.31,1,0,0,3,3,O_POS,diabete,ELEVE
41,106.6,168,37.76,0,0,1,3,3,A_NEG,aucun,ELEVE
39,116.8,176,37.72,1,1,1,3,3,AB_NEG,diabete_hypertension,ELEVE
42,98.6,178,31.12,1,0,0,3,3,O_POS,diabete,ELEVE
37,130.7,181,39.88,1,1,0,3,3,B_POS,diabete_hypertension,ELEVE
43,81.6,157,33.11,0,0,0,3,3,AB_POS,aucun,ELEVE
39,92.8,157,37.67,1,0,0,3,3,AB_POS,diabete,ELEVE
35,88.0,157,35.7,1,1,1,3,3,O_NEG,diabete_hypertension,ELEVE
37,98.0,180,30.26,1,0,1,3,3,B_NEG,diabete,ELEVE
35,116.1,171,39.69,1,0,1,3,3,O_NEG,diabete,ELEVE
44,80.7,151,35.39,1,1,1,3,3,AB_NEG,diabete_hypertension,ELEVE
35,102.1,172,34.53,1,0,0,3,3,A_POS,diabete,ELEVE
35,85.6,164,31.82,0,1,0,3,3,O_POS,hypertension,ELEVE
39,105.2,181,32.11,0,1,0,3,3,A_POS,hypertension,ELEVE
40,91.7,176,29.6,1,0,1,3,2,B_NEG,diabete,ELEVE
45,86.8,161,33.5,1,0,1,3,3,O_NEG,diabete,ELEVE
37,96.9,179,30.25,0,1,0,3,3,AB_POS,hypertension,ELEVE
45,78.6,167,28.19,0,1,0,3,2,B_POS,hypertension,ELEVE
40,73.1,154,30.81,0,1,0,3,3,O_POS,hypertension,ELEVE
42,116.9,174,38.63,0,0,0,3,3,B_POS,aucun,ELEVE
40,78.7,165,28.91,1,0,1,3,2,AB_NEG,diabete,ELEVE
39,82.8,175,27.03,1,0,1,3,2,O_NEG,diabete,ELEVE
41,77.1,166,27.97,1,0,0,3,2,O_POS,diabete,ELEVE
40,90.4,162,34.43,1,0,0,3,3,B_POS,diabete,ELEVE
36,70.6,159,27.92,0,0,1,3,2,B_NEG,aucun,ELEVE
35,95.3,158,38.19,1,0,1,3,3,O_NEG,diabete,ELEVE
43,93.7,169,32.82,0,1,0,3,3,AB_POS,hypertension,ELEVE
43,90.7,180,28.01,0,0,1,3,2,O_NEG,aucun,ELEVE
40,97.6,180,30.13,1,0,0,3,3,B_POS,diabete,ELEVE
44,97.0,166,35.18,1,0,0,3,3,A_POS,diabete,ELEVE
38,113.4,170,39.25,1,1,1,3,3,O_NEG,diabete_hypertension,ELEVE
38,98.1,157,39.79,0,0,1,3,3,O_NEG,aucun,ELEVE
41,108.6,161,41.89,0,0,0,3,3,AB_POS,aucun,ELEVE
35,94.8,172,32.03,1,0,0,3,3,B_POS,diabete,ELEVE
35,113.6,178,35.86,0,1,0,3,3,AB_POS,hypertension,ELEVE
42,92.4,156,37.96,1,1,1,3,3,A_NEG,diabete_hypertension,ELEVE
36,97.7,160,38.16,1,0,0,3,3,A_POS,diabete,ELEVE
42,108.0,173,36.07,0,0,1,3,3,A_NEG,aucun,ELEVE
36,112.4,172,37.99,1,0,0,3,3,O_POS,diabete,ELEVE
41,101.3,177,32.33,0,1,1,3,3,A_NEG,hypertension,ELEVE
45,132.0,179,41.19,1,0,1,3,3,A_NEG,diabete,ELEVE
41,91.3,170,31.61,0,1,1,3,3,O_NEG,hypertension,ELEVE
35,84.8,175,27.68,1,0,0,3,2,B_POS,diabete,ELEVE
43,91.9,174,30.37,1,1,1,3,3,A_NEG,diabete_hypertension,ELEVE
36,84.1,151,36.9,1,1,1,3,3,AB_NEG,diabete_hypertension,ELEVE
41,101.4,180,31.28,1,0,0,3,3,AB_POS,diabete,ELEVE
41,107.7,172,36.4,1,0,1,3,3,AB_NEG,diabete,ELEVE
35,76.0,157,30.83,0,0,1,3,3,AB_NEG,aucun,ELEVE
41,83.7,158,33.54,0,1,1,3,3,O_NEG,hypertension,ELEVE
39,90.0,181,27.48,0,0,1,3,2,A_NEG,aucun,ELEVE
44,102.7,168,36.38,1,0,0,3,3,B_POS,diabete,ELEVE
38,88.3,174,29.18,0,0,1,3,2,B_NEG,aucun,ELEVE
42,84.0,166,30.47,0,0,1,3,3,O_NEG,aucun,ELEVE
43,109.5,172,37.01,0,0,0,3,3,B_POS,aucun,ELEVE
39,73.1,164,27.19,1,1,0,3,2,A_POS,diabete_hypertension,ELEVE
38,128.8,181,39.3,1,0,1,3,3,AB_NEG,diabete,ELEVE
40,100.3,166,36.39,1,0,0,3,3,B_POS,diabete,ELEVE
35,126.8,180,39.14,0,0,0,3,3,B_POS,aucun,ELEVE
39,78.6,166,28.54,1,1,0,3,2,O_POS,diabete_hypertension,ELEVE
43,77.8,159,30.77,1,0,0,3,3,O_POS,diabete,ELEVE
41,70.9,161,27.37,0,0,0,3,2,B_POS,aucun,ELEVE
41,81.5,158,32.64,0,0,1,3,3,A_NEG,aucun,ELEVE
36,106.8,174,35.28,1,0,0,3,3,B_POS,diabete,ELEVE
44,80.2,152,34.73,0,1,0,3,3,O_POS,hypertension,ELEVE
37,88.1,154,37.13,0,0,0,3,3,O_POS,aucun,ELEVE
35,95.7,164,35.59,1,0,1,3,3,A_NEG,diabete,ELEVE
44,69.7,153,29.76,0,0,1,3,2,O_NEG,aucun,ELEVE
35,95.8,168,33.93,1,1,1,3,3,B_NEG,diabete_hypertension,ELEVE
45,76.4,163,28.77,1,1,0,3,2,B_POS,diabete_hypertension,ELEVE
43,87.0,160,33.98,0,0,1,3,3,A_NEG,aucun,ELEVE
39,102.8,178,32.44,1,1,0,3,3,O_POS,diabete_hypertension,ELEVE
41,90.9,175,29.68,1,1,0,3,2,A_POS,diabete_hypertension,ELEVE
43,80.6,172,27.23,0,0,1,3,2,B_NEG,aucun,ELEVE
36,93.6,158,37.5,1,0,0,3,3,A_POS,diabete,ELEVE
43,93.9,175,30.65,1,1,1,3,3,AB_NEG,diabete_hypertension,ELEVE
39,89.3,160,34.88,0,1,1,3,3,A_NEG,hypertension,ELEVE
38,84.5,157,34.28,1,0,1,3,3,O_NEG,diabete,ELEVE
35,83.1,158,33.28,1,0,1,3,3,AB_NEG,diabete,ELEVE
41,82.1,158,32.87,1,0,0,3,3,O_POS,diabete,ELEVE
45,93.4,157,37.9,0,1,1,3,3,AB_NEG,hypertension,ELEVE
44,119.9,176,38.72,0,0,0,3,3,AB_POS,aucun,ELEVE
39,126.8,179,39.56,0,1,0,3,3,B_POS,hypertension,ELEVE
42,73.7,154,31.08,1,0,1,3,3,A_NEG,diabete,ELEVE
42,112.7,175,36.79,1,0,0,3,3,AB_POS,diabete,ELEVE
45,85.0,165,31.23,0,1,0,3,3,O_POS,hypertension,ELEVE
38,89.9,170,31.1,1,0,0,3,3,AB_POS,diabete,ELEVE
38,97.7,176,31.54,1,1,1,3,3,AB_NEG,diabete_hypertension,ELEVE
45,81.4,153,34.76,0,1,1,3,3,O_NEG,hypertension,ELEVE
39,84.5,155,35.19,1,0,1,3,3,A_NEG,diabete,ELEVE
44,79.9,161,30.84,1,0,0,3,3,B_POS,diabete,ELEVE
40,111.3,179,34.73,1,0,1,3,3,O_NEG,diabete,ELEVE
41,114.2,178,36.05,1,0,0,3,3,B_POS,diabete,ELEVE
37,72.1,159,28.54,1,0,1,3,2,A_NEG,diabete,ELEVE
39,123.5,174,40.79,1,0,0,3,3,AB_POS,diabete,ELEVE
36,113.4,180,34.99,0,1,0,3,3,A_POS,hypertension,ELEVE
38,107.1,168,37.94,0,0,1,3,3,AB_NEG,aucun,ELEVE
45,86.6,163,32.58,0,1,1,3,3,B_NEG,hypertension,ELEVE
36,128.0,175,41.8,1,0,0,3,3,B_POS,diabete,ELEVE
44,78.9,156,32.42,1,0,0,3,3,O_POS,diabete,ELEVE
39,89.8,175,29.33,0,0,1,3,2,B_NEG,aucun,ELEVE
43,73.7,150,32.74,1,0,1,3,3,B_NEG,diabete,ELEVE
41,91.8,164,34.12,0,1,1,3,3,A_NEG,hypertension,ELEVE
36,87.6,168,31.04,1,0,0,3,3,B_POS,diabete,ELEVE
43,90.0,151,39.46,1,0,0,3,3,O_POS,diabete,ELEVE
39,79.1,167,28.35,0,0,0,3,2,AB_POS,aucun,ELEVE
43,89.0,181,27.17,1,0,0,3,2,A_POS,diabete,ELEVE
44,95.0,171,32.49,0,1,1,3,3,B_NEG,hypertension,ELEVE
44,83.8,161,32.33,1,0,0,3,3,AB_POS,diabete,ELEVE
39,107.0,176,34.54,1,0,1,3,3,A_NEG,diabete,ELEVE
45,77.3,157,31.37,1,0,1,3,3,B_NEG,diabete,ELEVE
45,113.6,176,36.66,1,0,0,3,3,O_POS,diabete,ELEVE
39,90.3,165,33.18,0,1,0,3,3,A_POS,hypertension,ELEVE
41,117.7,169,41.2,1,0,0,3,3,O_POS,diabete,ELEVE
42,102.7,164,38.19,1,1,0,3,3,AB_POS,diabete_hypertension,ELEVE
41,109.0,162,41.53,0,1,1,3,3,A_NEG,hypertension,ELEVE
37,119.5,169,41.82,1,0,0,3,3,AB_POS,diabete,ELEVE
40,79.0,169,27.64,0,0,0,3,2,AB_POS,aucun,ELEVE
38,65.8,156,27.04,0,0,1,3,2,A_NEG,aucun,ELEVE
36,110.0,178,34.72,0,1,1,3,3,O_NEG,hypertension,ELEVE
42,118.4,178,37.37,1,0,0,3,3,B_POS,diabete,ELEVE
36,120.8,171,41.32,1,1,1,3,3,AB_NEG,diabete_hypertension,ELEVE
43,101.1,164,37.58,1,0,1,3,3,O_NEG,diabete,ELEVE
38,84.6,156,34.75,1,1,1,3,3,A_NEG,diabete_hypertension,ELEVE
37,104.5,179,32.61,1,1,0,3,3,AB_POS,diabete_hypertension,ELEVE
39,123.5,175,40.31,0,1,0,3,3,O_POS,hypertension,ELEVE
38,85.4,176,27.58,0,1,0,3,2,O_POS,hypertension,ELEVE
38,75.5,156,31.01,1,1,1,3,3,O_NEG,diabete_hypertension,ELEVE
35,71.8,151,31.49,0,1,1,3,3,A_NEG,hypertension,ELEVE
40,106.7,171,36.48,0,1,1,3,3,O_NEG,hypertension,ELEVE
37,103.2,176,33.32,0,1,0,3,3,O_POS,hypertension,ELEVE
38,88.6,155,36.89,0,1,0,3,3,B_POS,hypertension,ELEVE
37,95.3,155,39.68,1,1,1,3,3,O_NEG,diabete_hypertension,ELEVE
43,68.3,154,28.79,0,0,1,3,2,O_NEG,aucun,ELEVE
35,126.0,177,40.23,1,0,0,3,3,O_POS,diabete,ELEVE
40,109.3,169,38.26,1,0,1,3,3,A_NEG,diabete,ELEVE
39,81.7,161,31.5,1,0,1,3,3,AB_NEG,diabete,ELEVE
37,71.0,159,28.07,0,0,0,3,2,A_POS,aucun,ELEVE
40,65.2,153,27.83,1,0,1,3,2,AB_NEG,diabete,ELEVE
35,115.7,169,40.5,1,0,1,3,3,A_NEG,diabete,ELEVE
42,114.9,171,39.28,0,1,1,3,3,B_NEG,hypertension,ELEVE
43,120.7,172,40.81,1,1,0,3,3,AB_POS,diabete_hypertension,ELEVE
39,90.4,165,33.2,0,0,1,3,3,O_NEG,aucun,ELEVE
40,122.0,173,40.77,1,0,0,3,3,AB_POS,diabete,ELEVE
37,98.2,167,35.22,1,0,0,3,3,AB_POS,diabete,ELEVE
42,96.6,164,35.92,1,0,0,3,3,O_POS,diabete,ELEVE
35,117.8,171,40.28,1,1,1,3,3,O_NEG,diabete_hypertension,ELEVE
36,90.3,160,35.27,1,0,0,3,3,AB_POS,diabete,ELEVE
43,87.0,157,35.32,1,1,1,3,3,O_NEG,diabete_hypertension,ELEVE
41,96.5,154,40.68,1,1,1,3,3,AB_NEG,diabete_hypertension,ELEVE
43,100.0,178,31.56,0,1,1,3,3,AB_NEG,hypertension,ELEVE
43,111.2,168,39.41,1,0,1,3,3,B_NEG,diabete,ELEVE
38,92.3,154,38.93,1,0,0,3,3,A_POS,diabete,ELEVE
37,100.7,169,35.26,1,0,1,3,3,A_NEG,diabete,ELEVE
45,72.4,150,32.19,0,1,0,3,3,O_POS,hypertension,ELEVE
38,99.6,164,37.04,0,0,1,3,3,B_NEG,aucun,ELEVE
41,109.4,163,41.18,1,0,0,3,3,A_POS,diabete,ELEVE
37,80.2,170,27.77,1,0,0,3,2,B_POS,diabete,ELEVE
38,95.4,162,36.36,1,0,1,3,3,A_NEG,diabete,ELEVE
44,75.8,160,29.62,1,0,1,3,2,O_NEG,diabete,ELEVE
36,96.4,168,34.17,1,0,0,3,3,B_POS,diabete,ELEVE
42,105.3,174,34.77,1,0,1,3,3,AB_NEG,diabete,ELEVE
39,95.4,179,29.77,1,0,0,3,2,AB_POS,diabete,ELEVE
39,112.1,171,38.34,1,0,0,3,3,AB_POS,diabete,ELEVE
43,71.9,158,28.78,0,0,0,3,2,O_POS,aucun,ELEVE
44,126.6,176,40.87,0,1,0,3,3,O_POS,hypertension,ELEVE
35,83.8,151,36.73,0,0,0,3,3,A_POS,aucun,ELEVE
41,121.0,175,39.52,1,0,1,3,3,B_NEG,diabete,ELEVE
43,106.5,161,41.08,1,0,1,3,3,O_NEG,diabete,ELEVE
40,105.4,180,32.53,1,1,0,3,3,O_POS,diabete_hypertension,ELEVE
35,99.7,174,32.93,1,1,0,3,3,A_POS,diabete_hypertension,ELEVE
36,76.3,167,27.36,0,0,0,3,2,AB_POS,aucun,ELEVE
38,102.8,164,38.24,1,0,1,3,3,A_NEG,diabete,ELEVE
38,76.3,167,27.35,0,1,1,3,2,A_NEG,hypertension,ELEVE
39,78.1,154,32.94,1,0,0,3,3,O_POS,diabete,ELEVE
41,103.1,170,35.66,0,0,1,3,3,O_NEG,aucun,ELEVE
37,86.9,151,38.1,1,0,1,3,3,O_NEG,diabete,ELEVE
37,74.2,156,30.5,0,0,1,3,3,AB_NEG,aucun,ELEVE
40,100.3,174,33.14,1,0,0,3,3,AB_POS,diabete,ELEVE
35,99.7,173,33.32,0,0,0,3,3,B_POS,aucun,ELEVE
36,82.3,166,29.88,1,0,1,3,2,A_NEG,diabete,ELEVE
38,84.7,172,28.64,1,1,0,3,2,B_POS,diabete_hypertension,ELEVE
43,88.6,165,32.53,0,1,0,3,3,O_POS,hypertension,ELEVE
43,103.2,164,38.39,0,0,1,3,3,O_NEG,aucun,ELEVE
40,73.9,156,30.37,0,0,1,3,3,B_NEG,aucun,ELEVE
41,106.5,163,40.09,1,0,1,3,3,B_NEG,diabete,ELEVE
37,80.6,154,33.99,0,1,1,3,3,A_NEG,hypertension,ELEVE
39,86.9,159,34.36,1,0,0,3,3,B_POS,diabete,ELEVE
36,90.4,179,28.23,1,0,1,3,2,B_NEG,diabete,ELEVE
42,64.2,152,27.77,0,0,0,3,2,AB_POS,aucun,ELEVE
41,120.8,175,39.45,1,0,1,3,3,A_NEG,diabete,ELEVE
45,106.2,178,33.52,1,0,0,3,3,B_POS,diabete,ELEVE
35,73.3,159,28.98,0,0,0,3,2,O_POS,aucun,ELEVE
43,101.8,158,40.78,0,1,0,3,3,O_POS,hypertension,ELEVE
39,88.4,174,29.19,1,0,1,3,2,A_NEG,diabete,ELEVE
39,109.7,174,36.23,0,0,1,3,3,AB_NEG,aucun,ELEVE
44,112.6,165,41.34,1,0,0,3,3,B_POS,diabete,ELEVE
39,93.8,163,35.31,0,1,1,3,3,A_NEG,hypertension,ELEVE
38,84.8,159,33.55,0,0,1,3,3,B_NEG,aucun,ELEVE
41,79.4,157,32.22,0,0,1,3,3,O_NEG,aucun,ELEVE
43,93.1,156,38.25,1,1,0,3,3,A_POS,diabete_hypertension,ELEVE
42,76.8,150,34.12,1,0,0,3,3,AB_POS,diabete,ELEVE
42,120.6,179,37.63,0,1,1,3,3,A_NEG,hypertension,ELEVE
37,110.0,178,34.71,1,0,0,3,3,B_POS,diabete,ELEVE
36,90.1,163,33.91,0,1,0,3,3,B_POS,hypertension,ELEVE
41,82.4,164,30.64,0,0,1,3,3,B_NEG,aucun,ELEVE
42,99.9,178,31.52,1,1,0,3,3,O_POS,diabete_hypertension,ELEVE
42,96.7,175,31.58,1,0,1,3,3,B_NEG,diabete,ELEVE
45,84.8,150,37.7,0,0,1,3,3,O_NEG,aucun,ELEVE
37,85.4,167,30.61,1,1,0,3,3,AB_POS,diabete_hypertension,ELEVE
38,100.3,169,35.1,0,0,0,3,3,B_POS,aucun,ELEVE
40,72.6,151,31.83,0,1,0,3,3,O_POS,hypertension,ELEVE
41,69.6,156,28.58,0,1,1,3,2,B_NEG,hypertension,ELEVE
45,98.6,171,33.72,0,1,1,3,3,A_NEG,hypertension,ELEVE
43,86.0,161,33.18,1,1,0,3,3,AB_POS,diabete_hypertension,ELEVE
35,114.6,171,39.2,1,1,0,3,3,B_POS,diabete_hypertension,ELEVE
36,94.0,175,30.7,1,0,1,3,3,B_NEG,diabete,ELEVE
45,109.2,172,36.9,1,1,0,3,3,O_POS,diabete_hypertension,ELEVE
41,99.4,175,32.46,1,0,1,3,3,B_NEG,diabete,ELEVE
44,84.5,170,29.22,1,1,0,3,2,AB_POS,diabete_hypertension,ELEVE
39,67.6,150,30.06,1,1,0,3,3,O_POS,diabete_hypertension,ELEVE
44,106.0,180,32.7,1,0,1,3,3,AB_NEG,diabete,ELEVE
42,84.8,171,28.99,1,1,1,3,2,O_NEG,diabete_hypertension,ELEVE
40,118.0,173,39.41,0,0,0,3,3,O_POS,aucun,ELEVE
40,88.9,180,27.45,1,0,0,3,2,O_POS,diabete,ELEVE
39,75.4,162,28.73,1,1,1,3,2,O_NEG,diabete_hypertension,ELEVE
41,120.9,181,36.89,0,0,1,3,3,AB_NEG,aucun,ELEVE
39,107.7,170,37.28,0,1,0,3,3,O_POS,hypertension,ELEVE
45,106.6,179,33.28,0,1,0,3,3,O_POS,hypertension,ELEVE
39,135.0,180,41.67,1,0,1,3,3,A_NEG,diabete,ELEVE
45,91.5,169,32.05,0,0,1,3,3,O_NEG,aucun,ELEVE
35,102.2,164,37.99,1,0,1,3,3,O_NEG,diabete,ELEVE
41,70.2,157,28.46,0,1,0,3,2,B_POS,hypertension,ELEVE
44,113.2,177,36.15,1,0,0,3,3,B_POS,diabete,ELEVE
40,107.7,168,38.16,1,0,1,3,3,B_NEG,diabete,ELEVE
42,73.1,162,27.84,1,0,0,3,2,AB_POS,diabete,ELEVE
36,116.5,168,41.28,0,0,1,3,3,A_NEG,aucun,ELEVE
45,85.5,152,37.0,1,1,1,3,3,B_NEG,diabete_hypertension,ELEVE
43,105.7,160,41.3,1,0,1,3,3,A_NEG,diabete,ELEVE
43,98.9,155,41.17,1,0,0,3,3,A_POS,diabete,ELEVE
40,84.8,166,30.76,1,1,0,3,3,AB_POS,diabete_hypertension,ELEVE
35,83.0,169,29.06,1,0,1,3,2,O_NEG,diabete,ELEVE
38,99.9,169,34.99,0,0,1,3,3,B_NEG,aucun,ELEVE
45,86.3,167,30.96,0,1,0,3,3,A_POS,hypertension,ELEVE
35,115.7,180,35.71,1,1,1,3,3,O_NEG,diabete_hypertension,ELEVE
37,90.7,155,37.75,0,0,1,3,3,B_NEG,aucun,ELEVE
39,123.6,172,41.79,1,0,0,3,3,AB_POS,diabete,ELEVE
40,109.7,168,38.86,1,1,0,3,3,B_POS,diabete_hypertension,ELEVE
45,87.0,152,37.65,1,0,1,3,3,B_NEG,diabete,ELEVE
36,94.2,156,38.73,0,1,0,3,3,B_POS,hypertension,ELEVE
40,120.1,173,40.11,1,0,0,3,3,A_POS,diabete,ELEVE
36,99.4,180,30.68,1,1,0,3,3,A_POS,diabete_hypertension,ELEVE
39,122.8,177,39.18,0,1,0,3,3,AB_POS,hypertension,ELEVE
44,90.0,173,30.08,0,0,0,3,3,A_POS,aucun,ELEVE
38,113.4,180,35.01,0,0,0,3,3,A_POS,aucun,ELEVE
39,117.0,170,40.48,0,1,0,3,3,A_POS,hypertension,ELEVE
44,71.2,161,27.48,1,0,0,3,2,AB_POS,diabete,ELEVE
38,66.2,155,27.54,1,0,0,3,2,AB_POS,diabete,ELEVE
40,88.3,165,32.42,1,0,1,3,3,B_NEG,diabete,ELEVE
41,82.2,153,35.13,0,0,0,3,3,B_POS,aucun,ELEVE
40,95.3,161,36.75,1,1,1,3,3,O_NEG,diabete_hypertension,ELEVE
45,77.6,158,31.1,1,0,1,3,3,B_NEG,diabete,ELEVE
43,89.6,169,31.36,1,0,1,3,3,A_NEG,diabete,ELEVE
39,119.0,179,37.13,0,0,0,3,3,AB_POS,aucun,ELEVE
42,79.7,155,33.16,0,1,0,3,3,O_POS,hypertension,ELEVE
43,89.0,153,38.03,1,0,1,3,3,O_NEG,diabete,ELEVE
39,94.3,179,29.43,1,0,0,3,2,A_POS,diabete,ELEVE
37,78.9,169,27.64,0,1,1,3,2,O_NEG,hypertension,ELEVE
39,89.9,165,33.01,1,0,1,3,3,AB_NEG,diabete,ELEVE
40,78.6,160,30.71,1,0,0,3,3,B_POS,diabete,ELEVE
36,100.0,162,38.11,1,0,1,3,3,B_NEG,diabete,ELEVE
45,96.0,173,32.06,1,0,1,3,3,O_NEG,diabete,ELEVE
40,93.4,173,31.21,0,0,0,3,3,O_POS,aucun,ELEVE
42,81.7,153,34.89,1,0,0,3,3,B_POS,diabete,ELEVE
37,110.9,165,40.72,1,0,1,3,3,B_NEG,diabete,ELEVE
44,91.8,166,33.3,0,1,0,3,3,A_POS,hypertension,ELEVE
36,115.4,166,41.89,0,0,1,3,3,AB_NEG,aucun,ELEVE
44,92.9,161,35.83,0,0,1,3,3,A_NEG,aucun,ELEVE
41,107.6,163,40.49,0,0,0,3,3,A_POS,aucun,ELEVE
42,82.8,157,33.6,0,1,1,3,3,B_NEG,hypertension,ELEVE
41,72.0,155,29.98,0,1,0,3,2,AB_POS,hypertension,ELEVE
36,67.2,150,29.88,1,0,1,3,2,B_NEG,diabete,ELEVE
38,131.7,181,40.2,1,1,1,3,3,O_NEG,diabete_hypertension,ELEVE
42,91.0,171,31.12,1,0,1,3,3,O_NEG,diabete,ELEVE
40,93.5,167,33.53,0,0,1,3,3,B_NEG,aucun,ELEVE
38,112.5,165,41.33,0,0,1,3,3,AB_NEG,aucun,ELEVE
38,89.0,167,31.9,0,0,1,3,3,AB_NEG,aucun,ELEVE
42,104.7,161,40.38,0,1,0,3,3,AB_POS,hypertension,ELEVE
35,103.9,167,37.27,0,1,1,3,3,A_NEG,hypertension,ELEVE
38,91.6,153,39.12,0,1,1,3,3,B_NEG,hypertension,ELEVE
38,100.0,156,41.07,1,0,1,3,3,B_NEG,diabete,ELEVE
43,102.3,171,34.98,1,0,1,3,3,A_NEG,diabete,ELEVE
37,78.2,157,31.71,0,1,1,3,3,B_NEG,hypertension,ELEVE
35,80.4,152,34.78,1,0,1,3,3,AB_NEG,diabete,ELEVE
41,105.8,168,37.48,1,1,0,3,3,B_POS,diabete_hypertension,ELEVE
38,96.9,166,35.17,1,0,1,3,3,A_NEG,diabete,ELEVE
35,80.2,171,27.43,0,1,0,3,2,B_POS,hypertension,ELEVE
40,120.1,177,38.35,1,0,1,3,3,AB_NEG,diabete,ELEVE
36,104.6,172,35.34,1,0,1,3,3,O_NEG,diabete,ELEVE
38,94.1,160,36.76,1,0,1,3,3,O_NEG,diabete,ELEVE
39,105.6,169,36.99,1,1,0,3,3,AB_POS,diabete_hypertension,ELEVE
37,94.8,169,33.19,1,0,0,3,3,AB_POS,diabete,ELEVE
36,81.0,156,33.3,0,0,0,3,3,AB_POS,aucun,ELEVE
40,128.1,176,41.34,0,0,1,3,3,O_NEG,aucun,ELEVE
43,81.4,166,29.54,1,1,0,3,2,B_POS,diabete_hypertension,ELEVE
40,90.7,170,31.39,0,0,1,3,3,AB_NEG,aucun,ELEVE
39,95.1,173,31.77,1,0,1,3,3,O_NEG,diabete,ELEVE
36,121.7,178,38.4,1,0,0,3,3,AB_POS,diabete,ELEVE
41,79.2,151,34.73,1,1,0,3,3,A_POS,diabete_hypertension,ELEVE
39,83.0,152,35.94,1,0,1,3,3,O_NEG,diabete,ELEVE
38,112.8,168,39.98,1,0,1,3,3,AB_NEG,diabete,ELEVE
41,95.2,157,38.62,0,1,1,3,3,O_NEG,hypertension,ELEVE
41,91.6,160,35.78,1,1,1,3,3,B_NEG,diabete_hypertension,ELEVE
45,121.1,179,37.79,0,1,1,3,3,A_NEG,hypertension,ELEVE
40,112.8,172,38.13,0,1,0,3,3,B_POS,hypertension,ELEVE
35,83.8,176,27.06,1,0,1,3,2,AB_NEG,diabete,ELEVE
40,119.3,176,38.5,1,1,0,3,3,A_POS,diabete_hypertension,ELEVE
36,88.4,151,38.75,1,0,0,3,3,AB_POS,diabete,ELEVE
44,84.6,167,30.32,0,0,0,3,3,A_POS,aucun,ELEVE
39,83.3,151,36.52,1,0,0,3,3,A_POS,diabete,ELEVE
38,76.8,158,30.77,1,1,0,3,3,AB_POS,diabete_hypertension,ELEVE
44,110.3,181,33.66,1,1,0,3,3,B_POS,diabete_hypertension,ELEVE
37,75.0,155,31.23,1,1,1,3,3,AB_NEG,diabete_hypertension,ELEVE
37,103.8,172,35.09,1,1,0,3,3,O_POS,diabete_hypertension,ELEVE
36,77.3,160,30.21,0,1,0,3,3,AB_POS,hypertension,ELEVE
44,108.8,166,39.49,0,0,1,3,3,O_NEG,aucun,ELEVE
37,81.9,153,34.98,0,0,0,3,3,AB_POS,aucun,ELEVE
43,95.9,174,31.67,1,0,0,3,3,AB_POS,diabete,ELEVE
39,78.5,151,34.41,0,0,1,3,3,A_NEG,aucun,ELEVE
45,128.8,178,40.65,0,1,1,3,3,B_NEG,hypertension,ELEVE
39,98.6,156,40.5,0,1,0,3,3,AB_POS,hypertension,ELEVE
35,115.7,169,40.49,1,0,1,3,3,B_NEG,diabete,ELEVE
40,84.8,155,35.32,0,0,1,3,3,AB_NEG,aucun,ELEVE
40,87.6,166,31.8,0,0,0,3,3,B_POS,aucun,ELEVE
38,103.7,158,41.53,1,1,1,3,3,B_NEG,diabete_hypertension,ELEVE
41,101.7,168,36.03,0,1,0,3,3,A_POS,hypertension,ELEVE
36,84.2,168,29.82,0,1,0,3,2,A_POS,hypertension,ELEVE
42,81.6,151,35.78,0,1,0,3,3,AB_POS,hypertension,ELEVE
45,95.5,154,40.28,1,0,1,3,3,B_NEG,diabete,ELEVE
45,99.3,167,35.6,1,0,0,3,3,B_POS,diabete,ELEVE
35,78.7,150,34.99,1,0,0,3,3,O_POS,diabete,ELEVE
36,89.4,158,35.79,0,1,1,3,3,B_NEG,hypertension,ELEVE
44,105.3,174,34.77,1,1,1,3,3,A_NEG,diabete_hypertension,ELEVE
45,93.2,162,35.52,0,0,0,3,3,AB_POS,aucun,ELEVE
38,96.4,163,36.29,0,0,1,3,3,O_NEG,aucun,ELEVE
43,81.8,172,27.64,1,1,0,3,2,A_POS,diabete_hypertension,ELEVE
35,75.4,156,30.97,0,1,1,3,3,A_NEG,hypertension,ELEVE
41,95.7,156,39.31,0,0,1,3,3,A_NEG,aucun,ELEVE
45,88.8,169,31.07,0,1,0,3,3,AB_POS,hypertension,ELEVE
41,85.2,159,33.68,0,1,1,3,3,AB_NEG,hypertension,ELEVE
43,106.5,175,34.76,1,0,1,3,3,B_NEG,diabete,ELEVE
39,83.8,173,27.99,1,0,1,3,2,A_NEG,diabete,ELEVE
45,93.3,173,31.19,1,1,1,3,3,A_NEG,diabete_hypertension,ELEVE
38,83.1,157,33.7,1,0,1,3,3,O_NEG,diabete,ELEVE
37,94.9,178,29.94,1,0,1,3,2,A_NEG,diabete,ELEVE
41,64.3,150,28.59,1,1,0,3,2,A_POS,diabete_hypertension,ELEVE
35,77.0,167,27.61,1,1,1,3,2,AB_NEG,diabete_hypertension,ELEVE
41,117.4,178,37.07,0,1,0,3,3,A_POS,hypertension,ELEVE
38,78.6,170,27.21,0,1,0,3,2,AB_POS,hypertension,ELEVE
35,79.8,156,32.81,1,1,0,3,3,O_POS,diabete_hypertension,ELEVE
43,76.3,165,28.02,0,0,1,3,2,O_NEG,aucun,ELEVE
44,92.0,178,29.04,1,1,0,3,2,A_POS,diabete_hypertension,ELEVE
45,91.9,173,30.7,1,1,1,3,3,AB_NEG,diabete_hypertension,ELEVE
45,117.9,171,40.32,1,1,1,3,3,O_NEG,diabete_hypertension,ELEVE
44,85.4,174,28.22,0,1,0,3,2,AB_POS,hypertension,ELEVE
45,113.4,173,37.89,0,0,0,3,3,O_POS,aucun,ELEVE
37,78.6,155,32.71,0,0,1,3,3,O_NEG,aucun,ELEVE
45,74.4,155,30.96,1,1,1,3,3,B_NEG,diabete_hypertension,ELEVE
45,83.9,153,35.84,0,1,0,3,3,A_POS,hypertension,ELEVE
39,121.1,177,38.65,0,1,1,3,3,A_NEG,hypertension,ELEVE
39,66.6,154,28.09,1,1,1,3,2,O_NEG,diabete_hypertension,ELEVE
37,117.1,180,36.14,0,0,0,3,3,O_POS,aucun,ELEVE
37,75.4,165,27.68,1,0,0,3,2,B_POS,diabete,ELEVE
39,98.0,173,32.75,1,0,1,3,3,A_NEG,diabete,ELEVE
42,90.9,157,36.89,0,0,1,3,3,AB_NEG,aucun,ELEVE
38,69.0,152,29.87,1,0,0,3,2,AB_POS,diabete,ELEVE
41,112.9,167,40.49,0,1,1,3,3,B_NEG,hypertension,ELEVE
45,78.6,151,34.47,1,0,1,3,3,A_NEG,diabete,ELEVE
41,78.4,161,30.25,0,0,0,3,3,AB_POS,aucun,ELEVE
37,116.0,167,41.6,0,1,0,3,3,AB_POS,hypertension,ELEVE
37,80.8,163,30.4,0,0,1,3,3,A_NEG,aucun,ELEVE
45,93.5,160,36.53,1,0,0,3,3,AB_POS,diabete,ELEVE
37,83.6,173,27.95,1,0,1,3,2,AB_NEG,diabete,ELEVE
44,82.8,161,31.96,1,1,0,3,3,B_POS,diabete_hypertension,ELEVE
43,110.7,178,34.95,1,0,0,3,3,A_POS,diabete,ELEVE
38,96.8,161,37.33,1,0,0,3,3,AB_POS,diabete,ELEVE
39,115.7,181,35.32,1,0,0,3,3,O_POS,diabete,ELEVE
39,85.5,154,36.03,1,1,0,3,3,B_POS,diabete_hypertension,ELEVE
45,134.8,181,41.14,1,0,1,3,3,O_NEG,diabete,ELEVE
38,110.8,176,35.76,0,1,0,3,3,AB_POS,hypertension,ELEVE
37,75.6,153,32.28,1,0,1,3,3,B_NEG,diabete,ELEVE
44,112.4,172,38.0,0,1,1,3,3,B_NEG,hypertension,ELEVE
43,74.2,156,30.48,0,1,1,3,3,O_NEG,hypertension,ELEVE
36,102.8,163,38.71,1,0,1,3,3,AB_NEG,diabete,ELEVE
36,85.6,163,32.24,1,0,1,3,3,B_NEG,diabete,ELEVE
40,92.6,154,39.02,1,0,1,3,3,AB_NEG,diabete,ELEVE
45,102.3,160,39.95,0,1,0,3,3,AB_POS,hypertension,ELEVE
45,89.8,150,39.92,1,0,0,3,3,B_POS,diabete,ELEVE
43,99.4,155,41.38,0,1,1,3,3,A_NEG,hypertension,ELEVE
38,119.7,180,36.94,1,0,0,3,3,A_POS,diabete,ELEVE
35,83.7,151,36.73,1,0,0,3,3,AB_POS,diabete,ELEVE
41,79.6,161,30.71,1,0,1,3,3,AB_NEG,diabete,ELEVE
40,93.8,162,35.73,1,0,1,3,3,O_NEG,diabete,ELEVE
45,69.9,154,29.45,1,1,1,3,2,A_NEG,diabete_hypertension,ELEVE
43,127.5,175,41.64,1,1,0,3,3,O_POS,diabete_hypertension,ELEVE
43,96.9,159,38.34,0,0,1,3,3,AB_NEG,aucun,ELEVE
40,106.1,174,35.03,1,0,1,3,3,A_NEG,diabete,ELEVE
43,132.0,181,40.3,0,0,1,3,3,AB_NEG,aucun,ELEVE
45,65.9,151,28.9,0,1,0,3,2,AB_POS,hypertension,ELEVE
40,94.5,166,34.31,1,1,1,3,3,B_NEG,diabete_hypertension,ELEVE
39,95.8,154,40.4,1,1,0,3,3,A_POS,diabete_hypertension,ELEVE
44,127.9,179,39.93,1,0,1,3,3,AB_NEG,diabete,ELEVE
39,75.2,157,30.5,1,1,1,3,3,A_NEG,diabete_hypertension,ELEVE
37,85.3,170,29.5,0,1,0,3,2,B_POS,hypertension,ELEVE
44,88.8,153,37.92,1,1,0,3,3,AB_POS,diabete_hypertension,ELEVE
40,93.1,167,33.38,0,1,1,3,3,O_NEG,hypertension,ELEVE
41,105.7,161,40.78,0,1,1,3,3,A_NEG,hypertension,ELEVE
36,106.1,163,39.93,1,1,1,3,3,B_NEG,diabete_hypertension,ELEVE
36,81.0,170,28.01,1,0,0,3,2,O_POS,diabete,ELEVE
44,97.0,180,29.94,1,1,0,3,2,AB_POS,diabete_hypertension,ELEVE
41,92.4,165,33.94,1,1,0,3,3,A_POS,diabete_hypertension,ELEVE
42,77.1,164,28.68,0,0,0,3,2,O_POS,aucun,ELEVE
42,83.7,174,27.66,1,0,0,3,2,A_POS,diabete,ELEVE
41,85.7,159,33.89,1,0,1,3,3,O_NEG,diabete,ELEVE
40,100.0,155,41.63,0,1,1,3,3,A_NEG,hypertension,ELEVE
40,103.0,158,41.28,1,0,0,3,3,AB_POS,diabete,ELEVE
39,97.3,156,39.98,1,1,0,3,3,AB_POS,diabete_hypertension,ELEVE
40,72.3,151,31.71,1,0,1,3,3,A_NEG,diabete,ELEVE
43,68.5,152,29.66,1,0,1,3,2,B_NEG,diabete,ELEVE
41,83.2,150,36.96,1,1,0,3,3,AB_POS,diabete_hypertension,ELEVE
39,90.7,177,28.94,1,0,0,3,2,AB_POS,diabete,ELEVE
40,89.7,164,33.36,1,0,0,3,3,AB_POS,diabete,ELEVE
39,71.5,162,27.24,0,1,1,3,2,B_NEG,hypertension,ELEVE
37,119.5,181,36.48,0,0,1,3,3,O_NEG,aucun,ELEVE
35,78.9,150,35.05,0,1,1,3,3,B_NEG,hypertension,ELEVE
35,96.1,180,29.67,1,1,1,3,2,AB_NEG,diabete_hypertension,ELEVE
36,75.6,157,30.66,1,1,0,3,3,A_POS,diabete_hypertension,ELEVE
36,121.4,172,41.04,0,1,0,3,3,B_POS,hypertension,ELEVE
41,120.7,179,37.66,0,1,1,3,3,O_NEG,hypertension,ELEVE
41,96.0,165,35.26,1,0,1,3,3,AB_NEG,diabete,ELEVE
38,94.8,177,30.25,0,1,1,3,3,AB_NEG,hypertension,ELEVE
37,124.1,172,41.96,0,1,1,3,3,O_NEG,hypertension,ELEVE
43,111.2,180,34.31,0,1,1,3,3,O_NEG,hypertension,ELEVE
45,125.0,177,39.91,1,0,1,3,3,O_NEG,diabete,ELEVE
38,94.0,154,39.63,1,1,1,3,3,AB_NEG,diabete_hypertension,ELEVE
38,110.2,181,33.65,1,0,0,3,3,B_POS,diabete,ELEVE
37,93.2,173,31.15,0,0,0,3,3,O_POS,aucun,ELEVE
42,106.3,172,35.92,0,0,1,3,3,O_NEG,aucun,ELEVE
45,83.4,157,33.82,0,1,0,3,3,O_POS,hypertension,ELEVE
36,84.2,173,28.12,0,1,1,3,2,O_NEG,hypertension,ELEVE
43,92.7,174,30.61,0,0,1,3,3,AB_NEG,aucun,ELEVE
38,61.8,150,27.47,1,0,0,3,2,A_POS,diabete,ELEVE
41,83.6,150,37.13,0,1,0,3,3,AB_POS,hypertension,ELEVE
40,82.6,160,32.25,1,1,1,3,3,B_NEG,diabete_hypertension,ELEVE
43,66.9,157,27.15,0,1,1,3,2,AB_NEG,hypertension,ELEVE
45,99.3,159,39.29,1,0,0,3,3,AB_POS,diabete,ELEVE
44,101.1,163,38.07,0,1,1,3,3,B_NEG,hypertension,ELEVE
41,89.9,179,28.06,1,0,1,3,2,O_NEG,diabete,ELEVE
40,84.0,153,35.88,0,1,1,3,3,A_NEG,hypertension,ELEVE
37,87.5,150,38.87,1,0,1,3,3,O_NEG,diabete,ELEVE
37,82.1,169,28.76,1,0,0,3,2,A_POS,diabete,ELEVE
43,98.9,156,40.66,1,0,0,3,3,B_POS,diabete,ELEVE
41,78.9,153,33.72,1,0,0,3,3,B_POS,diabete,ELEVE
36,90.5,174,29.9,1,1,0,3,2,O_POS,diabete_hypertension,ELEVE
41,71.3,159,28.21,0,1,1,3,2,B_NEG,hypertension,ELEVE
45,104.2,169,36.47,0,0,0,3,3,O_POS,aucun,ELEVE
44,86.3,156,35.47,1,1,0,3,3,B_POS,diabete_hypertension,ELEVE
36,102.4,173,34.22,0,0,1,3,3,B_NEG,aucun,ELEVE
35,69.1,154,29.13,1,1,1,3,2,B_NEG,diabete_hypertension,ELEVE
41,88.9,179,27.74,1,0,0,3,2,A_POS,diabete,ELEVE
39,81.3,170,28.12,1,1,0,3,2,AB_POS,diabete_hypertension,ELEVE
36,97.5,157,39.57,0,1,1,3,3,AB_NEG,hypertension,ELEVE
39,103.1,179,32.18,0,1,0,3,3,B_POS,hypertension,ELEVE
44,82.5,153,35.23,1,0,0,3,3,O_POS,diabete,ELEVE
44,85.7,161,33.06,0,1,1,3,3,A_NEG,hypertension,ELEVE
38,101.2,176,32.69,1,0,1,3,3,A_NEG,diabete,ELEVE
37,116.6,178,36.79,1,1,0,3,3,B_POS,diabete_hypertension,ELEVE
43,84.6,170,29.27,1,1,0,3,2,A_POS,diabete_hypertension,ELEVE
44,77.5,153,33.1,1,0,1,3,3,A_NEG,diabete,ELEVE
39,65.9,150,29.29,0,1,0,3,2,B_POS,hypertension,ELEVE
35,88.7,161,34.21,1,0,0,3,3,B_POS,diabete,ELEVE
40,74.7,152,32.34,0,1,0,3,3,B_POS,hypertension,ELEVE
41,74.0,163,27.85,1,0,1,3,2,O_NEG,diabete,ELEVE
39,72.7,150,32.3,0,1,1,3,3,A_NEG,hypertension,ELEVE
37,99.8,171,34.12,1,0,0,3,3,AB_POS,diabete,ELEVE
37,126.7,176,40.89,1,0,1,3,3,AB_NEG,diabete,ELEVE
36,103.0,179,32.16,1,1,0,3,3,B_POS,diabete_hypertension,ELEVE
39,86.1,156,35.36,1,0,1,3,3,AB_NEG,diabete,ELEVE
35,118.0,180,36.42,1,1,0,3,3,A_POS,diabete_hypertension,ELEVE
41,98.2,169,34.39,1,0,1,3,3,A_NEG,diabete,ELEVE
39,84.5,169,29.57,0,0,0,3,2,O_POS,aucun,ELEVE
37,90.5,155,37.66,0,0,1,3,3,A_NEG,aucun,ELEVE
44,96.9,178,30.57,1,1,0,3,3,O_POS,diabete_hypertension,ELEVE
38,74.3,157,30.15,0,1,1,3,3,O_NEG,hypertension,ELEVE
44,87.7,156,36.04,1,0,0,3,3,A_POS,diabete,ELEVE
39,109.7,168,38.88,0,0,1,3,3,O_NEG,aucun,ELEVE
35,106.2,166,38.56,1,1,0,3,3,A_POS,diabete_hypertension,ELEVE
37,82.7,152,35.78,1,0,0,3,3,AB_POS,diabete,ELEVE
40,108.1,175,35.31,1,0,0,3,3,AB_POS,diabete,ELEVE
43,65.7,153,28.06,1,1,1,3,2,AB_NEG,diabete_hypertension,ELEVE
45,88.1,167,31.58,1,0,1,3,3,B_NEG,diabete,ELEVE
41,107.0,160,41.8,1,1,1,3,3,O_NEG,diabete_hypertension,ELEVE
41,84.3,150,37.48,1,1,0,3,3,AB_POS,diabete_hypertension,ELEVE
39,91.7,163,34.5,1,1,1,3,3,AB_NEG,diabete_hypertension,ELEVE
40,113.0,169,39.57,1,0,0,3,3,B_POS,diabete,ELEVE
44,90.7,164,33.72,1,1,1,3,3,B_NEG,diabete_hypertension,ELEVE
37,76.7,165,28.17,0,0,1,3,2,A_NEG,aucun,ELEVE
41,126.8,177,40.47,1,0,0,3,3,B_POS,diabete,ELEVE
45,101.2,166,36.71,0,0,0,3,3,AB_POS,aucun,ELEVE
36,76.5,150,34.0,1,0,1,3,3,O_NEG,diabete,ELEVE
44,96.8,167,34.72,0,1,1,3,3,O_NEG,hypertension,ELEVE
44,93.1,161,35.91,0,1,1,3,3,A_NEG,hypertension,ELEVE
44,88.0,159,34.8,0,0,1,3,3,A_NEG,aucun,ELEVE
35,86.0,173,28.73,1,0,1,3,2,O_NEG,diabete,ELEVE
40,77.3,165,28.4,1,1,0,3,2,A_POS,diabete_hypertension,ELEVE
45,87.3,165,32.08,0,1,0,3,3,B_POS,hypertension,ELEVE
37,89.9,161,34.68,1,0,1,3,3,A_NEG,diabete,ELEVE
42,106.0,160,41.39,0,0,0,3,3,AB_POS,aucun,ELEVE
41,83.8,154,35.33,1,0,0,3,3,B_POS,diabete,ELEVE
40,90.5,164,33.66,0,0,0,3,3,O_POS,aucun,ELEVE
44,89.3,166,32.42,0,0,0,3,3,O_POS,aucun,ELEVE
36,77.7,158,31.12,0,1,0,3,3,B_POS,hypertension,ELEVE
39,125.8,180,38.82,1,0,1,3,3,A_NEG,diabete,ELEVE
37,114.2,172,38.6,1,0,1,3,3,O_NEG,diabete,ELEVE
35,69.5,158,27.83,0,0,0,3,2,B_POS,aucun,ELEVE
44,105.0,181,32.06,1,0,0,3,3,B_POS,diabete,ELEVE
36,88.7,161,34.21,1,0,1,3,3,B_NEG,diabete,ELEVE
37,95.0,156,39.04,1,0,0,3,3,AB_POS,diabete,ELEVE
40,97.7,165,35.9,1,1,1,3,3,A_NEG,diabete_hypertension,ELEVE
45,70.0,155,29.13,0,1,1,3,2,O_NEG,hypertension,ELEVE
36,98.5,169,34.5,0,1,1,3,3,AB_NEG,hypertension,ELEVE
42,102.4,164,38.08,0,1,0,3,3,B_POS,hypertension,ELEVE
41,76.3,151,33.48,1,1,0,3,3,B_POS,diabete_hypertension,ELEVE
40,80.7,172,27.28,1,0,0,3,2,O_POS,diabete,ELEVE
36,91.3,156,37.52,1,0,1,3,3,AB_NEG,diabete,ELEVE
37,72.1,151,31.61,1,1,0,3,3,A_POS,diabete_hypertension,ELEVE
37,79.0,170,27.32,1,1,0,3,2,A_POS,diabete_hypertension,ELEVE
44,96.3,152,41.68,1,0,1,3,3,O_NEG,diabete,ELEVE
42,110.0,167,39.43,0,1,1,3,3,B_NEG,hypertension,ELEVE
38,110.0,173,36.76,0,1,1,3,3,B_NEG,hypertension,ELEVE
35,110.2,163,41.49,1,0,1,3,3,AB_NEG,diabete,ELEVE
44,81.2,173,27.13,0,1,0,3,2,O_POS,hypertension,ELEVE
37,65.7,155,27.35,0,1,0,3,2,A_POS,hypertension,ELEVE
37,91.3,154,38.48,1,1,1,3,3,A_NEG,diabete_hypertension,ELEVE
35,123.6,175,40.37,1,1,0,3,3,A_POS,diabete_hypertension,ELEVE
35,100.8,168,35.72,0,1,0,3,3,AB_POS,hypertension,ELEVE
36,114.8,181,35.04,1,1,1,3,3,B_NEG,diabete_hypertension,ELEVE
36,97.1,175,31.71,1,0,0,3,3,O_POS,diabete,ELEVE
40,76.0,166,27.57,1,0,1,3,2,B_NEG,diabete,ELEVE
38,90.5,170,31.3,1,0,0,3,3,O_POS,diabete,ELEVE
41,69.4,150,30.84,1,1,1,3,3,O_NEG,diabete_hypertension,ELEVE
44,89.3,164,33.2,0,0,1,3,3,B_NEG,aucun,ELEVE
41,83.3,161,32.14,0,1,0,3,3,AB_POS,hypertension,ELEVE
42,100.2,177,32.0,1,1,0,3,3,O_POS,diabete_hypertension,ELEVE
36,83.2,150,36.99,1,0,1,3,3,AB_NEG,diabete,ELEVE
36,91.6,172,30.95,1,0,1,3,3,AB_NEG,diabete,ELEVE
43,89.1,164,33.12,1,1,1,3,3,O_NEG,diabete_hypertension,ELEVE
45,92.6,169,32.41,0,1,0,3,3,A_POS,hypertension,ELEVE
40,115.6,179,36.07,0,1,1,3,3,B_NEG,hypertension,ELEVE
36,94.0,180,29.01,1,0,1,3,2,B_NEG,diabete,ELEVE
39,99.9,180,30.83,1,1,0,3,3,A_POS,diabete_hypertension,ELEVE
38,127.7,181,38.98,0,1,0,3,3,A_POS,hypertension,ELEVE
39,90.2,150,40.11,1,0,0,3,3,O_POS,diabete,ELEVE
43,89.3,175,29.16,0,0,1,3,2,A_NEG,aucun,ELEVE
43,116.1,167,41.63,1,1,0,3,3,AB_POS,diabete_hypertension,ELEVE
44,121.1,179,37.79,1,0,1,3,3,O_NEG,diabete,ELEVE
39,80.6,154,33.97,1,1,0,3,3,B_POS,diabete_hypertension,ELEVE
44,89.9,162,34.24,0,0,0,3,3,A_POS,aucun,ELEVE
44,88.7,163,33.38,0,0,1,3,3,AB_NEG,aucun,ELEVE
36,91.8,159,36.32,0,1,0,3,3,A_POS,hypertension,ELEVE
43,99.6,165,36.57,0,0,1,3,3,B_NEG,aucun,ELEVE
38,127.0,181,38.77,1,1,1,3,3,O_NEG,diabete_hypertension,ELEVE
44,71.4,153,30.49,0,0,1,3,3,O_NEG,aucun,ELEVE
41,108.4,181,33.09,1,0,0,3,3,B_POS,diabete,ELEVE
44,99.1,154,41.77,1,1,0,3,3,AB_POS,diabete_hypertension,ELEVE
37,106.6,168,37.77,1,0,0,3,3,B_POS,diabete,ELEVE
44,85.5,152,36.99,1,1,0,3,3,O_POS,diabete_hypertension,ELEVE
37,106.8,173,35.67,1,0,1,3,3,B_NEG,diabete,ELEVE
36,97.9,169,34.29,0,1,1,3,3,B_NEG,hypertension,ELEVE
42,72.9,151,31.98,1,1,0,3,3,A_POS,diabete_hypertension,ELEVE
38,81.4,157,33.04,0,0,0,3,3,O_POS,aucun,ELEVE
45,97.2,157,39.44,1,0,0,3,3,A_POS,diabete,ELEVE
39,61.5,150,27.34,1,0,0,3,2,AB_POS,diabete,ELEVE
36,82.6,151,36.23,1,0,0,3,3,O_POS,diabete,ELEVE
45,130.4,178,41.16,1,0,0,3,3,AB_POS,diabete,ELEVE
37,84.0,159,33.22,0,1,0,3,3,AB_POS,hypertension,ELEVE
35,107.5,174,35.52,0,0,1,3,3,AB_NEG,aucun,ELEVE
36,89.1,181,27.19,1,1,1,3,2,B_NEG,diabete_hypertension,ELEVE
42,80.3,152,34.77,1,1,0,3,3,AB_POS,diabete_hypertension,ELEVE
42,81.7,171,27.93,1,1,0,3,2,O_POS,diabete_hypertension,ELEVE
43,111.7,176,36.05,1,1,0,3,3,B_POS,diabete_hypertension,ELEVE
36,86.9,158,34.8,0,0,1,3,3,AB_NEG,aucun,ELEVE
36,94.3,152,40.84,1,1,1,3,3,A_NEG,diabete_hypertension,ELEVE
45,85.3,161,32.9,0,1,0,3,3,B_POS,hypertension,ELEVE
41,97.1,162,37.0,1,0,0,3,3,AB_POS,diabete,ELEVE
41,75.4,166,27.38,1,1,0,3,2,O_POS,diabete_hypertension,ELEVE
38,109.8,166,39.84,0,0,0,3,3,O_POS,aucun,ELEVE
36,115.2,169,40.33,1,1,0,3,3,AB_POS,diabete_hypertension,ELEVE
36,94.8,172,32.04,0,0,0,3,3,A_POS,aucun,ELEVE
39,101.6,158,40.71,1,0,0,3,3,A_POS,diabete,ELEVE
45,100.5,163,37.83,1,0,1,3,3,O_NEG,diabete,ELEVE
42,104.0,165,38.2,1,0,0,3,3,O_POS,diabete,ELEVE
43,130.9,180,40.41,1,0,0,3,3,AB_POS,diabete,ELEVE
40,72.8,154,30.7,1,0,1,3,3,B_NEG,diabete,ELEVE
45,78.2,168,27.72,0,0,0,3,2,A_POS,aucun,ELEVE
40,76.7,151,33.63,0,1,0,3,3,AB_POS,hypertension,ELEVE
38,75.3,163,28.36,1,1,0,3,2,AB_POS,diabete_hypertension,ELEVE
43,123.5,175,40.31,0,0,0,3,3,A_POS,aucun,ELEVE
43,112.6,181,34.38,1,1,1,3,3,O_NEG,diabete_hypertension,ELEVE
41,105.7,176,34.11,1,0,1,3,3,AB_NEG,diabete,ELEVE
45,90.9,160,35.52,1,1,1,3,3,A_NEG,diabete_hypertension,ELEVE
40,98.8,156,40.58,1,0,0,3,3,O_POS,diabete,ELEVE
37,103.1,168,36.53,0,0,0,3,3,B_POS,aucun,ELEVE
35,123.7,174,40.87,1,1,0,3,3,AB_POS,diabete_hypertension,ELEVE
38,86.6,157,35.13,1,0,1,3,3,AB_NEG,diabete,ELEVE
36,73.2,159,28.96,1,0,0,3,2,O_POS,diabete,ELEVE
38,95.2,157,38.63,0,1,1,3,3,A_NEG,hypertension,ELEVE
40,84.1,157,34.12,0,1,0,3,3,A_POS,hypertension,ELEVE
41,130.4,179,40.69,0,1,0,3,3,AB_POS,hypertension,ELEVE
38,91.0,170,31.5,1,0,1,3,3,B_NEG,diabete,ELEVE
41,76.4,153,32.62,0,1,1,3,3,O_NEG,hypertension,ELEVE
36,120.9,172,40.88,1,0,1,3,3,AB_NEG,diabete,ELEVE
36,72.0,162,27.43,1,0,1,3,2,B_NEG,diabete,ELEVE
37,78.2,153,33.39,0,0,1,3,3,B_NEG,aucun,ELEVE
39,77.3,151,33.89,1,1,1,3,3,AB_NEG,diabete_hypertension,ELEVE
39,109.4,173,36.57,0,1,1,3,3,B_NEG,hypertension,ELEVE
43,101.9,175,33.29,0,1,1,3,3,B_NEG,hypertension,ELEVE
38,92.1,151,40.38,0,0,0,3,3,O_POS,aucun,ELEVE
40,72.2,158,28.9,0,0,0,3,2,O_POS,aucun,ELEVE
42,79.9,151,35.05,1,0,1,3,3,O_NEG,diabete,ELEVE
40,131.6,178,41.53,1,1,1,3,3,AB_NEG,diabete_hypertension,ELEVE
37,108.5,174,35.84,1,0,0,3,3,AB_POS,diabete,ELEVE
37,95.6,159,37.8,1,0,1,3,3,B_NEG,diabete,ELEVE
36,74.2,164,27.61,1,0,1,3,2,O_NEG,diabete,ELEVE
40,105.6,160,41.26,0,1,0,3,3,A_POS,hypertension,ELEVE
35,87.3,168,30.94,0,0,1,3,3,B_NEG,aucun,ELEVE
44,91.6,171,31.34,1,0,1,3,3,O_NEG,diabete,ELEVE
41,104.2,179,32.51,0,0,0,3,3,O_POS,aucun,ELEVE
39,76.3,158,30.58,0,1,1,3,3,B_NEG,hypertension,ELEVE
41,102.6,173,34.27,1,0,1,3,3,AB_NEG,diabete,ELEVE
36,88.9,157,36.06,1,1,0,3,3,O_POS,diabete_hypertension,ELEVE
37,117.3,169,41.08,1,0,0,3,3,B_POS,diabete,ELEVE
43,89.5,164,33.29,1,1,1,3,3,O_NEG,diabete_hypertension,ELEVE
42,91.7,165,33.68,1,0,0,3,3,O_POS,diabete,ELEVE
41,108.2,167,38.81,1,0,0,3,3,B_POS,diabete,ELEVE
41,117.8,177,37.6,1,0,0,3,3,AB_POS,diabete,ELEVE
37,120.4,171,41.18,1,0,1,3,3,A_NEG,diabete,ELEVE
39,88.7,169,31.07,1,0,0,3,3,B_POS,diabete,ELEVE
39,89.1,150,39.58,1,0,0,3,3,A_POS,diabete,ELEVE
38,111.4,175,36.39,0,0,1,3,3,AB_NEG,aucun,ELEVE
44,87.8,178,27.73,0,0,1,3,2,B_NEG,aucun,ELEVE
45,82.0,156,33.7,1,0,0,3,3,AB_POS,diabete,ELEVE
38,74.0,155,30.8,1,1,0,3,3,A_POS,diabete_hypertension,ELEVE
43,71.7,151,31.43,1,0,1,3,3,AB_NEG,diabete,ELEVE
41,92.2,171,31.53,1,0,0,3,3,O_POS,diabete,ELEVE
35,81.1,159,32.07,1,0,1,3,3,AB_NEG,diabete,ELEVE
38,83.4,163,31.38,0,0,0,3,3,B_POS,aucun,ELEVE
36,102.6,166,37.24,1,1,1,3,3,A_NEG,diabete_hypertension,ELEVE
42,86.9,153,37.12,1,1,1,3,3,O_NEG,diabete_hypertension,ELEVE
42,95.7,163,36.0,0,0,0,3,3,O_POS,aucun,ELEVE
37,98.1,169,34.34,1,0,1,3,3,B_NEG,diabete,ELEVE
36,98.8,157,40.08,0,0,1,3,3,A_NEG,aucun,ELEVE
38,67.6,155,28.13,0,1,0,3,2,A_POS,hypertension,ELEVE
41,108.3,176,34.97,1,0,1,3,3,AB_NEG,diabete,ELEVE
38,109.0,180,33.63,0,1,0,3,3,O_POS,hypertension,ELEVE
35,98.0,166,35.55,1,0,0,3,3,AB_POS,diabete,ELEVE
41,113.0,176,36.47,0,0,1,3,3,AB_NEG,aucun,ELEVE
36,82.9,174,27.4,1,0,0,3,2,O_POS,diabete,ELEVE
37,85.8,162,32.7,0,0,1,3,3,O_NEG,aucun,ELEVE
43,115.9,169,40.57,1,0,1,3,3,A_NEG,diabete,ELEVE
38,91.4,155,38.03,1,0,0,3,3,O_POS,diabete,ELEVE
37,115.5,181,35.26,1,0,0,3,3,A_POS,diabete,ELEVE
36,91.0,157,36.92,1,0,1,3,3,A_NEG,diabete,ELEVE
39,81.8,151,35.88,1,1,1,3,3,A_NEG,diabete_hypertension,ELEVE
37,107.3,166,38.94,0,1,0,3,3,A_POS,hypertension,ELEVE
35,97.1,162,36.99,0,1,0,3,3,O_POS,hypertension,ELEVE
43,89.4,166,32.46,1,1,1,3,3,B_NEG,diabete_hypertension,ELEVE
35,75.5,150,33.58,0,1,1,3,3,O_NEG,hypertension,ELEVE
37,105.0,171,35.91,0,1,1,3,3,AB_NEG,hypertension,ELEVE
35,65.4,153,27.92,1,1,1,3,2,O_NEG,diabete_hypertension,ELEVE
37,122.2,175,39.91,1,0,1,3,3,AB_NEG,diabete,ELEVE
38,94.7,153,40.46,1,1,1,3,3,A_NEG,diabete_hypertension,ELEVE
43,67.4,156,27.71,1,0,1,3,2,AB_NEG,diabete,ELEVE
44,77.2,154,32.56,0,0,1,3,3,AB_NEG,aucun,ELEVE
39,70.6,154,29.76,0,1,0,3,2,B_POS,hypertension,ELEVE
40,102.5,174,33.86,1,1,0,3,3,B_POS,diabete_hypertension,ELEVE
43,91.4,159,36.17,1,0,1,3,3,AB_NEG,diabete,ELEVE
39,74.5,152,32.26,1,0,1,3,3,O_NEG,diabete,ELEVE
44,108.1,161,41.72,0,0,0,3,3,A_POS,aucun,ELEVE
35,84.5,175,27.6,1,1,0,3,2,B_POS,diabete_hypertension,ELEVE
38,73.8,165,27.12,1,0,0,3,2,AB_POS,diabete,ELEVE
44,110.6,163,41.61,1,0,0,3,3,B_POS,diabete,ELEVE
42,101.7,171,34.79,0,1,0,3,3,O_POS,hypertension,ELEVE
43,65.8,152,28.49,0,0,0,3,2,A_POS,aucun,ELEVE
44,90.4,179,28.22,1,0,1,3,2,AB_NEG,diabete,ELEVE
39,91.1,168,32.27,0,0,0,3,3,A_POS,aucun,ELEVE
39,128.4,179,40.07,0,1,1,3,3,A_NEG,hypertension,ELEVE
42,106.2,164,39.49,0,0,1,3,3,O_NEG,aucun,ELEVE
37,114.4,170,39.6,1,1,0,3,3,B_POS,diabete_hypertension,ELEVE
45,96.0,172,32.45,1,0,0,3,3,O_POS,diabete,ELEVE
44,90.5,155,37.68,1,1,0,3,3,B_POS,diabete_hypertension,ELEVE
43,79.1,151,34.71,1,1,0,3,3,A_POS,diabete_hypertension,ELEVE
41,122.9,174,40.6,0,0,0,3,3,B_POS,aucun,ELEVE
35,103.3,176,33.36,1,1,0,3,3,O_POS,diabete_hypertension,ELEVE
42,89.3,157,36.23,1,1,0,3,3,B_POS,diabete_hypertension,ELEVE
43,92.8,165,34.1,1,0,0,3,3,O_POS,diabete,ELEVE
44,85.7,151,37.57,1,1,0,3,3,B_POS,diabete_hypertension,ELEVE
36,114.2,168,40.47,0,1,1,3,3,A_NEG,hypertension,ELEVE
40,120.9,179,37.72,1,1,0,3,3,A_POS,diabete_hypertension,ELEVE
41,79.3,161,30.61,0,1,0,3,3,O_POS,hypertension,ELEVE
45,105.0,167,37.65,1,0,0,3,3,AB_POS,diabete,ELEVE
40,96.4,152,41.71,0,1,1,3,3,B_NEG,hypertension,ELEVE
35,72.3,154,30.48,0,0,0,3,3,O_POS,aucun,ELEVE
38,106.2,175,34.68,1,0,0,3,3,O_POS,diabete,ELEVE
36,99.1,159,39.21,1,0,1,3,3,A_NEG,diabete,ELEVE
41,74.7,159,29.54,1,1,1,3,2,O_NEG,diabete_hypertension,ELEVE
36,93.1,169,32.6,1,0,1,3,3,O_NEG,diabete,ELEVE
38,123.9,174,40.93,0,1,1,3,3,A_NEG,hypertension,ELEVE
43,68.1,156,27.97,1,0,0,3,2,B_POS,diabete,ELEVE
38,82.9,159,32.77,0,1,0,3,3,O_POS,hypertension,ELEVE
36,130.7,177,41.71,1,0,0,3,3,O_POS,diabete,ELEVE
37,108.6,166,39.4,1,0,1,3,3,AB_NEG,diabete,ELEVE
42,87.8,171,30.02,0,0,0,3,3,B_POS,aucun,ELEVE
40,65.2,155,27.13,0,1,1,3,2,O_NEG,hypertension,ELEVE
41,68.8,156,28.27,0,0,1,3,2,A_NEG,aucun,ELEVE
44,110.5,165,40.6,0,0,1,3,3,B_NEG,aucun,ELEVE
36,107.2,169,37.54,0,0,0,3,3,B_POS,aucun,ELEVE
39,92.0,153,39.31,1,1,1,3,3,A_NEG,diabete_hypertension,ELEVE
35,112.1,171,38.34,0,0,1,3,3,AB_NEG,aucun,ELEVE
40,87.3,155,36.32,1,1,1,3,3,AB_NEG,diabete_hypertension,ELEVE
42,115.6,167,41.46,1,0,1,3,3,A_NEG,diabete,ELEVE
41,82.4,169,28.86,1,1,1,3,2,B_NEG,diabete_hypertension,ELEVE
41,80.7,154,34.02,1,0,1,3,3,AB_NEG,diabete,ELEVE
44,110.0,175,35.93,1,0,0,3,3,B_POS,diabete,ELEVE
38,79.0,152,34.18,0,1,1,3,3,O_NEG,hypertension,ELEVE
38,126.0,180,38.87,0,0,1,3,3,A_NEG,aucun,ELEVE
37,96.7,173,32.32,0,0,0,3,3,AB_POS,aucun,ELEVE
43,126.8,174,41.88,0,1,1,3,3,AB_NEG,hypertension,ELEVE
38,80.9,151,35.49,0,1,1,3,3,A_NEG,hypertension,ELEVE
40,91.5,158,36.66,1,0,0,3,3,AB_POS,diabete,ELEVE
42,86.0,177,27.46,1,0,1,3,2,O_NEG,diabete,ELEVE
36,95.4,161,36.82,0,1,1,3,3,B_NEG,hypertension,ELEVE
43,96.3,153,41.15,0,0,0,3,3,AB_POS,aucun,ELEVE
45,92.2,162,35.14,1,0,0,3,3,B_POS,diabete,ELEVE
45,113.3,171,38.73,1,0,0,3,3,B_POS,diabete,ELEVE
39,105.6,168,37.42,0,1,0,3,3,O_POS,hypertension,ELEVE
35,83.5,154,35.21,1,0,0,3,3,A_POS,diabete,ELEVE
43,76.6,160,29.91,0,1,0,3,2,O_POS,hypertension,ELEVE
39,110.4,167,39.59,0,0,0,3,3,B_POS,aucun,ELEVE
45,67.4,155,28.07,1,1,0,3,2,AB_POS,diabete_hypertension,ELEVE
36,81.5,162,31.05,1,0,0,3,3,A_POS,diabete,ELEVE
45,75.8,152,32.81,1,1,0,3,3,B_POS,diabete_hypertension,ELEVE
39,98.7,170,34.15,0,0,1,3,3,A_NEG,aucun,ELEVE
36,81.0,154,34.17,1,1,0,3,3,A_POS,diabete_hypertension,ELEVE
35,82.8,157,33.59,0,0,0,3,3,B_POS,aucun,ELEVE
44,84.0,151,36.84,0,0,0,3,3,A_POS,aucun,ELEVE
38,108.4,169,37.95,0,0,0,3,3,AB_POS,aucun,ELEVE
38,69.4,157,28.14,0,0,0,3,2,O_POS,aucun,ELEVE
37,71.8,160,28.06,0,0,0,3,2,O_POS,aucun,ELEVE
43,82.6,151,36.25,0,0,1,3,3,B_NEG,aucun,ELEVE
36,86.2,173,28.82,1,0,0,3,2,B_POS,diabete,ELEVE
40,101.8,179,31.78,1,1,1,3,3,B_NEG,diabete_hypertension,ELEVE
43,113.8,165,41.82,1,0,1,3,3,A_NEG,diabete,ELEVE
44,77.1,155,32.08,0,0,1,3,3,B_NEG,aucun,ELEVE
38,127.6,180,39.37,0,0,0,3,3,B_POS,aucun,ELEVE
43,107.7,170,37.26,1,0,0,3,3,AB_POS,diabete,ELEVE
42,68.0,152,29.43,1,0,1,3,2,O_NEG,diabete,ELEVE
43,104.8,173,35.03,1,0,0,3,3,O_POS,diabete,ELEVE
42,93.9,154,39.57,1,0,1,3,3,B_NEG,diabete,ELEVE
45,86.1,151,37.78,1,0,1,3,3,O_NEG,diabete,ELEVE
42,122.4,179,38.21,0,0,0,3,3,B_POS,aucun,ELEVE
36,75.0,152,32.47,0,0,1,3,3,A_NEG,aucun,ELEVE
36,102.7,166,37.28,1,0,1,3,3,O_NEG,diabete,ELEVE
37,99.1,165,36.39,1,0,0,3,3,AB_POS,diabete,ELEVE
45,116.7,168,41.34,0,1,0,3,3,B_POS,hypertension,ELEVE
44,76.1,152,32.95,1,1,0,3,3,O_POS,diabete_hypertension,ELEVE
35,76.7,150,34.09,0,0,0,3,3,A_POS,aucun,ELEVE
44,78.1,169,27.35,1,0,1,3,2,AB_NEG,diabete,ELEVE
37,89.6,159,35.43,1,0,0,3,3,B_POS,diabete,ELEVE
45,119.1,179,37.18,1,0,0,3,3,O_POS,diabete,ELEVE
45,75.7,164,28.15,1,0,1,3,2,O_NEG,diabete,ELEVE
45,106.9,176,34.52,1,0,1,3,3,AB_NEG,diabete,ELEVE
42,80.2,159,31.74,0,1,0,3,3,O_POS,hypertension,ELEVE
35,124.8,175,40.74,1,0,0,3,3,AB_POS,diabete,ELEVE
39,99.8,178,31.49,1,0,0,3,3,AB_POS,diabete,ELEVE
38,66.2,156,27.22,0,0,1,3,2,O_NEG,aucun,ELEVE
37,90.4,162,34.46,1,0,1,3,3,O_NEG,diabete,ELEVE
39,117.0,173,39.09,1,0,1,3,3,A_NEG,diabete,ELEVE
38,81.9,158,32.81,1,1,1,3,3,B_NEG,diabete_hypertension,ELEVE
44,66.2,150,29.44,1,1,0,3,2,B_POS,diabete_hypertension,ELEVE
38,90.0,154,37.96,0,1,0,3,3,A_POS,hypertension,ELEVE
35,126.0,179,39.33,0,1,0,3,3,O_POS,hypertension,ELEVE
44,79.5,155,33.11,1,0,1,3,3,B_NEG,diabete,ELEVE
35,93.2,150,41.43,1,0,0,3,3,AB_POS,diabete,ELEVE
39,90.8,155,37.78,0,1,0,3,3,B_POS,hypertension,ELEVE
40,98.1,172,33.17,1,1,1,3,3,A_NEG,diabete_hypertension,ELEVE
41,115.4,172,39.02,1,0,1,3,3,O_NEG,diabete,ELEVE
35,86.4,153,36.91,1,1,0,3,3,B_POS,diabete_hypertension,ELEVE
42,111.6,176,36.03,1,0,1,3,3,O_NEG,diabete,ELEVE
42,127.7,175,41.7,1,0,1,3,3,AB_NEG,diabete,ELEVE
39,62.2,151,27.28,1,1,1,3,2,O_NEG,diabete_hypertension,ELEVE
41,77.8,157,31.58,0,1,1,3,3,A_NEG,hypertension,ELEVE
39,101.0,172,34.13,0,1,1,3,3,B_NEG,hypertension,ELEVE
43,93.6,158,37.48,1,0,1,3,3,A_NEG,diabete,ELEVE
42,104.5,172,35.32,0,1,0,3,3,B_POS,hypertension,ELEVE
35,112.4,166,40.78,1,0,0,3,3,B_POS,diabete,ELEVE
42,78.9,169,27.64,1,0,1,3,2,AB_NEG,diabete,ELEVE
43,76.4,161,29.47,1,1,0,3,2,O_POS,diabete_hypertension,ELEVE
44,112.4,175,36.69,1,1,0,3,3,B_POS,diabete_hypertension,ELEVE
39,82.8,162,31.53,0,0,1,3,3,A_NEG,aucun,ELEVE
35,90.2,158,36.12,1,1,0,3,3,AB_POS,diabete_hypertension,ELEVE
42,93.9,157,38.09,0,1,0,3,3,O_POS,hypertension,ELEVE
42,82.5,150,36.68,1,0,0,3,3,A_POS,diabete,ELEVE
39,132.5,178,41.82,0,0,1,3,3,B_NEG,aucun,ELEVE
41,116.1,178,36.65,0,1,1,3,3,AB_NEG,hypertension,ELEVE
40,75.4,152,32.65,0,1,1,3,3,AB_NEG,hypertension,ELEVE
43,87.3,170,30.19,0,0,0,3,3,O_POS,aucun,ELEVE
44,98.2,153,41.95,1,0,0,3,3,B_POS,diabete,ELEVE
39,130.6,179,40.75,0,1,0,3,3,AB_POS,hypertension,ELEVE
41,116.8,178,36.86,1,0,1,3,3,B_NEG,diabete,ELEVE
42,117.2,177,37.41,1,1,0,3,3,A_POS,diabete_hypertension,ELEVE
42,108.9,167,39.05,1,1,1,3,3,A_NEG,diabete_hypertension,ELEVE
40,91.5,165,33.61,1,1,1,3,3,A_NEG,diabete_hypertension,ELEVE
43,83.0,164,30.86,1,1,1,3,3,O_NEG,diabete_hypertension,ELEVE
37,110.3,166,40.04,1,1,0,3,3,B_POS,diabete_hypertension,ELEVE
36,121.8,173,40.7,1,0,1,3,3,O_NEG,diabete,ELEVE
36,90.7,150,40.3,1,0,1,3,3,A_NEG,diabete,ELEVE
38,119.7,176,38.65,1,0,0,3,3,A_POS,diabete,ELEVE
35,89.0,171,30.43,1,0,1,3,3,O_NEG,diabete,ELEVE
37,86.9,152,37.6,1,0,1,3,3,B_NEG,diabete,ELEVE
43,124.1,172,41.93,1,0,1,3,3,B_NEG,diabete,ELEVE
37,89.0,167,31.91,0,0,0,3,3,B_POS,aucun,ELEVE
43,118.9,175,38.81,1,0,1,3,3,AB_NEG,diabete,ELEVE
42,118.9,173,39.71,0,1,0,3,3,A_POS,hypertension,ELEVE
40,83.0,152,35.93,1,0,1,3,3,O_NEG,diabete,ELEVE
42,117.1,168,41.47,1,1,0,3,3,O_POS,diabete_hypertension,ELEVE
37,99.7,171,34.1,1,0,1,3,3,B_NEG,diabete,ELEVE
40,107.1,161,41.31,1,0,1,3,3,AB_NEG,diabete,ELEVE
39,92.3,160,36.07,1,0,0,3,3,AB_POS,diabete,ELEVE
43,115.5,175,37.71,1,0,1,3,3,B_NEG,diabete,ELEVE
36,99.0,166,35.92,0,0,1,3,3,O_NEG,aucun,ELEVE
39,75.7,150,33.66,0,1,0,3,3,O_POS,hypertension,ELEVE
44,78.0,152,33.78,0,0,1,3,3,AB_NEG,aucun,ELEVE
37,105.8,180,32.66,1,0,1,3,3,A_NEG,diabete,ELEVE
43,101.5,172,34.32,1,1,0,3,3,A_POS,diabete_hypertension,ELEVE
44,108.3,166,39.31,1,0,1,3,3,A_NEG,diabete,ELEVE
37,93.3,179,29.11,1,1,1,3,2,O_NEG,diabete_hypertension,ELEVE
36,62.9,150,27.94,1,0,0,3,2,O_POS,diabete,ELEVE
42,115.5,178,36.46,0,1,0,3,3,O_POS,hypertension,ELEVE
37,83.1,174,27.45,1,0,0,3,2,A_POS,diabete,ELEVE
40,94.4,166,34.24,1,0,1,3,3,A_NEG,diabete,ELEVE
37,130.0,178,41.03,0,0,1,3,3,O_NEG,aucun,ELEVE
35,116.3,171,39.77,1,0,1,3,3,AB_NEG,diabete,ELEVE
35,103.1,166,37.41,0,0,1,3,3,AB_NEG,aucun,ELEVE
45,74.6,161,28.78,1,1,1,3,2,O_NEG,diabete_hypertension,ELEVE
45,117.1,169,41.01,0,0,1,3,3,A_NEG,aucun,ELEVE
42,88.6,151,38.84,1,1,0,3,3,B_POS,diabete_hypertension,ELEVE
41,91.4,156,37.57,1,1,1,3,3,B_NEG,diabete_hypertension,ELEVE
35,74.8,151,32.79,1,0,1,3,3,A_NEG,diabete,ELEVE
44,66.9,157,27.13,0,1,0,3,2,O_POS,hypertension,ELEVE
41,85.2,174,28.15,1,0,0,3,2,O_POS,diabete,ELEVE
35,83.4,173,27.88,0,1,1,3,2,O_NEG,hypertension,ELEVE
37,85.2,152,36.89,1,1,0,3,3,A_POS,diabete_hypertension,ELEVE
43,103.1,166,37.4,1,0,1,3,3,AB_NEG,diabete,ELEVE
37,84.0,165,30.84,0,1,0,3,3,B_POS,hypertension,ELEVE
39,100.0,175,32.65,1,0,0,3,3,A_POS,diabete,ELEVE
45,83.1,159,32.87,0,0,0,3,3,AB_POS,aucun,ELEVE
38,122.0,177,38.94,1,0,0,3,3,AB_POS,diabete,ELEVE
42,105.0,174,34.68,1,1,0,3,3,AB_POS,diabete_hypertension,ELEVE
39,64.5,151,28.27,1,0,1,3,2,A_NEG,diabete,ELEVE
42,104.5,165,38.37,1,0,0,3,3,O_POS,diabete,ELEVE
39,116.5,175,38.04,0,1,1,3,3,A_NEG,hypertension,ELEVE
39,119.9,171,41.01,1,1,0,3,3,A_POS,diabete_hypertension,ELEVE
39,82.0,158,32.84,1,0,1,3,3,B_NEG,diabete,ELEVE
37,123.6,173,41.3,0,0,1,3,3,O_NEG,aucun,ELEVE
42,104.7,159,41.43,1,0,0,3,3,O_POS,diabete,ELEVE
44,96.7,164,35.97,1,0,1,3,3,B_NEG,diabete,ELEVE
45,105.1,159,41.59,0,1,1,3,3,B_NEG,hypertension,ELEVE
40,96.8,164,36.0,0,0,0,3,3,B_POS,aucun,ELEVE
42,104.2,173,34.83,1,0,1,3,3,AB_NEG,diabete,ELEVE
40,98.9,155,41.18,1,0,1,3,3,A_NEG,diabete,ELEVE
39,86.9,164,32.31,1,1,1,3,3,O_NEG,diabete_hypertension,ELEVE
39,98.2,158,39.34,0,0,1,3,3,B_NEG,aucun,ELEVE
41,95.5,153,40.78,0,0,0,3,3,A_POS,aucun,ELEVE
41,81.9,161,31.6,1,1,0,3,3,B_POS,diabete_hypertension,ELEVE
41,124.0,178,39.13,1,1,1,3,3,B_NEG,diabete_hypertension,ELEVE
42,113.5,167,40.7,1,0,0,3,3,B_POS,diabete,ELEVE
41,75.2,161,29.0,0,1,0,3,2,AB_POS,hypertension,ELEVE
44,83.2,158,33.33,1,0,0,3,3,B_POS,diabete,ELEVE
35,62.1,151,27.22,1,0,0,3,2,AB_POS,diabete,ELEVE
35,93.4,160,36.49,0,0,1,3,3,AB_NEG,aucun,ELEVE
39,109.5,174,36.18,0,0,0,3,3,AB_POS,aucun,ELEVE
43,82.4,154,34.75,1,1,0,3,3,AB_POS,diabete_hypertension,ELEVE
39,97.2,154,40.98,0,0,0,3,3,AB_POS,aucun,ELEVE
38,77.0,157,31.25,1,1,1,3,3,AB_NEG,diabete_hypertension,ELEVE
39,82.4,165,30.25,1,0,1,3,3,O_NEG,diabete,ELEVE
44,111.3,172,37.63,1,0,0,3,3,B_POS,diabete,ELEVE
37,71.3,159,28.22,1,1,0,3,2,AB_POS,diabete_hypertension,ELEVE
43,123.7,173,41.34,0,0,0,3,3,O_POS,aucun,ELEVE
45,108.1,166,39.24,1,0,1,3,3,AB_NEG,diabete,ELEVE
44,102.0,164,37.92,1,1,1,3,3,O_NEG,diabete_hypertension,ELEVE
41,108.2,173,36.14,0,1,0,3,3,O_POS,hypertension,ELEVE
37,107.5,170,37.2,1,0,1,3,3,O_NEG,diabete,ELEVE
37,102.2,166,37.08,0,1,1,3,3,AB_NEG,hypertension,ELEVE
45,92.1,169,32.25,1,1,0,3,3,O_POS,diabete_hypertension,ELEVE
43,117.1,167,41.98,0,0,1,3,3,B_NEG,aucun,ELEVE
36,89.5,178,28.25,1,0,1,3,2,O_NEG,diabete,ELEVE
45,89.0,159,35.19,1,0,0,3,3,A_POS,diabete,ELEVE
36,87.6,168,31.02,0,1,1,3,3,AB_NEG,hypertension,ELEVE
39,77.4,153,33.05,0,0,1,3,3,O_NEG,aucun,ELEVE
44,92.2,172,31.17,1,0,1,3,3,A_NEG,diabete,ELEVE
35,118.9,172,40.19,1,1,0,3,3,AB_POS,diabete_hypertension,ELEVE
45,111.0,163,41.78,1,0,1,3,3,B_NEG,diabete,ELEVE
42,106.9,161,41.25,0,1,0,3,3,O_POS,hypertension,ELEVE
44,108.9,177,34.77,1,1,1,3,3,AB_NEG,diabete_hypertension,ELEVE
44,80.0,152,34.62,1,1,0,3,3,AB_POS,diabete_hypertension,ELEVE
40,87.7,160,34.25,1,1,0,3,3,B_POS,diabete_hypertension,ELEVE
36,92.2,160,36.02,0,0,0,3,3,A_POS,aucun,ELEVE
38,96.6,172,32.64,0,1,1,3,3,O_NEG,hypertension,ELEVE
43,113.8,165,41.8,1,0,1,3,3,A_NEG,diabete,ELEVE
35,81.1,171,27.73,0,0,0,3,2,B_POS,aucun,ELEVE
37,74.1,164,27.55,0,1,1,3,2,A_NEG,hypertension,ELEVE
38,87.2,152,37.73,0,0,1,3,3,O_NEG,aucun,ELEVE
37,98.6,172,33.31,0,0,1,3,3,B_NEG,aucun,ELEVE
43,98.6,159,39.01,0,0,1,3,3,O_NEG,aucun,ELEVE
36,115.4,181,35.22,0,0,0,3,3,A_POS,aucun,ELEVE
43,92.7,171,31.7,1,1,1,3,3,O_NEG,diabete_hypertension,ELEVE
39,88.2,156,36.26,1,0,0,3,3,A_POS,diabete,ELEVE
38,78.5,169,27.49,1,0,0,3,2,A_POS,diabete,ELEVE
41,105.0,180,32.4,1,1,1,3,3,AB_NEG,diabete_hypertension,ELEVE
41,113.4,173,37.9,0,0,1,3,3,O_NEG,aucun,ELEVE
37,98.8,154,41.65,1,0,1,3,3,O_NEG,diabete,ELEVE
37,98.2,179,30.63,1,0,1,3,3,AB_NEG,diabete,ELEVE
41,79.7,163,29.98,1,0,0,3,2,B_POS,diabete,ELEVE
43,136.3,181,41.59,1,1,1,3,3,AB_NEG,diabete_hypertension,ELEVE
40,74.4,155,30.95,1,0,0,3,3,AB_POS,diabete,ELEVE
37,80.5,155,33.49,0,0,0,3,3,O_POS,aucun,ELEVE
37,78.5,157,31.85,1,0,0,3,3,A_POS,diabete,ELEVE
45,99.8,156,41.0,1,0,1,3,3,B_NEG,diabete,ELEVE
38,101.8,175,33.22,1,0,0,3,3,O_POS,diabete,ELEVE
45,80.4,160,31.41,1,1,1,3,3,A_NEG,diabete_hypertension,ELEVE
35,68.7,150,30.54,1,1,1,3,3,B_NEG,diabete_hypertension,ELEVE
44,91.2,173,30.49,1,1,0,3,3,A_POS,diabete_hypertension,ELEVE
36,73.5,163,27.67,0,1,1,3,2,B_NEG,hypertension,ELEVE
37,88.5,178,27.94,0,1,0,3,2,A_POS,hypertension,ELEVE
40,74.4,155,30.98,1,1,1,3,3,A_NEG,diabete_hypertension,ELEVE
44,123.2,175,40.24,1,0,1,3,3,AB_NEG,diabete,ELEVE
45,86.2,168,30.53,1,0,1,3,3,AB_NEG,diabete,ELEVE
37,105.3,172,35.58,0,0,0,3,3,O_POS,aucun,ELEVE
42,88.0,175,28.72,0,1,0,3,2,A_POS,hypertension,ELEVE
40,87.4,155,36.39,1,0,0,3,3,O_POS,diabete,ELEVE
41,135.7,180,41.87,1,0,1,3,3,A_NEG,diabete,ELEVE
38,133.1,180,41.07,0,1,0,3,3,A_POS,hypertension,ELEVE
43,88.5,152,38.3,0,0,0,3,3,A_POS,aucun,ELEVE
40,90.2,164,33.53,1,0,1,3,3,AB_NEG,diabete,ELEVE
35,106.2,173,35.47,1,0,0,3,3,AB_POS,diabete,ELEVE
36,100.4,172,33.92,0,1,0,3,3,AB_POS,hypertension,ELEVE
40,89.1,165,32.71,1,0,1,3,3,AB_NEG,diabete,ELEVE
41,115.7,170,40.03,1,1,0,3,3,O_POS,diabete_hypertension,ELEVE
45,75.4,156,31.0,0,1,1,3,3,B_NEG,hypertension,ELEVE
41,109.3,168,38.71,0,0,1,3,3,AB_NEG,aucun,ELEVE
41,105.8,161,40.82,0,1,0,3,3,B_POS,hypertension,ELEVE
42,103.2,159,40.81,0,1,1,3,3,A_NEG,hypertension,ELEVE
38,99.3,155,41.35,1,0,0,3,3,O_POS,diabete,ELEVE
42,106.7,172,36.06,1,1,0,3,3,AB_POS,diabete_hypertension,ELEVE
38,87.1,154,36.74,0,0,1,3,3,A_NEG,aucun,ELEVE
40,100.1,161,38.61,1,0,0,3,3,A_POS,diabete,ELEVE
40,87.5,173,29.25,1,0,1,3,2,O_NEG,diabete,ELEVE
37,121.4,171,41.51,1,0,0,3,3,B_POS,diabete,ELEVE
43,98.9,164,36.75,0,1,0,3,3,B_POS,hypertension,ELEVE
45,119.8,176,38.67,1,0,0,3,3,O_POS,diabete,ELEVE
36,101.4,156,41.67,0,1,0,3,3,O_POS,hypertension,ELEVE
43,100.2,174,33.1,1,0,0,3,3,AB_POS,diabete,ELEVE
39,85.4,154,36.01,1,1,1,3,3,B_NEG,diabete_hypertension,ELEVE
41,91.9,151,40.3,1,0,0,3,3,A_POS,diabete,ELEVE
42,100.5,165,36.92,1,0,1,3,3,O_NEG,diabete,ELEVE
39,116.1,174,38.35,0,1,0,3,3,A_POS,hypertension,ELEVE
43,107.0,175,34.95,1,0,1,3,3,AB_NEG,diabete,ELEVE
37,85.4,177,27.25,1,0,0,3,2,AB_POS,diabete,ELEVE
44,116.1,176,37.48,1,1,1,3,3,A_NEG,diabete_hypertension,ELEVE
45,94.1,170,32.56,0,0,1,3,3,AB_NEG,aucun,ELEVE
41,80.8,152,34.96,1,1,0,3,3,O_POS,diabete_hypertension,ELEVE
40,115.6,180,35.68,1,0,1,3,3,B_NEG,diabete,ELEVE
41,76.6,165,28.15,1,0,1,3,2,O_NEG,diabete,ELEVE
37,83.1,161,32.04,0,0,1,3,3,AB_NEG,aucun,ELEVE
41,94.7,174,31.27,0,1,0,3,3,O_POS,hypertension,ELEVE
38,130.7,181,39.89,1,1,0,3,3,B_POS,diabete_hypertension,ELEVE
41,72.0,152,31.17,1,0,0,3,3,O_POS,diabete,ELEVE
44,84.5,160,33.03,1,0,1,3,3,AB_NEG,diabete,ELEVE
41,103.7,163,39.03,1,1,0,3,3,AB_POS,diabete_hypertension,ELEVE
38,128.9,176,41.61,1,1,0,3,3,A_POS,diabete_hypertension,ELEVE
43,102.3,166,37.11,1,1,1,3,3,AB_NEG,diabete_hypertension,ELEVE
35,85.9,168,30.44,1,0,1,3,3,O_NEG,diabete,ELEVE
42,119.0,170,41.19,1,0,1,3,3,O_NEG,diabete,ELEVE
45,113.9,174,37.62,1,0,1,3,3,B_NEG,diabete,ELEVE
41,75.8,153,32.4,1,0,0,3,3,O_POS,diabete,ELEVE
42,82.2,152,35.59,0,0,1,3,3,B_NEG,aucun,ELEVE
38,91.3,151,40.05,1,0,0,3,3,B_POS,diabete,ELEVE
44,73.8,150,32.79,1,0,0,3,3,A_POS,diabete,ELEVE
37,68.4,158,27.4,1,0,0,3,2,O_POS,diabete,ELEVE
37,72.6,157,29.46,1,0,1,3,2,B_NEG,diabete,ELEVE
42,91.6,159,36.23,0,0,0,3,3,A_POS,aucun,ELEVE
35,89.4,158,35.81,1,1,0,3,3,AB_POS,diabete_hypertension,ELEVE
42,90.4,174,29.87,0,0,1,3,2,AB_NEG,aucun,ELEVE
41,78.2,150,34.75,0,1,1,3,3,O_NEG,hypertension,ELEVE
41,89.8,151,39.38,0,1,0,3,3,AB_POS,hypertension,ELEVE
36,104.4,179,32.57,1,1,1,3,3,A_NEG,diabete_hypertension,ELEVE
44,74.7,161,28.83,0,1,1,3,2,B_NEG,hypertension,ELEVE
38,115.6,168,40.94,0,0,0,3,3,B_POS,aucun,ELEVE
36,117.9,178,37.22,0,0,1,3,3,B_NEG,aucun,ELEVE
43,86.9,159,34.39,1,1,1,3,3,A_NEG,diabete_hypertension,ELEVE
45,89.0,153,38.0,0,1,1,3,3,O_NEG,hypertension,ELEVE
37,85.7,178,27.04,0,1,1,3,2,O_NEG,hypertension,ELEVE
45,112.1,177,35.79,1,1,0,3,3,B_POS,diabete_hypertension,ELEVE
42,85.6,159,33.85,1,1,1,3,3,AB_NEG,diabete_hypertension,ELEVE
40,123.5,173,41.28,1,0,1,3,3,O_NEG,diabete,ELEVE
40,76.3,166,27.68,0,1,1,3,2,B_NEG,hypertension,ELEVE
42,84.7,154,35.7,0,1,1,3,3,AB_NEG,hypertension,ELEVE
35,116.3,168,41.22,1,0,1,3,3,A_NEG,diabete,ELEVE
40,118.2,174,39.03,1,0,1,3,3,B_NEG,diabete,ELEVE
35,75.7,151,33.21,1,1,0,3,3,A_POS,diabete_hypertension,ELEVE
37,114.2,177,36.46,1,0,1,3,3,AB_NEG,diabete,ELEVE
36,99.6,167,35.7,0,1,1,3,3,O_NEG,hypertension,ELEVE
38,90.0,177,28.73,0,1,0,3,2,O_POS,hypertension,ELEVE
45,94.2,152,40.77,1,0,1,3,3,O_NEG,diabete,ELEVE
42,71.6,155,29.79,1,1,0,3,2,O_POS,diabete_hypertension,ELEVE
41,95.6,153,40.83,1,1,0,3,3,B_POS,diabete_hypertension,ELEVE
43,75.0,164,27.9,1,1,1,3,2,B_NEG,diabete_hypertension,ELEVE
37,123.6,174,40.82,0,0,1,3,3,A_NEG,aucun,ELEVE
45,98.6,175,32.19,1,0,1,3,3,O_NEG,diabete,ELEVE
40,69.1,155,28.76,0,1,0,3,2,B_POS,hypertension,ELEVE
42,99.1,167,35.53,0,1,1,3,3,AB_NEG,hypertension,ELEVE
39,66.3,153,28.33,0,0,1,3,2,A_NEG,aucun,ELEVE
36,103.0,178,32.51,0,1,1,3,3,A_NEG,hypertension,ELEVE
44,80.9,158,32.41,0,1,1,3,3,A_NEG,hypertension,ELEVE
40,116.1,178,36.64,0,1,1,3,3,B_NEG,hypertension,ELEVE
40,82.8,154,34.92,1,0,0,3,3,O_POS,diabete,ELEVE
45,94.1,168,33.35,0,1,0,3,3,AB_POS,hypertension,ELEVE
36,90.2,167,32.35,0,0,0,3,3,B_POS,aucun,ELEVE
35,82.3,169,28.83,1,1,1,3,2,O_NEG,diabete_hypertension,ELEVE
37,86.1,153,36.79,0,1,0,3,3,AB_POS,hypertension,ELEVE
40,108.0,169,37.82,1,0,0,3,3,B_POS,diabete,ELEVE
36,67.4,157,27.35,0,1,1,3,2,AB_NEG,hypertension,ELEVE
41,80.9,167,29.0,1,1,0,3,2,O_POS,diabete_hypertension,ELEVE
35,111.6,179,34.82,1,1,1,3,3,A_NEG,diabete_hypertension,ELEVE
36,106.7,164,39.67,1,0,0,3,3,AB_POS,diabete,ELEVE
42,103.7,173,34.63,0,1,0,3,3,AB_POS,hypertension,ELEVE
37,108.1,165,39.69,1,1,1,3,3,B_NEG,diabete_hypertension,ELEVE
44,103.9,163,39.1,0,1,0,3,3,O_POS,hypertension,ELEVE
44,74.9,154,31.59,0,1,0,3,3,AB_POS,hypertension,ELEVE
43,82.5,174,27.25,1,0,0,3,2,A_POS,diabete,ELEVE
43,89.8,154,37.87,1,0,0,3,3,O_POS,diabete,ELEVE
44,90.0,155,37.48,1,0,0,3,3,A_POS,diabete,ELEVE
42,122.7,173,40.99,0,1,1,3,3,AB_NEG,hypertension,ELEVE
42,130.1,181,39.72,0,1,0,3,3,A_POS,hypertension,ELEVE
40,99.5,164,36.98,0,0,1,3,3,O_NEG,aucun,ELEVE
40,66.8,153,28.55,1,1,1,3,2,A_NEG,diabete_hypertension,ELEVE
35,88.4,165,32.48,1,0,1,3,3,B_NEG,diabete,ELEVE
43,107.4,179,33.51,0,0,0,3,3,AB_POS,aucun,ELEVE
41,96.6,158,38.71,1,0,1,3,3,B_NEG,diabete,ELEVE
41,113.9,175,37.2,0,1,1,3,3,B_NEG,hypertension,ELEVE
41,90.9,167,32.6,1,0,1,3,3,B_NEG,diabete,ELEVE
39,81.1,170,28.08,1,1,0,3,2,A_POS,diabete_hypertension,ELEVE
44,71.7,155,29.83,1,1,1,3,2,O_NEG,diabete_hypertension,ELEVE
38,96.3,178,30.4,0,1,0,3,3,O_POS,hypertension,ELEVE
45,128.1,179,39.98,1,0,1,3,3,O_NEG,diabete,ELEVE
44,99.9,155,41.57,1,0,0,3,3,AB_POS,diabete,ELEVE
45,111.2,166,40.35,0,0,0,3,3,B_POS,aucun,ELEVE
39,111.7,175,36.48,0,1,1,3,3,A_NEG,hypertension,ELEVE
44,98.5,154,41.53,0,0,1,3,3,AB_NEG,aucun,ELEVE
39,104.3,178,32.93,0,1,0,3,3,A_POS,hypertension,ELEVE
39,87.6,168,31.04,0,1,0,3,3,B_POS,hypertension,ELEVE
44,100.8,177,32.16,1,0,1,3,3,B_NEG,diabete,ELEVE
39,111.2,174,36.73,0,1,0,3,3,AB_POS,hypertension,ELEVE
35,77.5,164,28.82,1,1,1,3,2,AB_NEG,diabete_hypertension,ELEVE
39,86.1,165,31.62,1,1,1,3,3,B_NEG,diabete_hypertension,ELEVE
38,100.0,158,40.05,1,1,1,3,3,A_NEG,diabete_hypertension,ELEVE
42,92.8,150,41.25,1,0,0,3,3,O_POS,diabete,ELEVE
44,130.8,178,41.28,1,0,0,3,3,B_POS,diabete,ELEVE
44,67.1,150,29.81,1,0,0,3,2,A_POS,diabete,ELEVE
42,91.3,153,39.01,1,0,0,3,3,O_POS,diabete,ELEVE
36,109.1,164,40.55,1,1,0,3,3,O_POS,diabete_hypertension,ELEVE
45,86.1,173,28.76,1,0,1,3,2,O_NEG,diabete,ELEVE
39,108.9,162,41.49,1,0,1,3,3,B_NEG,diabete,ELEVE
41,91.5,176,29.53,0,1,0,3,2,O_POS,hypertension,ELEVE
41,105.5,163,39.69,1,0,0,3,3,A_POS,diabete,ELEVE
43,130.1,177,41.54,0,0,1,3,3,O_NEG,aucun,ELEVE
44,73.4,156,30.16,1,0,0,3,3,A_POS,diabete,ELEVE
42,115.1,179,35.93,1,0,1,3,3,A_NEG,diabete,ELEVE
36,67.4,152,29.16,0,1,1,3,2,AB_NEG,hypertension,ELEVE
36,119.3,171,40.79,0,0,1,3,3,O_NEG,aucun,ELEVE
42,99.0,155,41.2,1,1,1,3,3,O_NEG,diabete_hypertension,ELEVE
42,110.8,167,39.72,1,0,1,3,3,AB_NEG,diabete,ELEVE
42,115.4,179,36.02,0,1,0,3,3,O_POS,hypertension,ELEVE
44,105.4,179,32.89,0,1,0,3,3,O_POS,hypertension,ELEVE
43,109.7,170,37.95,1,0,0,3,3,A_POS,diabete,ELEVE
39,103.8,176,33.52,1,0,1,3,3,O_NEG,diabete,ELEVE
44,111.4,175,36.39,0,1,0,3,3,O_POS,hypertension,ELEVE
44,92.4,151,40.51,0,1,0,3,3,O_POS,hypertension,ELEVE
38,81.1,159,32.08,0,1,1,3,3,B_NEG,hypertension,ELEVE
44,98.1,172,33.17,0,1,0,3,3,O_POS,hypertension,ELEVE
38,97.5,163,36.7,1,0,0,3,3,O_POS,diabete,ELEVE
45,76.8,153,32.83,0,0,1,3,3,B_NEG,aucun,ELEVE
44,93.2,181,28.44,1,0,0,3,2,AB_POS,diabete,ELEVE
37,112.1,166,40.69,0,1,1,3,3,A_NEG,hypertension,ELEVE
43,92.7,152,40.13,1,0,1,3,3,AB_NEG,diabete,ELEVE
43,88.1,158,35.3,1,1,0,3,3,O_POS,diabete_hypertension,ELEVE
36,70.7,150,31.44,1,1,0,3,3,B_POS,diabete_hypertension,ELEVE
37,96.9,156,39.83,0,0,0,3,3,AB_POS,aucun,ELEVE
41,86.5,168,30.66,1,0,1,3,3,AB_NEG,diabete,ELEVE
36,99.2,180,30.62,1,1,0,3,3,A_POS,diabete_hypertension,ELEVE
45,103.8,167,37.21,1,0,1,3,3,AB_NEG,diabete,ELEVE
42,82.2,155,34.2,0,0,0,3,3,AB_POS,aucun,ELEVE
40,77.0,168,27.27,0,0,1,3,2,O_NEG,aucun,ELEVE
40,101.6,166,36.88,0,1,1,3,3,A_NEG,hypertension,ELEVE
37,102.0,160,39.85,1,0,1,3,3,AB_NEG,diabete,ELEVE
35,89.0,180,27.46,0,1,1,3,2,O_NEG,hypertension,ELEVE
41,89.3,163,33.63,1,0,1,3,3,AB_NEG,diabete,ELEVE
44,101.3,171,34.65,0,0,0,3,3,AB_POS,aucun,ELEVE
38,102.2,156,41.98,1,0,0,3,3,A_POS,diabete,ELEVE
40,67.1,152,29.04,1,0,1,3,2,AB_NEG,diabete,ELEVE
40,80.1,172,27.07,0,1,0,3,2,AB_POS,hypertension,ELEVE
40,105.6,172,35.7,0,1,1,3,3,AB_NEG,hypertension,ELEVE
44,102.3,178,32.29,0,1,0,3,3,B_POS,hypertension,ELEVE
36,68.1,157,27.64,0,0,1,3,2,AB_NEG,aucun,ELEVE
36,100.2,158,40.13,0,1,1,3,3,A_NEG,hypertension,ELEVE
35,107.5,174,35.52,0,1,0,3,3,B_POS,hypertension,ELEVE
42,90.0,166,32.66,1,1,1,3,3,O_NEG,diabete_hypertension,ELEVE
36,96.5,162,36.77,0,0,1,3,3,A_NEG,aucun,ELEVE
43,89.6,152,38.79,0,1,1,3,3,B_NEG,hypertension,ELEVE
43,67.9,152,29.37,0,1,0,3,2,B_POS,hypertension,ELEVE
38,72.6,150,32.25,0,0,0,3,3,A_POS,aucun,ELEVE
44,85.1,162,32.43,0,1,1,3,3,A_NEG,hypertension,ELEVE
43,91.7,171,31.37,0,0,1,3,3,AB_NEG,aucun,ELEVE
42,70.6,157,28.64,1,0,0,3,2,AB_POS,diabete,ELEVE
35,93.4,170,32.3,1,0,0,3,3,A_POS,diabete,ELEVE
35,101.0,180,31.17,1,1,0,3,3,B_POS,diabete_hypertension,ELEVE
37,102.6,163,38.61,0,1,0,3,3,O_POS,hypertension,ELEVE
40,106.3,160,41.54,1,0,0,3,3,B_POS,diabete,ELEVE
39,100.8,165,37.01,1,0,1,3,3,B_NEG,diabete,ELEVE
41,80.7,157,32.72,1,1,0,3,3,B_POS,diabete_hypertension,ELEVE
40,96.7,166,35.08,1,0,0,3,3,B_POS,diabete,ELEVE
41,105.1,178,33.18,1,0,0,3,3,AB_POS,diabete,ELEVE
44,79.9,163,30.07,0,1,0,3,3,B_POS,hypertension,ELEVE
42,80.2,152,34.69,0,1,1,3,3,AB_NEG,hypertension,ELEVE
41,73.4,155,30.55,1,1,1,3,3,B_NEG,diabete_hypertension,ELEVE
44,102.9,174,33.98,0,0,0,3,3,B_POS,aucun,ELEVE
39,123.6,179,38.59,1,0,1,3,3,O_NEG,diabete,ELEVE
43,105.0,159,41.52,1,0,0,3,3,AB_POS,diabete,ELEVE
37,109.6,177,34.97,0,0,0,3,3,A_POS,aucun,ELEVE
35,117.0,174,38.65,1,1,1,3,3,AB_NEG,diabete_hypertension,ELEVE
40,83.3,173,27.83,0,0,1,3,2,A_NEG,aucun,ELEVE
35,110.9,177,35.39,1,0,1,3,3,AB_NEG,diabete,ELEVE
41,82.2,169,28.76,1,0,0,3,2,O_POS,diabete,ELEVE
43,81.4,154,34.31,0,0,1,3,3,O_NEG,aucun,ELEVE
38,65.4,152,28.31,1,0,1,3,2,AB_NEG,diabete,ELEVE
36,101.0,181,30.83,1,0,1,3,3,O_NEG,diabete,ELEVE
45,97.9,167,35.12,0,1,1,3,3,AB_NEG,hypertension,ELEVE
45,109.9,164,40.86,1,0,1,3,3,B_NEG,diabete,ELEVE
44,121.0,174,39.96,0,0,1,3,3,B_NEG,aucun,ELEVE
38,68.0,154,28.67,0,0,1,3,2,B_NEG,aucun,ELEVE
36,81.8,167,29.32,0,1,1,3,2,A_NEG,hypertension,ELEVE
37,127.8,180,39.44,0,1,0,3,3,B_POS,hypertension,ELEVE
39,127.8,178,40.33,0,1,1,3,3,AB_NEG,hypertension,ELEVE
35,94.2,169,32.99,1,1,1,3,3,A_NEG,diabete_hypertension,ELEVE
43,78.2,152,33.84,0,0,0,3,3,A_POS,aucun,ELEVE
39,90.3,166,32.77,0,0,1,3,3,O_NEG,aucun,ELEVE
35,92.5,173,30.92,0,0,1,3,3,AB_NEG,aucun,ELEVE
36,83.9,166,30.44,0,0,1,3,3,B_NEG,aucun,ELEVE
41,80.1,151,35.13,1,0,1,3,3,O_NEG,diabete,ELEVE
40,92.3,179,28.82,0,1,0,3,2,O_POS,hypertension,ELEVE
41,106.7,181,32.58,0,0,1,3,3,A_NEG,aucun,ELEVE
35,95.3,156,39.16,1,0,0,3,3,AB_POS,diabete,ELEVE
44,80.4,151,35.25,1,1,0,3,3,AB_POS,diabete_hypertension,ELEVE
40,91.3,164,33.95,0,0,0,3,3,B_POS,aucun,ELEVE
35,90.6,156,37.24,0,0,1,3,3,A_NEG,aucun,ELEVE
43,92.9,151,40.73,1,0,0,3,3,AB_POS,diabete,ELEVE
45,116.4,173,38.88,1,0,0,3,3,O_POS,diabete,ELEVE
39,88.7,153,37.89,0,0,1,3,3,O_NEG,aucun,ELEVE
45,87.5,152,37.86,1,0,0,3,3,O_POS,diabete,ELEVE
44,72.3,163,27.22,0,0,0,3,2,AB_POS,aucun,ELEVE
45,77.0,167,27.62,1,1,0,3,2,B_POS,diabete_hypertension,ELEVE
38,101.0,173,33.74,0,1,0,3,3,A_POS,hypertension,ELEVE
39,123.1,179,38.43,1,1,1,3,3,AB_NEG,diabete_hypertension,ELEVE
44,69.3,159,27.41,1,0,0,3,2,A_POS,diabete,ELEVE
42,69.2,151,30.34,1,0,0,3,3,B_POS,diabete,ELEVE
39,87.1,177,27.79,1,1,0,3,2,O_POS,diabete_hypertension,ELEVE
37,126.7,175,41.37,1,0,0,3,3,A_POS,diabete,ELEVE
42,98.4,177,31.4,1,1,0,3,3,B_POS,diabete_hypertension,ELEVE
36,127.9,178,40.35,1,1,1,3,3,O_NEG,diabete_hypertension,ELEVE
35,75.9,158,30.42,0,1,1,3,3,A_NEG,hypertension,ELEVE
39,115.4,169,40.4,0,0,0,3,3,A_POS,aucun,ELEVE
44,82.0,156,33.7,1,1,0,3,3,AB_POS,diabete_hypertension,ELEVE
42,74.7,164,27.76,0,0,1,3,2,A_NEG,aucun,ELEVE
44,110.0,171,37.63,1,1,0,3,3,B_POS,diabete_hypertension,ELEVE
39,99.9,180,30.85,0,0,1,3,3,A_NEG,aucun,ELEVE
40,75.5,151,33.13,1,0,1,3,3,O_NEG,diabete,ELEVE
38,72.1,151,31.62,0,0,1,3,3,AB_NEG,aucun,ELEVE
43,71.1,154,29.99,1,0,1,3,2,B_NEG,diabete,ELEVE
44,104.8,158,41.98,1,0,1,3,3,AB_NEG,diabete,ELEVE
36,69.2,158,27.73,0,0,0,3,2,B_POS,aucun,ELEVE
38,90.6,170,31.34,0,1,1,3,3,A_NEG,hypertension,ELEVE
41,76.6,161,29.57,0,1,0,3,2,A_POS,hypertension,ELEVE
36,101.3,158,40.58,0,1,1,3,3,A_NEG,hypertension,ELEVE
45,86.1,170,29.8,1,1,0,3,2,A_POS,diabete_hypertension,ELEVE
36,86.5,170,29.94,1,1,0,3,2,B_POS,diabete_hypertension,ELEVE
36,90.5,165,33.23,0,1,1,3,3,AB_NEG,hypertension,ELEVE
42,109.3,168,38.71,1,1,0,3,3,AB_POS,diabete_hypertension,ELEVE
37,80.6,167,28.9,0,1,0,3,2,O_POS,hypertension,ELEVE
38,83.5,160,32.62,1,0,0,3,3,B_POS,diabete,ELEVE
42,89.5,175,29.24,1,1,0,3,2,AB_POS,diabete_hypertension,ELEVE
42,96.5,157,39.15,0,1,0,3,3,A_POS,hypertension,ELEVE
35,121.2,180,37.4,1,0,1,3,3,O_NEG,diabete,ELEVE
42,74.3,161,28.66,0,1,0,3,2,B_POS,hypertension,ELEVE
36,115.5,174,38.14,1,1,1,3,3,O_NEG,diabete_hypertension,ELEVE
44,105.1,163,39.57,1,0,0,3,3,O_POS,diabete,ELEVE
37,102.4,167,36.71,0,0,0,3,3,B_POS,aucun,ELEVE
45,69.2,160,27.05,1,0,0,3,2,O_POS,diabete,ELEVE
39,65.9,154,27.78,1,1,1,3,2,O_NEG,diabete_hypertension,ELEVE
44,107.1,164,39.82,1,0,0,3,3,AB_POS,diabete,ELEVE
42,100.6,157,40.81,1,1,1,3,3,AB_NEG,diabete_hypertension,ELEVE
39,84.8,163,31.92,0,0,0,3,3,O_POS,aucun,ELEVE
44,104.7,170,36.23,1,0,0,3,3,A_POS,diabete,ELEVE
39,114.2,171,39.04,0,0,0,3,3,A_POS,aucun,ELEVE
38,131.2,177,41.89,0,1,1,3,3,AB_NEG,hypertension,ELEVE
37,83.1,154,35.04,1,0,0,3,3,AB_POS,diabete,ELEVE
39,97.8,157,39.68,0,0,0,3,3,A_POS,aucun,ELEVE
36,101.6,165,37.3,0,1,1,3,3,A_NEG,hypertension,ELEVE
35,104.6,170,36.21,0,0,0,3,3,AB_POS,aucun,ELEVE
44,80.0,167,28.68,1,0,1,3,2,A_NEG,diabete,ELEVE
40,90.0,181,27.49,1,0,0,3,2,A_POS,diabete,ELEVE
44,116.3,168,41.2,0,1,1,3,3,O_NEG,hypertension,ELEVE
45,116.4,174,38.46,0,0,0,3,3,O_POS,aucun,ELEVE
42,98.5,167,35.33,0,0,0,3,3,A_POS,aucun,ELEVE
35,90.2,171,30.86,0,1,1,3,3,AB_NEG,hypertension,ELEVE
43,107.5,172,36.34,0,1,0,3,3,AB_POS,hypertension,ELEVE
39,119.9,172,40.51,1,1,1,3,3,B_NEG,diabete_hypertension,ELEVE
37,93.0,153,39.71,0,1,1,3,3,AB_NEG,hypertension,ELEVE
42,99.1,168,35.12,1,1,0,3,3,O_POS,diabete_hypertension,ELEVE
35,100.5,173,33.59,0,1,0,3,3,O_POS,hypertension,ELEVE
40,114.2,179,35.65,1,1,0,3,3,A_POS,diabete_hypertension,ELEVE
40,111.4,168,39.46,1,0,1,3,3,B_NEG,diabete,ELEVE
41,75.2,154,31.72,0,0,1,3,3,B_NEG,aucun,ELEVE
35,68.5,158,27.46,1,0,1,3,2,O_NEG,diabete,ELEVE
36,89.1,163,33.53,1,0,0,3,3,A_POS,diabete,ELEVE
39,104.9,164,39.02,1,0,1,3,3,B_NEG,diabete,ELEVE
42,122.7,180,37.86,0,1,1,3,3,AB_NEG,hypertension,ELEVE
35,112.8,171,38.58,1,1,1,3,3,AB_NEG,diabete_hypertension,ELEVE
36,85.4,164,31.74,1,0,1,3,3,A_NEG,diabete,ELEVE
40,106.2,169,37.19,1,0,1,3,3,O_NEG,diabete,ELEVE
37,88.0,165,32.31,0,0,1,3,3,A_NEG,aucun,ELEVE
43,120.1,173,40.12,1,1,0,3,3,O_POS,diabete_hypertension,ELEVE
45,120.3,177,38.41,0,0,0,3,3,B_POS,aucun,ELEVE
44,88.9,178,28.04,1,0,0,3,2,A_POS,diabete,ELEVE
45,119.1,176,38.46,1,0,1,3,3,B_NEG,diabete,ELEVE
36,68.3,153,29.19,0,0,1,3,2,O_NEG,aucun,ELEVE
40,129.1,180,39.84,1,0,0,3,3,A_POS,diabete,ELEVE
38,131.6,181,40.17,1,0,1,3,3,O_NEG,diabete,ELEVE
41,89.1,172,30.12,1,1,1,3,3,B_NEG,diabete_hypertension,ELEVE
45,88.5,160,34.56,1,0,1,3,3,A_NEG,diabete,ELEVE
39,89.8,155,37.4,1,0,0,3,3,A_POS,diabete,ELEVE
45,92.2,174,30.46,0,0,1,3,3,A_NEG,aucun,ELEVE
38,87.3,172,29.53,1,1,0,3,2,B_POS,diabete_hypertension,ELEVE
45,87.5,153,37.37,1,0,0,3,3,B_POS,diabete,ELEVE
44,84.7,162,32.27,1,0,1,3,3,AB_NEG,diabete,ELEVE
37,93.9,155,39.08,0,1,0,3,3,B_POS,hypertension,ELEVE
35,92.8,174,30.65,1,0,1,3,3,A_NEG,diabete,ELEVE
40,86.2,155,35.87,0,1,1,3,3,O_NEG,hypertension,ELEVE
43,84.8,172,28.67,0,0,1,3,2,O_NEG,aucun,ELEVE
37,118.1,172,39.94,0,1,0,3,3,B_POS,hypertension,ELEVE
44,81.4,150,36.18,1,0,0,3,3,B_POS,diabete,ELEVE
37,94.7,166,34.37,0,0,0,3,3,B_POS,aucun,ELEVE
41,100.3,158,40.2,1,0,1,3,3,A_NEG,diabete,ELEVE
37,84.5,174,27.9,1,0,1,3,2,AB_NEG,diabete,ELEVE
36,97.2,163,36.57,0,1,0,3,3,O_POS,hypertension,ELEVE
43,106.7,181,32.56,0,1,0,3,3,B_POS,hypertension,ELEVE
37,74.5,165,27.37,1,0,0,3,2,O_POS,diabete,ELEVE
42,82.9,174,27.39,1,0,0,3,2,B_POS,diabete,ELEVE
40,79.8,162,30.41,1,0,1,3,3,AB_NEG,diabete,ELEVE
41,119.9,172,40.54,1,0,1,3,3,AB_NEG,diabete,ELEVE
38,113.1,174,37.35,1,0,1,3,3,A_NEG,diabete,ELEVE
36,126.5,174,41.77,0,0,1,3,3,B_NEG,aucun,ELEVE
35,99.1,165,36.39,1,1,0,3,3,A_POS,diabete_hypertension,ELEVE
43,96.8,181,29.53,0,1,1,3,2,A_NEG,hypertension,ELEVE
36,126.8,175,41.39,0,1,0,3,3,A_POS,hypertension,ELEVE
45,82.5,158,33.03,0,1,1,3,3,O_NEG,hypertension,ELEVE
36,100.4,176,32.4,0,0,1,3,3,O_NEG,aucun,ELEVE
40,98.4,166,35.71,1,0,0,3,3,AB_POS,diabete,ELEVE
38,94.4,157,38.3,1,0,0,3,3,A_POS,diabete,ELEVE
38,73.6,152,31.85,1,0,0,3,3,A_POS,diabete,ELEVE
45,96.7,154,40.77,0,0,0,3,3,A_POS,aucun,ELEVE
42,77.9,156,32.01,0,1,1,3,3,O_NEG,hypertension,ELEVE
43,102.7,177,32.78,0,1,1,3,3,A_NEG,hypertension,ELEVE
40,107.7,177,34.37,0,1,0,3,3,O_POS,hypertension,ELEVE
42,87.1,156,35.81,1,1,0,3,3,A_POS,diabete_hypertension,ELEVE
43,94.3,150,41.89,0,1,1,3,3,B_NEG,hypertension,ELEVE
40,84.1,167,30.14,1,0,1,3,3,AB_NEG,diabete,ELEVE
39,81.2,164,30.18,0,1,1,3,3,B_NEG,hypertension,ELEVE
43,86.7,177,27.67,0,0,1,3,2,A_NEG,aucun,ELEVE
44,86.1,176,27.79,1,0,0,3,2,O_POS,diabete,ELEVE
37,103.7,162,39.5,0,0,1,3,3,AB_NEG,aucun,ELEVE
45,110.2,174,36.41,1,1,0,3,3,B_POS,diabete_hypertension,ELEVE
37,74.6,159,29.51,0,1,0,3,2,O_POS,hypertension,ELEVE
45,114.3,180,35.29,1,0,0,3,3,B_POS,diabete,ELEVE
35,80.0,150,35.56,1,0,0,3,3,B_POS,diabete,ELEVE
42,116.3,168,41.21,1,0,1,3,3,O_NEG,diabete,ELEVE
42,82.4,156,33.85,1,0,0,3,3,O_POS,diabete,ELEVE
40,71.1,152,30.79,1,0,1,3,3,A_NEG,diabete,ELEVE
45,103.9,170,35.94,0,0,0,3,3,O_POS,aucun,ELEVE
44,80.6,171,27.57,1,1,0,3,2,O_POS,diabete_hypertension,ELEVE
39,106.9,166,38.8,0,1,0,3,3,B_POS,hypertension,ELEVE
41,107.4,172,36.31,0,1,1,3,3,AB_NEG,hypertension,ELEVE
45,81.0,171,27.71,1,1,0,3,2,O_POS,diabete_hypertension,ELEVE
44,74.4,164,27.67,1,0,1,3,2,B_NEG,diabete,ELEVE
40,90.4,152,39.15,1,0,0,3,3,O_POS,diabete,ELEVE
45,115.9,181,35.37,1,0,1,3,3,A_NEG,diabete,ELEVE
39,100.6,178,31.75,0,1,1,3,3,B_NEG,hypertension,ELEVE
41,110.2,162,41.98,1,0,1,3,3,O_NEG,diabete,ELEVE
37,94.1,166,34.13,0,0,1,3,3,B_NEG,aucun,ELEVE
41,101.3,174,33.47,1,0,1,3,3,AB_NEG,diabete,ELEVE
44,104.2,174,34.4,0,1,0,3,3,A_POS,hypertension,ELEVE
37,65.2,154,27.48,1,0,0,3,2,O_POS,diabete,ELEVE
42,99.8,164,37.12,0,0,0,3,3,AB_POS,aucun,ELEVE
41,90.9,151,39.85,1,1,0,3,3,O_POS,diabete_hypertension,ELEVE
44,108.3,169,37.92,0,0,1,3,3,A_NEG,aucun,ELEVE
41,96.5,174,31.89,1,0,1,3,3,A_NEG,diabete,ELEVE
43,74.7,162,28.45,0,0,0,3,2,O_POS,aucun,ELEVE
43,121.9,173,40.74,0,1,0,3,3,B_POS,hypertension,ELEVE
37,99.6,156,40.93,1,0,1,3,3,B_NEG,diabete,ELEVE
42,112.6,165,41.36,1,0,1,3,3,B_NEG,diabete,ELEVE
44,74.9,151,32.85,1,0,1,3,3,AB_NEG,diabete,ELEVE
40,123.8,177,39.52,1,0,1,3,3,B_NEG,diabete,ELEVE
45,102.1,163,38.43,1,0,1,3,3,O_NEG,diabete,ELEVE
41,94.1,152,40.73,1,0,1,3,3,A_NEG,diabete,ELEVE
41,99.1,179,30.93,0,1,0,3,3,O_POS,hypertension,ELEVE
35,94.0,151,41.21,0,1,1,3,3,A_NEG,hypertension,ELEVE
37,111.2,169,38.95,1,1,0,3,3,AB_POS,diabete_hypertension,ELEVE
36,88.7,177,28.3,1,1,1,3,2,B_NEG,diabete_hypertension,ELEVE
40,72.4,162,27.58,1,0,0,3,2,O_POS,diabete,ELEVE
43,82.1,151,36.02,0,0,0,3,3,B_POS,aucun,ELEVE
37,72.2,158,28.92,1,1,0,3,2,O_POS,diabete_hypertension,ELEVE
41,114.7,170,39.7,1,0,0,3,3,AB_POS,diabete,ELEVE
36,107.9,163,40.6,1,1,1,3,3,A_NEG,diabete_hypertension,ELEVE
44,96.4,177,30.76,1,1,0,3,3,B_POS,diabete_hypertension,ELEVE
38,76.3,150,33.92,0,0,0,3,3,B_POS,aucun,ELEVE
38,86.4,174,28.53,0,1,1,3,2,AB_NEG,hypertension,ELEVE
45,80.1,159,31.7,0,0,0,3,3,AB_POS,aucun,ELEVE
42,70.8,155,29.47,1,0,1,3,2,B_NEG,diabete,ELEVE
43,91.8,163,34.56,0,0,1,3,3,B_NEG,aucun,ELEVE
38,92.1,162,35.09,0,1,1,3,3,A_NEG,hypertension,ELEVE
40,76.6,164,28.49,1,1,0,3,2,AB_POS,diabete_hypertension,ELEVE
45,105.6,169,36.99,1,0,0,3,3,AB_POS,diabete,ELEVE
41,119.5,181,36.48,0,0,1,3,3,B_NEG,aucun,ELEVE
45,132.6,180,40.92,1,0,0,3,3,A_POS,diabete,ELEVE
36,66.1,153,28.23,0,0,1,3,2,B_NEG,aucun,ELEVE
36,101.8,163,38.33,1,0,1,3,3,AB_NEG,diabete,ELEVE
45,112.6,164,41.88,1,0,0,3,3,AB_POS,diabete,ELEVE
42,86.2,160,33.68,1,0,1,3,3,A_NEG,diabete,ELEVE
42,106.0,162,40.4,1,1,0,3,3,AB_POS,diabete_hypertension,ELEVE
44,92.9,175,30.35,1,0,0,3,3,B_POS,diabete,ELEVE
36,81.4,170,28.16,1,1,1,3,2,AB_NEG,diabete_hypertension,ELEVE
37,81.4,159,32.22,0,0,1,3,3,B_NEG,aucun,ELEVE
39,106.3,181,32.44,1,0,0,3,3,A_POS,diabete,ELEVE
38,112.9,171,38.6,0,0,0,3,3,A_POS,aucun,ELEVE
37,86.6,174,28.6,1,1,1,3,2,A_NEG,diabete_hypertension,ELEVE
36,73.2,162,27.9,1,0,1,3,2,A_NEG,diabete,ELEVE
43,93.5,163,35.18,1,0,1,3,3,AB_NEG,diabete,ELEVE
43,107.8,178,34.02,0,0,1,3,3,B_NEG,aucun,ELEVE
40,101.7,169,35.6,1,1,0,3,3,O_POS,diabete_hypertension,ELEVE
40,92.9,152,40.22,1,0,1,3,3,A_NEG,diabete,ELEVE
41,116.2,174,38.37,1,0,1,3,3,AB_NEG,diabete,ELEVE
36,77.7,163,29.26,1,0,0,3,2,O_POS,diabete,ELEVE
40,91.9,165,33.75,0,1,0,3,3,AB_POS,hypertension,ELEVE
40,126.0,177,40.22,1,1,1,3,3,O_NEG,diabete_hypertension,ELEVE
44,80.6,166,29.24,1,0,0,3,2,B_POS,diabete,ELEVE
38,111.1,180,34.3,1,0,0,3,3,AB_POS,diabete,ELEVE
44,101.3,179,31.61,0,0,1,3,3,AB_NEG,aucun,ELEVE
37,94.9,172,32.07,0,1,1,3,3,O_NEG,hypertension,ELEVE
37,106.5,181,32.5,0,1,0,3,3,B_POS,hypertension,ELEVE
38,75.4,162,28.74,1,0,1,3,2,A_NEG,diabete,ELEVE
40,101.0,178,31.89,1,0,1,3,3,O_NEG,diabete,ELEVE
43,106.6,178,33.66,0,0,0,3,3,A_POS,aucun,ELEVE
41,69.6,159,27.52,1,1,0,3,2,A_POS,diabete_hypertension,ELEVE
44,91.7,176,29.6,0,0,1,3,2,B_NEG,aucun,ELEVE
39,94.1,162,35.84,0,0,0,3,3,AB_POS,aucun,ELEVE
38,81.0,153,34.61,1,0,0,3,3,A_POS,diabete,ELEVE
35,98.6,178,31.13,1,0,0,3,3,AB_POS,diabete,ELEVE
37,119.3,181,36.41,0,1,1,3,3,AB_NEG,hypertension,ELEVE
40,90.8,176,29.31,1,0,0,3,2,AB_POS,diabete,ELEVE
43,106.2,176,34.29,0,0,1,3,3,AB_NEG,aucun,ELEVE
41,107.7,168,38.15,1,0,1,3,3,O_NEG,diabete,ELEVE
42,85.6,175,27.95,0,1,0,3,2,B_POS,hypertension,ELEVE
37,107.0,165,39.3,0,1,1,3,3,AB_NEG,hypertension,ELEVE
40,101.7,156,41.81,0,0,0,3,3,B_POS,aucun,ELEVE
45,89.0,160,34.78,1,0,1,3,3,B_NEG,diabete,ELEVE
41,109.3,168,38.73,1,1,0,3,3,AB_POS,diabete_hypertension,ELEVE
44,89.6,168,31.75,1,0,0,3,3,O_POS,diabete,ELEVE
37,83.6,151,36.68,1,1,0,3,3,O_POS,diabete_hypertension,ELEVE
38,91.3,178,28.8,1,0,1,3,2,A_NEG,diabete,ELEVE
38,107.0,173,35.77,1,1,1,3,3,A_NEG,diabete_hypertension,ELEVE
38,108.6,164,40.37,1,0,1,3,3,O_NEG,diabete,ELEVE
35,126.4,179,39.46,1,0,1,3,3,AB_NEG,diabete,ELEVE
44,94.1,174,31.08,1,1,1,3,3,AB_NEG,diabete_hypertension,ELEVE
38,83.0,167,29.76,1,1,1,3,2,AB_NEG,diabete_hypertension,ELEVE
36,99.8,165,36.64,1,0,1,3,3,O_NEG,diabete,ELEVE
42,89.7,150,39.87,0,1,1,3,3,A_NEG,hypertension,ELEVE
35,110.6,175,36.11,1,0,1,3,3,B_NEG,diabete,ELEVE
42,125.2,176,40.42,1,0,0,3,3,AB_POS,diabete,ELEVE
38,78.2,163,29.43,0,0,1,3,2,B_NEG,aucun,ELEVE
44,127.6,176,41.21,1,0,1,3,3,A_NEG,diabete,ELEVE
42,110.9,181,33.85,0,1,1,3,3,AB_NEG,hypertension,ELEVE
41,68.4,156,28.13,0,0,0,3,2,B_POS,aucun,ELEVE
44,92.2,157,37.4,0,1,1,3,3,O_NEG,hypertension,ELEVE
36,129.6,176,41.85,1,1,1,3,3,O_NEG,diabete_hypertension,ELEVE
42,89.2,166,32.38,0,1,1,3,3,O_NEG,hypertension,ELEVE
45,119.0,172,40.21,1,1,0,3,3,B_POS,diabete_hypertension,ELEVE
43,84.4,151,37.01,1,0,1,3,3,O_NEG,diabete,ELEVE
37,77.4,164,28.77,1,0,0,3,2,AB_POS,diabete,ELEVE
39,118.9,171,40.67,0,0,0,3,3,B_POS,aucun,ELEVE
35,85.2,158,34.13,1,1,0,3,3,O_POS,diabete_hypertension,ELEVE
39,125.6,174,41.48,1,0,0,3,3,B_POS,diabete,ELEVE
41,91.8,153,39.21,0,1,0,3,3,O_POS,hypertension,ELEVE
35,84.2,166,30.54,0,1,0,3,3,B_POS,hypertension,ELEVE
42,80.2,155,33.4,0,0,1,3,3,AB_NEG,aucun,ELEVE
36,72.4,156,29.77,0,0,0,3,2,B_POS,aucun,ELEVE
38,120.9,172,40.86,0,1,1,3,3,A_NEG,hypertension,ELEVE
43,104.1,162,39.66,0,1,1,3,3,A_NEG,hypertension,ELEVE
39,120.8,171,41.31,0,1,1,3,3,AB_NEG,hypertension,ELEVE
35,84.6,155,35.21,0,0,0,3,3,A_POS,aucun,ELEVE
39,84.1,176,27.15,0,1,0,3,2,O_POS,hypertension,ELEVE
42,89.6,160,34.99,1,1,0,3,3,AB_POS,diabete_hypertension,ELEVE
41,115.9,175,37.84,1,0,0,3,3,A_POS,diabete,ELEVE
36,104.3,174,34.46,1,1,0,3,3,O_POS,diabete_hypertension,ELEVE
40,90.5,155,37.69,0,0,0,3,3,A_POS,aucun,ELEVE
43,104.0,176,33.56,1,0,0,3,3,O_POS,diabete,ELEVE
41,93.5,154,39.43,1,1,1,3,3,A_NEG,diabete_hypertension,ELEVE
39,107.7,175,35.16,1,0,1,3,3,B_NEG,diabete,ELEVE
45,89.6,152,38.76,0,0,0,3,3,B_POS,aucun,ELEVE
40,103.3,162,39.38,0,0,1,3,3,A_NEG,aucun,ELEVE
39,106.9,172,36.14,0,1,0,3,3,B_POS,hypertension,ELEVE
35,96.6,168,34.21,1,1,0,3,3,B_POS,diabete_hypertension,ELEVE
44,62.8,152,27.2,1,1,0,3,2,AB_POS,diabete_hypertension,ELEVE
40,73.7,151,32.32,1,0,0,3,3,AB_POS,diabete,ELEVE
40,125.8,181,38.39,1,1,0,3,3,AB_POS,diabete_hypertension,ELEVE
39,102.9,180,31.75,0,0,0,3,3,A_POS,aucun,ELEVE
44,84.8,159,33.52,0,0,0,3,3,B_POS,aucun,ELEVE
35,65.2,151,28.6,0,0,0,3,2,A_POS,aucun,ELEVE
42,78.3,159,30.97,0,0,1,3,3,B_NEG,aucun,ELEVE
43,101.3,167,36.32,0,0,0,3,3,O_POS,aucun,ELEVE
38,87.8,152,37.99,1,0,1,3,3,B_NEG,diabete,ELEVE
43,93.5,173,31.24,1,0,1,3,3,A_NEG,diabete,ELEVE
36,113.9,168,40.37,1,0,0,3,3,O_POS,diabete,ELEVE
35,99.5,177,31.77,1,1,1,3,3,B_NEG,diabete_hypertension,ELEVE
43,89.1,174,29.44,0,1,1,3,2,O_NEG,hypertension,ELEVE
38,92.8,157,37.66,0,0,1,3,3,AB_NEG,aucun,ELEVE
41,68.0,155,28.3,0,0,1,3,2,O_NEG,aucun,ELEVE
41,86.9,165,31.92,0,1,0,3,3,AB_POS,hypertension,ELEVE
43,100.7,165,36.99,1,1,0,3,3,A_POS,diabete_hypertension,ELEVE
39,95.0,168,33.66,0,1,0,3,3,O_POS,hypertension,ELEVE
42,86.8,163,32.68,1,0,0,3,3,AB_POS,diabete,ELEVE
43,114.5,180,35.34,1,1,1,3,3,B_NEG,diabete_hypertension,ELEVE
42,85.2,157,34.58,0,0,0,3,3,O_POS,aucun,ELEVE
41,127.2,175,41.54,0,1,0,3,3,AB_POS,hypertension,ELEVE
43,72.8,155,30.29,1,1,0,3,3,B_POS,diabete_hypertension,ELEVE
37,106.2,179,33.14,1,0,1,3,3,AB_NEG,diabete,ELEVE
37,91.1,165,33.47,0,1,1,3,3,B_NEG,hypertension,ELEVE
39,65.8,152,28.49,1,0,1,3,2,B_NEG,diabete,ELEVE
43,81.9,154,34.53,1,0,0,3,3,AB_POS,diabete,ELEVE
42,115.9,169,40.58,0,0,0,3,3,A_POS,aucun,ELEVE
35,117.4,181,35.84,1,1,1,3,3,O_NEG,diabete_hypertension,ELEVE
39,86.2,174,28.46,1,0,0,3,2,B_POS,diabete,ELEVE
40,91.6,151,40.18,0,0,1,3,3,A_NEG,aucun,ELEVE
45,93.2,181,28.46,1,0,1,3,2,A_NEG,diabete,ELEVE
38,84.4,151,37.0,1,0,0,3,3,B_POS,diabete,ELEVE
43,94.1,153,40.22,0,1,0,3,3,O_POS,hypertension,ELEVE
42,95.9,176,30.95,0,1,1,3,3,AB_NEG,hypertension,ELEVE
45,67.2,152,29.08,0,0,1,3,2,B_NEG,aucun,ELEVE
42,128.8,180,39.77,1,0,0,3,3,B_POS,diabete,ELEVE
35,88.4,177,28.21,1,0,1,3,2,O_NEG,diabete,ELEVE
44,79.6,170,27.56,1,1,0,3,2,A_POS,diabete_hypertension,ELEVE
45,100.9,165,37.05,0,0,0,3,3,O_POS,aucun,ELEVE
37,66.5,156,27.31,1,0,0,3,2,B_POS,diabete,ELEVE
37,81.8,167,29.34,0,0,1,3,2,B_NEG,aucun,ELEVE
44,92.1,175,30.08,0,0,1,3,3,A_NEG,aucun,ELEVE
37,93.4,153,39.89,1,0,1,3,3,A_NEG,diabete,ELEVE
38,85.1,172,28.78,1,0,0,3,2,B_POS,diabete,ELEVE
38,113.3,176,36.57,1,0,0,3,3,A_POS,diabete,ELEVE
41,94.9,174,31.35,1,0,0,3,3,B_POS,diabete,ELEVE
35,96.2,167,34.51,0,0,0,3,3,B_POS,aucun,ELEVE
40,88.0,167,31.56,1,1,1,3,3,AB_NEG,diabete_hypertension,ELEVE
36,91.5,154,38.58,0,0,0,3,3,AB_POS,aucun,ELEVE
40,95.1,163,35.79,1,0,0,3,3,AB_POS,diabete,ELEVE
41,96.4,153,41.17,0,0,0,3,3,AB_POS,aucun,ELEVE
37,77.8,165,28.59,1,1,0,3,2,A_POS,diabete_hypertension,ELEVE
45,95.4,181,29.11,0,1,1,3,2,A_NEG,hypertension,ELEVE
40,98.8,175,32.26,0,1,0,3,3,A_POS,hypertension,ELEVE
41,125.4,176,40.49,0,1,0,3,3,O_POS,hypertension,ELEVE
44,80.9,167,28.99,0,1,0,3,2,AB_POS,hypertension,ELEVE
38,110.2,173,36.83,1,1,1,3,3,B_NEG,diabete_hypertension,ELEVE
36,89.2,162,34.0,0,1,0,3,3,AB_POS,hypertension,ELEVE
37,75.2,164,27.97,0,1,1,3,2,A_NEG,hypertension,ELEVE
35,97.1,160,37.92,1,0,1,3,3,O_NEG,diabete,ELEVE
39,94.7,151,41.55,0,1,0,3,3,A_POS,hypertension,ELEVE
38,104.2,181,31.81,1,1,0,3,3,AB_POS,diabete_hypertension,ELEVE
44,107.7,170,37.26,0,0,0,3,3,AB_POS,aucun,ELEVE
44,112.6,181,34.37,1,0,0,3,3,B_POS,diabete,ELEVE
42,112.0,173,37.42,0,1,0,3,3,AB_POS,hypertension,ELEVE
41,82.4,164,30.65,0,1,1,3,3,A_NEG,hypertension,ELEVE
44,68.7,155,28.61,0,1,0,3,2,O_POS,hypertension,ELEVE
36,94.8,166,34.41,0,1,0,3,3,O_POS,hypertension,ELEVE
41,99.5,158,39.87,1,0,1,3,3,B_NEG,diabete,ELEVE
44,84.3,156,34.65,1,1,1,3,3,A_NEG,diabete_hypertension,ELEVE
36,90.2,150,40.08,0,1,1,3,3,AB_NEG,hypertension,ELEVE
41,95.8,164,35.6,0,0,1,3,3,A_NEG,aucun,ELEVE
43,91.3,158,36.59,1,1,1,3,3,A_NEG,diabete_hypertension,ELEVE
39,69.9,153,29.87,1,1,1,3,2,AB_NEG,diabete_hypertension,ELEVE
35,106.2,177,33.89,1,1,0,3,3,A_POS,diabete_hypertension,ELEVE
35,73.5,159,29.09,1,0,0,3,2,O_POS,diabete,ELEVE
38,122.4,174,40.44,1,1,0,3,3,A_POS,diabete_hypertension,ELEVE
39,104.1,158,41.69,1,0,0,3,3,B_POS,diabete,ELEVE
44,77.5,156,31.83,0,0,1,3,3,B_NEG,aucun,ELEVE
38,99.2,164,36.88,1,0,1,3,3,B_NEG,diabete,ELEVE
40,72.8,162,27.74,0,0,0,3,2,O_POS,aucun,ELEVE
41,87.4,162,33.28,1,1,1,3,3,A_NEG,diabete_hypertension,ELEVE
35,77.7,157,31.51,0,0,1,3,3,A_NEG,aucun,ELEVE
42,101.5,171,34.7,0,1,1,3,3,A_NEG,hypertension,ELEVE
41,110.4,174,36.46,0,1,1,3,3,A_NEG,hypertension,ELEVE
38,121.9,171,41.7,1,0,1,3,3,A_NEG,diabete,ELEVE
40,110.7,180,34.16,1,0,1,3,3,O_NEG,diabete,ELEVE
35,117.6,175,38.41,1,1,0,3,3,B_POS,diabete_hypertension,ELEVE
36,82.2,174,27.15,0,1,0,3,2,B_POS,hypertension,ELEVE
43,83.2,160,32.5,1,0,1,3,3,O_NEG,diabete,ELEVE
37,94.6,159,37.41,0,1,1,3,3,AB_NEG,hypertension,ELEVE
44,87.2,152,37.74,1,1,1,3,3,B_NEG,diabete_hypertension,ELEVE
35,98.4,157,39.94,1,0,0,3,3,B_POS,diabete,ELEVE
37,85.9,174,28.37,1,1,0,3,2,O_POS,diabete_hypertension,ELEVE
37,88.0,178,27.77,0,1,1,3,2,O_NEG,hypertension,ELEVE
42,68.6,159,27.15,0,1,1,3,2,A_NEG,hypertension,ELEVE
41,100.7,160,39.32,0,0,1,3,3,B_NEG,aucun,ELEVE
35,126.4,178,39.89,1,1,0,3,3,O_POS,diabete_hypertension,ELEVE
41,88.4,171,30.22,0,1,0,3,3,B_POS,hypertension,ELEVE
35,71.9,158,28.8,1,1,0,3,2,O_POS,diabete_hypertension,ELEVE
45,98.3,160,38.41,0,1,0,3,3,O_POS,hypertension,ELEVE
40,93.1,159,36.82,1,1,1,3,3,AB_NEG,diabete_hypertension,ELEVE
45,100.9,180,31.13,1,1,0,3,3,B_POS,diabete_hypertension,ELEVE
43,85.8,167,30.77,1,1,0,3,3,AB_POS,diabete_hypertension,ELEVE
35,112.1,180,34.61,0,1,0,3,3,A_POS,hypertension,ELEVE
44,137.4,181,41.95,1,1,0,3,3,AB_POS,diabete_hypertension,ELEVE
38,99.2,175,32.4,1,1,0,3,3,A_POS,diabete_hypertension,ELEVE
39,80.7,161,31.12,1,0,0,3,3,AB_POS,diabete,ELEVE
37,87.4,163,32.91,0,1,0,3,3,AB_POS,hypertension,ELEVE
45,83.6,151,36.66,1,0,0,3,3,AB_POS,diabete,ELEVE
45,90.3,162,34.39,1,1,0,3,3,AB_POS,diabete_hypertension,ELEVE
37,101.2,175,33.05,0,0,0,3,3,O_POS,aucun,ELEVE
40,75.4,153,32.2,0,0,0,3,3,AB_POS,aucun,ELEVE
42,93.6,152,40.52,1,0,0,3,3,A_POS,diabete,ELEVE
41,78.9,164,29.34,1,0,1,3,2,B_NEG,diabete,ELEVE
41,97.2,164,36.15,1,0,1,3,3,A_NEG,diabete,ELEVE
43,90.3,168,32.0,0,0,1,3,3,AB_NEG,aucun,ELEVE
45,84.7,150,37.63,1,0,0,3,3,B_POS,diabete,ELEVE
40,85.6,159,33.85,1,0,0,3,3,AB_POS,diabete,ELEVE
41,114.1,175,37.27,0,1,0,3,3,B_POS,hypertension,ELEVE
44,112.4,176,36.3,1,1,1,3,3,B_NEG,diabete_hypertension,ELEVE
36,71.3,154,30.07,1,1,1,3,3,AB_NEG,diabete_hypertension,ELEVE
36,103.1,180,31.83,1,0,0,3,3,AB_POS,diabete,ELEVE
35,120.5,174,39.8,1,1,0,3,3,AB_POS,diabete_hypertension,ELEVE
43,85.6,157,34.73,0,1,0,3,3,AB_POS,hypertension,ELEVE
36,100.8,165,37.02,1,0,1,3,3,AB_NEG,diabete,ELEVE
42,113.1,170,39.13,1,1,1,3,3,B_NEG,diabete_hypertension,ELEVE
44,85.7,165,31.47,1,1,1,3,3,AB_NEG,diabete_hypertension,ELEVE
39,98.8,154,41.65,1,0,0,3,3,AB_POS,diabete,ELEVE
43,107.9,164,40.12,1,0,0,3,3,B_POS,diabete,ELEVE
43,100.5,175,32.83,1,0,1,3,3,AB_NEG,diabete,ELEVE
40,104.2,168,36.92,0,0,0,3,3,B_POS,aucun,ELEVE
36,126.1,177,40.24,1,1,0,3,3,O_POS,diabete_hypertension,ELEVE
42,114.9,177,36.69,1,0,0,3,3,A_POS,diabete,ELEVE
38,83.3,175,27.21,1,1,0,3,2,A_POS,diabete_hypertension,ELEVE
36,98.1,156,40.31,1,1,0,3,3,O_POS,diabete_hypertension,ELEVE
41,101.1,171,34.58,0,0,0,3,3,A_POS,aucun,ELEVE
40,81.7,161,31.51,0,0,1,3,3,B_NEG,aucun,ELEVE
43,112.1,166,40.68,1,0,1,3,3,O_NEG,diabete,ELEVE
45,97.4,171,33.31,0,0,1,3,3,B_NEG,aucun,ELEVE
36,100.0,162,38.11,0,1,1,3,3,AB_NEG,hypertension,ELEVE
40,103.9,162,39.59,0,0,0,3,3,O_POS,aucun,ELEVE
35,90.0,163,33.86,0,1,0,3,3,A_POS,hypertension,ELEVE
44,115.2,172,38.94,0,0,1,3,3,A_NEG,aucun,ELEVE
39,95.0,161,36.67,1,0,0,3,3,O_POS,diabete,ELEVE
35,95.3,151,41.8,0,0,0,3,3,AB_POS,aucun,ELEVE
42,100.1,170,34.65,1,0,0,3,3,A_POS,diabete,ELEVE
44,79.5,162,30.3,1,0,1,3,3,AB_NEG,diabete,ELEVE
43,120.3,171,41.14,0,0,1,3,3,AB_NEG,aucun,ELEVE
43,103.1,170,35.67,0,1,1,3,3,AB_NEG,hypertension,ELEVE
35,95.8,155,39.88,1,0,0,3,3,A_POS,diabete,ELEVE
38,97.0,177,30.96,1,0,0,3,3,O_POS,diabete,ELEVE
38,109.5,173,36.59,1,1,1,3,3,B_NEG,diabete_hypertension,ELEVE
41,108.7,172,36.76,0,0,0,3,3,AB_POS,aucun,ELEVE
44,90.7,168,32.13,1,0,0,3,3,AB_POS,diabete,ELEVE
41,99.7,171,34.09,1,1,0,3,3,AB_POS,diabete_hypertension,ELEVE
39,79.7,160,31.15,1,0,1,3,3,B_NEG,diabete,ELEVE
40,84.0,169,29.41,0,1,0,3,2,AB_POS,hypertension,ELEVE
35,133.6,179,41.69,0,1,1,3,3,AB_NEG,hypertension,ELEVE
44,105.5,170,36.51,1,0,0,3,3,AB_POS,diabete,ELEVE
36,89.1,153,38.07,0,0,1,3,3,A_NEG,aucun,ELEVE
42,81.6,168,28.92,0,1,0,3,2,A_POS,hypertension,ELEVE
36,82.8,163,31.18,0,1,1,3,3,O_NEG,hypertension,ELEVE
42,117.9,180,36.4,0,1,0,3,3,A_POS,hypertension,ELEVE
39,84.3,156,34.65,0,0,0,3,3,A_POS,aucun,ELEVE
37,74.1,154,31.24,1,1,0,3,3,A_POS,diabete_hypertension,ELEVE
43,79.7,157,32.33,0,1,0,3,3,A_POS,hypertension,ELEVE
42,86.4,173,28.87,0,1,1,3,2,A_NEG,hypertension,ELEVE
43,82.7,172,27.96,0,0,0,3,2,B_POS,aucun,ELEVE
45,109.3,179,34.11,1,1,1,3,3,B_NEG,diabete_hypertension,ELEVE
37,92.4,157,37.5,1,0,0,3,3,A_POS,diabete,ELEVE
40,99.6,162,37.95,1,0,0,3,3,AB_POS,diabete,ELEVE
44,90.3,153,38.59,0,1,1,3,3,AB_NEG,hypertension,ELEVE
44,89.8,162,34.2,0,0,0,3,3,AB_POS,aucun,ELEVE
38,86.7,158,34.73,0,1,1,3,3,A_NEG,hypertension,ELEVE
36,89.4,158,35.82,1,0,1,3,3,B_NEG,diabete,ELEVE
39,85.8,161,33.12,1,0,1,3,3,A_NEG,diabete,ELEVE
42,89.9,168,31.86,0,1,0,3,3,O_POS,hypertension,ELEVE
39,100.9,180,31.13,1,0,0,3,3,AB_POS,diabete,ELEVE
35,101.9,162,38.82,0,0,0,3,3,A_POS,aucun,ELEVE
36,108.5,177,34.64,0,0,0,3,3,B_POS,aucun,ELEVE
38,106.6,161,41.14,1,1,0,3,3,O_POS,diabete_hypertension,ELEVE
43,113.7,177,36.28,0,1,1,3,3,A_NEG,hypertension,ELEVE
37,79.4,153,33.93,1,1,0,3,3,A_POS,diabete_hypertension,ELEVE
44,80.8,172,27.31,0,0,0,3,2,A_POS,aucun,ELEVE
37,72.6,151,31.85,0,1,1,3,3,AB_NEG,hypertension,ELEVE
44,106.9,169,37.43,1,0,1,3,3,O_NEG,diabete,ELEVE
44,97.4,180,30.06,1,1,1,3,3,A_NEG,diabete_hypertension,ELEVE
38,77.8,169,27.24,1,0,1,3,2,B_NEG,diabete,ELEVE
37,117.3,169,41.07,1,1,1,3,3,A_NEG,diabete_hypertension,ELEVE
39,113.6,177,36.27,1,0,1,3,3,O_NEG,diabete,ELEVE
37,119.8,171,40.96,1,0,0,3,3,O_POS,diabete,ELEVE
41,107.2,161,41.34,1,0,1,3,3,B_NEG,diabete,ELEVE
45,81.6,155,33.96,1,0,1,3,3,A_NEG,diabete,ELEVE
43,69.8,152,30.21,1,0,1,3,3,A_NEG,diabete,ELEVE
39,99.8,167,35.78,0,1,1,3,3,AB_NEG,hypertension,ELEVE
37,67.5,153,28.83,1,0,1,3,2,O_NEG,diabete,ELEVE
40,96.2,168,34.08,0,1,0,3,3,B_POS,hypertension,ELEVE
42,86.9,151,38.11,0,1,0,3,3,B_POS,hypertension,ELEVE
37,124.6,179,38.89,0,1,1,3,3,AB_NEG,hypertension,ELEVE
45,104.8,162,39.92,1,1,1,3,3,AB_NEG,diabete_hypertension,ELEVE
42,106.5,175,34.79,0,1,0,3,3,O_POS,hypertension,ELEVE
35,100.9,181,30.78,0,0,0,3,3,B_POS,aucun,ELEVE
36,124.9,178,39.44,1,0,0,3,3,B_POS,diabete,ELEVE
36,126.1,180,38.93,1,1,1,3,3,O_NEG,diabete_hypertension,ELEVE
41,118.3,175,38.64,0,1,0,3,3,B_POS,hypertension,ELEVE
36,99.4,170,34.4,1,1,1,3,3,A_NEG,diabete_hypertension,ELEVE
37,104.2,164,38.74,1,0,1,3,3,AB_NEG,diabete,ELEVE
39,114.2,181,34.87,0,1,0,3,3,A_POS,hypertension,ELEVE
35,79.7,157,32.33,0,0,0,3,3,B_POS,aucun,ELEVE
43,121.9,172,41.19,1,0,0,3,3,O_POS,diabete,ELEVE
37,108.8,179,33.94,0,0,0,3,3,AB_POS,aucun,ELEVE
37,90.9,150,40.41,0,1,0,3,3,A_POS,hypertension,ELEVE
40,67.8,155,28.23,0,0,1,3,2,A_NEG,aucun,ELEVE
45,84.4,159,33.37,0,0,0,3,3,B_POS,aucun,ELEVE
38,98.7,159,39.03,1,0,1,3,3,O_NEG,diabete,ELEVE
37,78.3,151,34.32,1,0,1,3,3,A_NEG,diabete,ELEVE
44,87.5,159,34.62,0,0,0,3,3,O_POS,aucun,ELEVE
44,92.6,154,39.04,0,0,1,3,3,O_NEG,aucun,ELEVE
35,77.6,165,28.5,1,1,1,3,2,B_NEG,diabete_hypertension,ELEVE
42,88.5,155,36.85,1,1,1,3,3,O_NEG,diabete_hypertension,ELEVE
36,109.5,162,41.71,0,1,0,3,3,AB_POS,hypertension,ELEVE
44,78.8,154,33.21,1,0,1,3,3,B_NEG,diabete,ELEVE
35,96.6,160,37.72,0,1,1,3,3,O_NEG,hypertension,ELEVE
36,88.6,173,29.6,1,0,1,3,2,AB_NEG,diabete,ELEVE
40,84.1,169,29.44,0,0,0,3,2,B_POS,aucun,ELEVE
43,99.7,162,38.0,0,1,0,3,3,B_POS,hypertension,ELEVE
35,73.1,154,30.82,1,0,1,3,3,AB_NEG,diabete,ELEVE
43,101.7,163,38.27,1,1,1,3,3,AB_NEG,diabete_hypertension,ELEVE
35,60.8,150,27.03,1,0,0,3,2,O_POS,diabete,ELEVE
39,75.0,150,33.35,0,0,1,3,3,O_NEG,aucun,ELEVE
40,77.5,151,34.01,1,0,1,3,3,AB_NEG,diabete,ELEVE
40,112.3,169,39.31,0,0,0,3,3,AB_POS,aucun,ELEVE
45,82.0,173,27.41,0,1,0,3,2,A_POS,hypertension,ELEVE
38,82.0,158,32.86,1,0,0,3,3,AB_POS,diabete,ELEVE
42,79.7,155,33.19,0,1,1,3,3,O_NEG,hypertension,ELEVE
39,85.9,155,35.77,1,1,1,3,3,O_NEG,diabete_hypertension,ELEVE
39,105.3,166,38.21,0,1,0,3,3,AB_POS,hypertension,ELEVE
43,118.9,181,36.3,0,0,0,3,3,AB_POS,aucun,ELEVE
45,77.3,157,31.37,1,1,1,3,3,AB_NEG,diabete_hypertension,ELEVE
38,106.6,178,33.65,0,1,1,3,3,A_NEG,hypertension,ELEVE
39,72.5,151,31.81,0,1,0,3,3,B_POS,hypertension,ELEVE
37,109.2,180,33.7,0,0,1,3,3,A_NEG,aucun,ELEVE
44,89.1,173,29.77,0,0,0,3,2,O_POS,aucun,ELEVE
42,78.4,154,33.07,0,1,0,3,3,O_POS,hypertension,ELEVE
38,106.2,160,41.48,1,0,0,3,3,O_POS,diabete,ELEVE
44,101.4,162,38.62,1,0,0,3,3,A_POS,diabete,ELEVE
40,95.4,166,34.62,0,1,1,3,3,AB_NEG,hypertension,ELEVE
41,97.7,156,40.13,0,1,1,3,3,A_NEG,hypertension,ELEVE
40,113.7,179,35.5,0,0,0,3,3,O_POS,aucun,ELEVE
38,104.9,172,35.46,1,1,1,3,3,AB_NEG,diabete_hypertension,ELEVE
43,98.0,154,41.3,0,0,1,3,3,B_NEG,aucun,ELEVE
44,118.8,170,41.09,1,1,1,3,3,A_NEG,diabete_hypertension,ELEVE
39,78.0,157,31.66,0,1,0,3,3,AB_POS,hypertension,ELEVE
45,80.7,157,32.74,0,0,0,3,3,A_POS,aucun,ELEVE
43,81.9,172,27.69,0,1,0,3,2,A_POS,hypertension,ELEVE
39,114.0,180,35.2,0,1,1,3,3,B_NEG,hypertension,ELEVE
39,73.4,161,28.33,1,1,1,3,2,B_NEG,diabete_hypertension,ELEVE
42,89.4,159,35.37,0,1,0,3,3,B_POS,hypertension,ELEVE
45,69.8,160,27.25,0,1,1,3,2,AB_NEG,hypertension,ELEVE
37,72.5,160,28.34,0,1,0,3,2,B_POS,hypertension,ELEVE
38,92.1,179,28.74,0,0,1,3,2,B_NEG,aucun,ELEVE
40,86.7,151,38.04,1,0,1,3,3,O_NEG,diabete,ELEVE
41,88.0,165,32.33,1,0,0,3,3,B_POS,diabete,ELEVE
40,100.5,171,34.38,0,0,0,3,3,AB_POS,aucun,ELEVE
40,80.8,153,34.51,0,1,1,3,3,AB_NEG,hypertension,ELEVE
45,97.1,178,30.64,0,0,0,3,3,AB_POS,aucun,ELEVE
39,96.1,177,30.69,0,1,1,3,3,AB_NEG,hypertension,ELEVE
42,80.5,158,32.26,1,1,0,3,3,O_POS,diabete_hypertension,ELEVE
36,105.2,180,32.48,0,1,1,3,3,A_NEG,hypertension,ELEVE
40,76.1,155,31.68,0,0,1,3,3,A_NEG,aucun,ELEVE
36,104.7,160,40.88,0,0,0,3,3,O_POS,aucun,ELEVE
37,91.7,168,32.48,1,1,1,3,3,O_NEG,diabete_hypertension,ELEVE
40,116.1,173,38.8,1,1,1,3,3,B_NEG,diabete_hypertension,ELEVE
39,92.8,155,38.64,1,0,0,3,3,A_POS,diabete,ELEVE
45,114.5,166,41.54,0,1,0,3,3,AB_POS,hypertension,ELEVE
45,102.0,160,39.85,1,0,0,3,3,AB_POS,diabete,ELEVE
41,83.4,169,29.19,0,0,0,3,2,B_POS,aucun,ELEVE
37,86.4,154,36.42,1,0,1,3,3,A_NEG,diabete,ELEVE
42,118.4,181,36.15,0,0,1,3,3,AB_NEG,aucun,ELEVE
38,103.4,167,37.08,0,1,0,3,3,O_POS,hypertension,ELEVE
45,72.5,160,28.32,1,0,0,3,2,A_POS,diabete,ELEVE
43,75.5,166,27.4,0,1,1,3,2,B_NEG,hypertension,ELEVE
39,114.7,166,41.62,0,1,0,3,3,A_POS,hypertension,ELEVE
38,81.4,170,28.16,1,1,0,3,2,B_POS,diabete_hypertension,ELEVE
35,102.4,180,31.62,1,0,1,3,3,B_NEG,diabete,ELEVE
42,66.7,155,27.76,0,1,0,3,2,O_POS,hypertension,ELEVE
43,79.4,157,32.22,1,1,0,3,3,AB_POS,diabete_hypertension,ELEVE
36,63.9,152,27.66,1,1,0,3,2,B_POS,diabete_hypertension,ELEVE
45,84.3,159,33.35,0,0,0,3,3,O_POS,aucun,ELEVE
40,102.6,164,38.13,0,0,1,3,3,A_NEG,aucun,ELEVE
41,100.8,178,31.83,0,1,0,3,3,AB_POS,hypertension,ELEVE
44,121.3,178,38.29,0,0,0,3,3,A_POS,aucun,ELEVE
44,69.2,155,28.81,1,0,1,3,2,B_NEG,diabete,ELEVE
35,74.8,150,33.25,0,1,1,3,3,AB_NEG,hypertension,ELEVE
39,89.0,176,28.73,0,1,1,3,2,B_NEG,hypertension,ELEVE
37,117.1,169,41.0,0,1,1,3,3,O_NEG,hypertension,ELEVE
38,106.5,169,37.31,1,0,0,3,3,A_POS,diabete,ELEVE
36,89.0,175,29.07,1,1,1,3,2,AB_NEG,diabete_hypertension,ELEVE
42,68.1,150,30.27,0,0,1,3,3,O_NEG,aucun,ELEVE
42,91.3,151,40.05,1,1,1,3,3,B_NEG,diabete_hypertension,ELEVE
43,92.8,172,31.37,0,0,1,3,3,AB_NEG,aucun,ELEVE
43,101.8,157,41.3,0,0,1,3,3,AB_NEG,aucun,ELEVE
38,125.9,179,39.28,1,0,0,3,3,O_POS,diabete,ELEVE
38,111.5,173,37.26,0,0,1,3,3,O_NEG,aucun,ELEVE
45,83.0,151,36.39,1,1,1,3,3,O_NEG,diabete_hypertension,ELEVE
39,98.8,156,40.59,0,1,1,3,3,O_NEG,hypertension,ELEVE
37,97.9,154,41.27,1,0,0,3,3,AB_POS,diabete,ELEVE
41,109.0,163,41.04,1,0,0,3,3,O_POS,diabete,ELEVE
42,82.1,162,31.28,1,1,0,3,3,B_POS,diabete_hypertension,ELEVE
40,113.7,180,35.1,1,0,1,3,3,AB_NEG,diabete,ELEVE
40,112.4,178,35.49,1,0,0,3,3,B_POS,diabete,ELEVE
37,73.0,156,30.01,1,0,0,3,3,B_POS,diabete,ELEVE
35,105.8,171,36.18,1,1,1,3,3,O_NEG,diabete_hypertension,ELEVE
37,74.4,157,30.19,0,0,0,3,3,A_POS,aucun,ELEVE
44,81.1,150,36.03,0,1,0,3,3,B_POS,hypertension,ELEVE
41,78.7,153,33.62,0,1,1,3,3,B_NEG,hypertension,ELEVE
40,117.5,175,38.38,0,1,1,3,3,O_NEG,hypertension,ELEVE
35,80.9,158,32.4,0,0,0,3,3,O_POS,aucun,ELEVE
40,103.0,178,32.51,1,1,1,3,3,AB_NEG,diabete_hypertension,ELEVE
37,92.0,181,28.08,0,1,1,3,2,A_NEG,hypertension,ELEVE
41,65.5,152,28.34,1,0,0,3,2,AB_POS,diabete,ELEVE
43,70.0,150,31.11,0,1,0,3,3,A_POS,hypertension,ELEVE
37,114.0,181,34.79,0,0,0,3,3,O_POS,aucun,ELEVE
42,99.1,173,33.11,0,1,1,3,3,AB_NEG,hypertension,ELEVE
45,75.1,166,27.26,1,0,1,3,2,B_NEG,diabete,ELEVE
41,116.7,181,35.62,0,1,0,3,3,AB_POS,hypertension,ELEVE
37,88.4,178,27.88,0,1,1,3,2,AB_NEG,hypertension,ELEVE
42,76.8,153,32.81,0,1,1,3,3,B_NEG,hypertension,ELEVE
39,104.5,168,37.02,0,0,0,3,3,A_POS,aucun,ELEVE
44,121.8,178,38.45,0,1,0,3,3,AB_POS,hypertension,ELEVE
40,123.1,180,37.98,1,0,1,3,3,O_NEG,diabete,ELEVE
44,106.9,160,41.75,1,1,0,3,3,A_POS,diabete_hypertension,ELEVE
38,90.0,154,37.93,1,0,0,3,3,AB_POS,diabete,ELEVE
45,91.8,168,32.52,1,0,0,3,3,A_POS,diabete,ELEVE
41,103.6,177,33.08,0,1,1,3,3,A_NEG,hypertension,ELEVE
42,84.4,163,31.77,1,0,1,3,3,B_NEG,diabete,ELEVE
37,116.5,176,37.61,1,1,0,3,3,AB_POS,diabete_hypertension,ELEVE
36,114.9,177,36.69,0,1,1,3,3,B_NEG,hypertension,ELEVE
45,73.6,163,27.7,1,0,0,3,2,B_POS,diabete,ELEVE
42,90.5,154,38.16,1,1,0,3,3,AB_POS,diabete_hypertension,ELEVE
45,91.0,160,35.55,1,0,0,3,3,B_POS,diabete,ELEVE
43,78.3,153,33.45,1,0,0,3,3,AB_POS,diabete,ELEVE
42,79.7,163,30.01,1,0,1,3,3,AB_NEG,diabete,ELEVE
45,73.0,151,31.99,1,1,1,3,3,O_NEG,diabete_hypertension,ELEVE
40,94.7,173,31.65,0,1,0,3,3,O_POS,hypertension,ELEVE
43,93.0,168,32.95,0,0,1,3,3,B_NEG,aucun,ELEVE
41,79.6,168,28.19,1,1,0,3,2,O_POS,diabete_hypertension,ELEVE
43,97.9,167,35.12,1,0,0,3,3,B_POS,diabete,ELEVE
41,108.0,170,37.36,0,1,0,3,3,O_POS,hypertension,ELEVE
44,110.4,178,34.83,0,0,0,3,3,B_POS,aucun,ELEVE
43,90.4,181,27.6,0,1,1,3,2,AB_NEG,hypertension,ELEVE
42,119.5,175,39.02,1,0,1,3,3,AB_NEG,diabete,ELEVE
42,93.0,164,34.57,0,0,0,3,3,AB_POS,aucun,ELEVE
45,119.0,171,40.7,1,1,0,3,3,AB_POS,diabete_hypertension,ELEVE
40,92.9,162,35.4,0,1,0,3,3,B_POS,hypertension,ELEVE
44,105.8,163,39.83,1,0,1,3,3,A_NEG,diabete,ELEVE
40,111.3,175,36.34,0,0,1,3,3,B_NEG,aucun,ELEVE
35,111.4,177,35.55,1,0,0,3,3,AB_POS,diabete,ELEVE
39,103.4,157,41.95,0,1,0,3,3,AB_POS,hypertension,ELEVE
39,92.7,153,39.61,0,0,1,3,3,AB_NEG,aucun,ELEVE
42,103.1,159,40.77,0,1,0,3,3,AB_POS,hypertension,ELEVE
44,94.9,170,32.85,1,1,0,3,3,B_POS,diabete_hypertension,ELEVE
44,80.2,168,28.42,0,1,0,3,2,B_POS,hypertension,ELEVE
38,112.8,167,40.44,0,1,1,3,3,A_NEG,hypertension,ELEVE
39,120.8,170,41.8,1,0,0,3,3,O_POS,diabete,ELEVE
39,74.7,154,31.51,1,1,0,3,3,B_POS,diabete_hypertension,ELEVE
40,89.0,169,31.15,0,0,1,3,3,AB_NEG,aucun,ELEVE
43,104.8,175,34.22,1,0,1,3,3,AB_NEG,diabete,ELEVE
38,126.9,180,39.15,0,1,0,3,3,A_POS,hypertension,ELEVE
37,115.2,171,39.4,0,1,0,3,3,B_POS,hypertension,ELEVE
41,86.4,176,27.9,1,0,1,3,2,B_NEG,diabete,ELEVE
35,124.9,174,41.27,0,1,1,3,3,A_NEG,hypertension,ELEVE
39,129.0,177,41.16,0,1,1,3,3,B_NEG,hypertension,ELEVE
37,84.5,157,34.27,1,0,1,3,3,AB_NEG,diabete,ELEVE
36,108.9,166,39.5,1,0,0,3,3,AB_POS,diabete,ELEVE
40,80.2,170,27.76,1,1,0,3,2,B_POS,diabete_hypertension,ELEVE
37,76.3,163,28.71,1,0,1,3,2,AB_NEG,diabete,ELEVE
36,97.4,172,32.91,1,0,1,3,3,AB_NEG,diabete,ELEVE
39,106.1,161,40.94,1,1,0,3,3,B_POS,diabete_hypertension,ELEVE
37,97.1,181,29.62,1,1,1,3,2,A_NEG,diabete_hypertension,ELEVE
35,78.2,154,32.96,0,0,1,3,3,AB_NEG,aucun,ELEVE
43,84.9,164,31.58,0,1,1,3,3,A_NEG,hypertension,ELEVE
37,83.7,176,27.03,0,1,0,3,2,AB_POS,hypertension,ELEVE
45,70.8,156,29.09,1,1,1,3,2,AB_NEG,diabete_hypertension,ELEVE
35,99.6,167,35.7,0,1,0,3,3,A_POS,hypertension,ELEVE
38,93.1,160,36.37,1,0,1,3,3,B_NEG,diabete,ELEVE
45,81.4,154,34.33,0,1,1,3,3,B_NEG,hypertension,ELEVE
44,136.9,181,41.79,1,1,1,3,3,B_NEG,diabete_hypertension,ELEVE
44,99.2,175,32.39,1,0,1,3,3,A_NEG,diabete,ELEVE
41,112.9,180,34.86,1,1,0,3,3,AB_POS,diabete_hypertension,ELEVE
35,96.4,176,31.13,0,1,1,3,3,A_NEG,hypertension,ELEVE
35,109.3,176,35.28,0,0,1,3,3,O_NEG,aucun,ELEVE
38,90.3,172,30.52,0,0,1,3,3,O_NEG,aucun,ELEVE
38,102.9,169,36.02,0,0,1,3,3,AB_NEG,aucun,ELEVE
44,97.8,174,32.29,0,1,0,3,3,O_POS,hypertension,ELEVE
35,96.8,154,40.82,1,0,1,3,3,B_NEG,diabete,ELEVE
41,88.3,177,28.2,1,1,1,3,2,B_NEG,diabete_hypertension,ELEVE
43,94.9,151,41.63,0,0,1,3,3,B_NEG,aucun,ELEVE
40,79.5,159,31.44,1,0,0,3,3,AB_POS,diabete,ELEVE
42,95.0,153,40.57,1,0,0,3,3,A_POS,diabete,ELEVE
44,115.5,179,36.05,0,1,0,3,3,AB_POS,hypertension,ELEVE
45,78.6,163,29.58,1,1,1,3,2,AB_NEG,diabete_hypertension,ELEVE
45,123.0,179,38.37,0,1,0,3,3,A_POS,hypertension,ELEVE
42,111.6,164,41.51,1,1,0,3,3,A_POS,diabete_hypertension,ELEVE
43,100.7,161,38.83,1,0,0,3,3,B_POS,diabete,ELEVE
35,82.6,158,33.08,0,1,0,3,3,AB_POS,hypertension,ELEVE
39,84.1,166,30.53,1,0,1,3,3,B_NEG,diabete,ELEVE
40,126.5,174,41.77,0,1,1,3,3,B_NEG,hypertension,ELEVE
42,114.8,181,35.04,1,0,0,3,3,B_POS,diabete,ELEVE
35,87.0,166,31.57,1,1,1,3,3,A_NEG,diabete_hypertension,ELEVE
42,76.2,154,32.12,1,0,1,3,3,O_NEG,diabete,ELEVE
39,91.5,152,39.58,1,0,0,3,3,A_POS,diabete,ELEVE
36,83.4,171,28.54,0,0,0,3,2,O_POS,aucun,ELEVE
39,111.4,177,35.56,1,1,0,3,3,AB_POS,diabete_hypertension,ELEVE
42,90.2,161,34.79,1,0,1,3,3,AB_NEG,diabete,ELEVE
39,97.0,169,33.96,0,1,1,3,3,B_NEG,hypertension,ELEVE
43,106.7,166,38.72,0,1,1,3,3,B_NEG,hypertension,ELEVE
35,69.6,152,30.14,0,1,1,3,3,A_NEG,hypertension,ELEVE
43,74.6,152,32.28,1,0,0,3,3,O_POS,diabete,ELEVE
39,95.7,154,40.34,0,1,0,3,3,A_POS,hypertension,ELEVE
41,105.1,160,41.04,1,0,1,3,3,A_NEG,diabete,ELEVE
42,101.6,170,35.16,1,1,1,3,3,O_NEG,diabete_hypertension,ELEVE
36,89.0,159,35.22,1,0,1,3,3,A_NEG,diabete,ELEVE
45,69.0,154,29.08,1,1,1,3,2,AB_NEG,diabete_hypertension,ELEVE
39,80.8,170,27.96,1,1,1,3,2,O_NEG,diabete_hypertension,ELEVE
40,86.7,174,28.63,1,0,0,3,2,A_POS,diabete,ELEVE
45,74.8,150,33.26,1,0,0,3,3,A_POS,diabete,ELEVE
45,75.5,157,30.62,0,1,0,3,3,B_POS,hypertension,ELEVE
43,90.7,164,33.73,1,1,1,3,3,A_NEG,diabete_hypertension,ELEVE
38,79.6,152,34.47,0,1,1,3,3,A_NEG,hypertension,ELEVE
42,101.9,162,38.84,0,0,1,3,3,B_NEG,aucun,ELEVE
35,83.9,170,29.03,1,1,0,3,2,B_POS,diabete_hypertension,ELEVE
35,90.0,169,31.51,0,1,1,3,3,A_NEG,hypertension,ELEVE
43,81.9,158,32.79,0,0,1,3,3,O_NEG,aucun,ELEVE
45,90.5,162,34.5,0,1,0,3,3,A_POS,hypertension,ELEVE
39,81.1,164,30.17,0,1,0,3,3,B_POS,hypertension,ELEVE
44,108.9,165,40.0,1,1,1,3,3,A_NEG,diabete_hypertension,ELEVE
44,95.7,159,37.86,1,1,0,3,3,B_POS,diabete_hypertension,ELEVE
42,80.8,161,31.19,1,0,0,3,3,B_POS,diabete,ELEVE
39,83.6,163,31.46,0,0,1,3,3,O_NEG,aucun,ELEVE
36,87.1,160,34.02,0,0,0,3,3,B_POS,aucun,ELEVE
39,79.1,166,28.69,1,1,1,3,2,AB_NEG,diabete_hypertension,ELEVE
42,93.1,177,29.72,1,0,0,3,2,AB_POS,diabete,ELEVE
37,73.3,161,28.28,1,0,0,3,2,B_POS,diabete,ELEVE
36,110.3,173,36.84,0,0,1,3,3,A_NEG,aucun,ELEVE
35,61.9,151,27.15,1,0,0,3,2,O_POS,diabete,ELEVE
41,87.4,155,36.38,0,0,1,3,3,B_NEG,aucun,ELEVE
37,99.0,168,35.06,1,0,0,3,3,A_POS,diabete,ELEVE
45,72.3,154,30.47,0,1,1,3,3,AB_NEG,hypertension,ELEVE
45,120.3,170,41.62,0,1,0,3,3,A_POS,hypertension,ELEVE
44,94.0,176,30.34,1,0,1,3,3,A_NEG,diabete,ELEVE
39,89.7,154,37.8,0,0,1,3,3,O_NEG,aucun,ELEVE
39,86.8,152,37.58,0,1,0,3,3,B_POS,hypertension,ELEVE
40,124.8,179,38.95,0,1,0,3,3,A_POS,hypertension,ELEVE
43,81.6,167,29.24,0,1,1,3,2,AB_NEG,hypertension,ELEVE
41,114.9,177,36.68,0,1,0,3,3,O_POS,hypertension,ELEVE
44,108.0,164,40.15,0,0,1,3,3,O_NEG,aucun,ELEVE
36,88.6,167,31.77,1,0,1,3,3,AB_NEG,diabete,ELEVE
40,82.9,158,33.22,1,1,0,3,3,A_POS,diabete_hypertension,ELEVE
45,96.0,153,41.0,1,1,1,3,3,AB_NEG,diabete_hypertension,ELEVE
44,87.8,171,30.02,0,1,0,3,3,O_POS,hypertension,ELEVE
38,104.7,174,34.59,1,0,1,3,3,AB_NEG,diabete,ELEVE
41,96.2,168,34.07,1,0,0,3,3,O_POS,diabete,ELEVE
45,87.7,154,36.99,0,1,0,3,3,A_POS,hypertension,ELEVE
37,82.6,171,28.25,0,1,1,3,2,O_NEG,hypertension,ELEVE
36,81.1,157,32.9,0,0,1,3,3,AB_NEG,aucun,ELEVE
43,91.2,177,29.11,0,0,1,3,2,B_NEG,aucun,ELEVE
44,115.1,173,38.47,1,0,0,3,3,A_POS,diabete,ELEVE
36,80.7,156,33.15,0,0,0,3,3,O_POS,aucun,ELEVE
38,90.5,172,30.58,0,0,0,3,3,O_POS,aucun,ELEVE
45,107.7,180,33.23,1,1,0,3,3,O_POS,diabete_hypertension,ELEVE
44,100.7,164,37.46,1,1,1,3,3,A_NEG,diabete_hypertension,ELEVE
42,83.3,155,34.66,1,1,1,3,3,O_NEG,diabete_hypertension,ELEVE
41,103.2,161,39.8,1,0,0,3,3,AB_POS,diabete,ELEVE
41,96.4,158,38.63,1,1,0,3,3,B_POS,diabete_hypertension,ELEVE
43,83.5,167,29.94,0,1,0,3,2,AB_POS,hypertension,ELEVE
38,94.2,179,29.38,0,1,1,3,2,O_NEG,hypertension,ELEVE
40,90.8,169,31.79,1,0,0,3,3,O_POS,diabete,ELEVE
44,115.3,178,36.39,0,0,1,3,3,B_NEG,aucun,ELEVE
40,86.1,169,30.14,1,1,1,3,3,O_NEG,diabete_hypertension,ELEVE
41,113.1,173,37.77,0,0,1,3,3,B_NEG,aucun,ELEVE
38,97.0,179,30.26,1,0,0,3,3,O_POS,diabete,ELEVE
37,117.9,170,40.79,0,0,0,3,3,A_POS,aucun,ELEVE
40,116.9,179,36.5,0,1,1,3,3,O_NEG,hypertension,ELEVE
45,118.8,171,40.63,0,1,1,3,3,AB_NEG,hypertension,ELEVE
45,80.2,169,28.06,0,1,0,3,2,AB_POS,hypertension,ELEVE
44,117.0,177,37.33,1,0,0,3,3,B_POS,diabete,ELEVE
40,95.5,168,33.83,0,1,0,3,3,AB_POS,hypertension,ELEVE
39,85.1,152,36.84,1,0,1,3,3,B_NEG,diabete,ELEVE
35,103.2,169,36.12,1,0,0,3,3,AB_POS,diabete,ELEVE
39,88.2,156,36.23,0,0,0,3,3,AB_POS,aucun,ELEVE
42,108.9,166,39.51,1,0,0,3,3,O_POS,diabete,ELEVE
36,71.6,155,29.78,0,1,1,3,2,AB_NEG,hypertension,ELEVE
37,86.5,175,28.26,1,0,1,3,2,O_NEG,diabete,ELEVE
40,65.3,153,27.9,0,1,1,3,2,B_NEG,hypertension,ELEVE
35,77.5,168,27.45,1,1,1,3,2,B_NEG,diabete_hypertension,ELEVE
44,90.5,165,33.23,1,1,1,3,3,O_NEG,diabete_hypertension,ELEVE
45,112.6,175,36.77,0,0,1,3,3,B_NEG,aucun,ELEVE
41,103.0,162,39.26,1,0,1,3,3,AB_NEG,diabete,ELEVE
42,85.2,161,32.87,0,1,0,3,3,AB_POS,hypertension,ELEVE
37,122.2,172,41.32,1,0,0,3,3,A_POS,diabete,ELEVE
45,132.4,179,41.34,1,0,0,3,3,B_POS,diabete,ELEVE
36,104.6,159,41.38,0,0,0,3,3,O_POS,aucun,ELEVE
42,105.9,162,40.35,1,0,1,3,3,B_NEG,diabete,ELEVE
36,113.8,167,40.82,0,0,0,3,3,O_POS,aucun,ELEVE
44,84.3,151,36.99,1,0,1,3,3,A_NEG,diabete,ELEVE
35,92.0,161,35.51,0,1,1,3,3,AB_NEG,hypertension,ELEVE
35,94.6,174,31.24,0,0,0,3,3,B_POS,aucun,ELEVE
39,126.0,181,38.45,0,1,0,3,3,A_POS,hypertension,ELEVE
36,102.7,164,38.17,1,1,1,3,3,B_NEG,diabete_hypertension,ELEVE
35,86.9,169,30.44,0,1,1,3,3,B_NEG,hypertension,ELEVE
41,95.2,155,39.64,1,0,1,3,3,A_NEG,diabete,ELEVE
38,131.5,181,40.15,1,1,1,3,3,O_NEG,diabete_hypertension,ELEVE
36,100.9,163,37.98,1,0,1,3,3,AB_NEG,diabete,ELEVE
44,83.8,159,33.16,0,0,1,3,3,A_NEG,aucun,ELEVE
35,98.2,165,36.06,1,0,0,3,3,B_POS,diabete,ELEVE
40,100.7,156,41.37,1,1,1,3,3,O_NEG,diabete_hypertension,ELEVE
43,106.1,161,40.92,1,0,1,3,3,A_NEG,diabete,ELEVE
41,97.4,165,35.76,1,1,1,3,3,O_NEG,diabete_hypertension,ELEVE
44,83.9,158,33.6,1,0,1,3,3,AB_NEG,diabete,ELEVE
38,72.2,163,27.17,1,1,1,3,2,AB_NEG,diabete_hypertension,ELEVE
35,115.6,172,39.08,0,1,1,3,3,AB_NEG,hypertension,ELEVE
37,106.3,175,34.71,0,0,1,3,3,AB_NEG,aucun,ELEVE
44,116.4,171,39.8,1,1,0,3,3,O_POS,diabete_hypertension,ELEVE
35,92.5,171,31.64,1,0,0,3,3,AB_POS,diabete,ELEVE
41,84.5,169,29.57,1,0,0,3,2,O_POS,diabete,ELEVE
35,90.4,175,29.5,0,0,1,3,2,A_NEG,aucun,ELEVE
41,101.4,158,40.62,1,1,1,3,3,AB_NEG,diabete_hypertension,ELEVE
44,71.2,151,31.22,1,0,0,3,3,A_POS,diabete,ELEVE
41,136.5,181,41.67,0,0,0,3,3,O_POS,aucun,ELEVE
35,104.4,164,38.82,1,0,1,3,3,AB_NEG,diabete,ELEVE
41,93.6,177,29.88,1,0,1,3,2,B_NEG,diabete,ELEVE
45,92.6,155,38.53,1,0,0,3,3,B_POS,diabete,ELEVE
44,84.6,159,33.47,1,0,0,3,3,O_POS,diabete,ELEVE
39,111.9,171,38.26,0,0,0,3,3,A_POS,aucun,ELEVE
38,96.3,164,35.79,0,0,1,3,3,B_NEG,aucun,ELEVE
38,94.9,153,40.55,0,1,0,3,3,O_POS,hypertension,ELEVE
44,84.9,168,30.09,1,0,1,3,3,O_NEG,diabete,ELEVE
36,95.4,175,31.15,0,0,1,3,3,A_NEG,aucun,ELEVE
35,98.8,172,33.38,1,0,0,3,3,A_POS,diabete,ELEVE
37,99.8,172,33.73,0,1,1,3,3,B_NEG,hypertension,ELEVE
39,108.3,163,40.77,1,0,1,3,3,O_NEG,diabete,ELEVE
39,129.9,177,41.45,1,0,0,3,3,A_POS,diabete,ELEVE
39,89.7,170,31.04,0,1,1,3,3,O_NEG,hypertension,ELEVE
44,73.1,151,32.08,1,1,0,3,3,A_POS,diabete_hypertension,ELEVE
41,106.9,172,36.13,1,1,0,3,3,B_POS,diabete_hypertension,ELEVE
39,92.2,172,31.18,1,1,1,3,3,O_NEG,diabete_hypertension,ELEVE
35,89.7,175,29.28,1,1,0,3,2,AB_POS,diabete_hypertension,ELEVE
37,109.2,177,34.85,0,1,0,3,3,O_POS,hypertension,ELEVE
38,118.4,178,37.38,1,0,0,3,3,O_POS,diabete,ELEVE
45,65.8,153,28.11,0,1,1,3,2,O_NEG,hypertension,ELEVE
37,99.3,164,36.93,0,1,0,3,3,B_POS,hypertension,ELEVE
45,74.9,150,33.29,1,0,0,3,3,A_POS,diabete,ELEVE
44,96.8,168,34.29,1,0,1,3,3,B_NEG,diabete,ELEVE
42,79.4,157,32.2,1,0,1,3,3,O_NEG,diabete,ELEVE
40,87.8,166,31.87,0,0,0,3,3,O_POS,aucun,ELEVE
44,78.1,150,34.7,1,1,0,3,3,A_POS,diabete_hypertension,ELEVE
36,88.8,150,39.45,1,0,0,3,3,O_POS,diabete,ELEVE
44,93.0,161,35.88,0,0,0,3,3,O_POS,aucun,ELEVE
43,95.3,159,37.68,1,0,0,3,3,A_POS,diabete,ELEVE
41,109.6,181,33.44,1,0,0,3,3,O_POS,diabete,ELEVE
37,100.7,175,32.89,1,1,1,3,3,O_NEG,diabete_hypertension,ELEVE
41,103.3,177,32.99,1,0,0,3,3,A_POS,diabete,ELEVE
44,122.0,177,38.93,1,1,0,3,3,B_POS,diabete_hypertension,ELEVE
36,115.8,174,38.23,1,0,0,3,3,A_POS,diabete,ELEVE
44,128.4,180,39.63,1,1,0,3,3,A_POS,diabete_hypertension,ELEVE
38,89.8,173,30.01,1,0,0,3,3,A_POS,diabete,ELEVE
40,66.6,150,29.6,1,0,1,3,2,B_NEG,diabete,ELEVE
39,88.0,179,27.46,1,1,0,3,2,O_POS,diabete_hypertension,ELEVE
35,121.0,177,38.63,0,0,0,3,3,A_POS,aucun,ELEVE
41,94.8,175,30.97,1,0,0,3,3,AB_POS,diabete,ELEVE
35,130.0,179,40.56,0,0,1,3,3,A_NEG,aucun,ELEVE
38,98.8,174,32.65,1,1,1,3,3,B_NEG,diabete_hypertension,ELEVE
44,85.6,165,31.45,1,0,0,3,3,AB_POS,diabete,ELEVE
36,103.7,181,31.65,0,1,0,3,3,B_POS,hypertension,ELEVE
43,67.7,152,29.29,1,0,0,3,2,O_POS,diabete,ELEVE
37,60.9,150,27.06,1,0,0,3,2,B_POS,diabete,ELEVE
41,106.7,166,38.71,1,0,1,3,3,O_NEG,diabete,ELEVE
37,97.9,156,40.23,1,1,0,3,3,AB_POS,diabete_hypertension,ELEVE
37,78.0,159,30.86,1,0,0,3,3,AB_POS,diabete,ELEVE
38,99.8,158,39.96,1,1,0,3,3,O_POS,diabete_hypertension,ELEVE
41,81.7,162,31.15,1,1,0,3,3,AB_POS,diabete_hypertension,ELEVE
35,107.4,167,38.51,1,0,1,3,3,A_NEG,diabete,ELEVE
36,95.4,174,31.5,1,0,1,3,3,A_NEG,diabete,ELEVE
43,102.4,179,31.97,0,0,1,3,3,AB_NEG,aucun,ELEVE
35,88.3,161,34.08,0,0,1,3,3,A_NEG,aucun,ELEVE
37,95.0,154,40.06,1,1,1,3,3,O_NEG,diabete_hypertension,ELEVE
35,115.4,170,39.94,1,0,1,3,3,AB_NEG,diabete,ELEVE
36,107.9,172,36.46,0,1,0,3,3,AB_POS,hypertension,ELEVE
37,128.3,179,40.06,1,0,1,3,3,O_NEG,diabete,ELEVE
35,74.2,155,30.89,1,0,1,3,3,O_NEG,diabete,ELEVE
39,125.3,174,41.38,0,1,1,3,3,A_NEG,hypertension,ELEVE
41,87.8,155,36.54,0,1,1,3,3,O_NEG,hypertension,ELEVE
36,116.3,175,37.97,0,0,1,3,3,B_NEG,aucun,ELEVE
44,101.9,162,38.82,0,0,0,3,3,B_POS,aucun,ELEVE
45,74.8,165,27.46,1,0,1,3,2,A_NEG,diabete,ELEVE
41,98.3,157,39.87,1,1,1,3,3,AB_NEG,diabete_hypertension,ELEVE
38,123.0,181,37.55,0,0,1,3,3,AB_NEG,aucun,ELEVE
40,99.3,179,31.0,0,0,1,3,3,AB_NEG,aucun,ELEVE
39,68.3,151,29.98,1,0,0,3,2,O_POS,diabete,ELEVE
41,118.4,173,39.56,0,0,1,3,3,O_NEG,aucun,ELEVE
45,93.8,179,29.28,0,0,1,3,2,B_NEG,aucun,ELEVE
45,66.2,154,27.89,1,0,1,3,2,AB_NEG,diabete,ELEVE
36,121.0,180,37.33,1,1,1,3,3,O_NEG,diabete_hypertension,ELEVE
35,126.8,175,41.42,0,1,1,3,3,B_NEG,hypertension,ELEVE
39,68.9,153,29.42,0,1,1,3,2,O_NEG,hypertension,ELEVE
42,86.7,152,37.53,0,0,0,3,3,O_POS,aucun,ELEVE
40,95.3,179,29.74,1,0,1,3,2,AB_NEG,diabete,ELEVE
45,77.7,168,27.52,0,0,0,3,2,AB_POS,aucun,ELEVE
40,105.9,180,32.69,1,0,0,3,3,O_POS,diabete,ELEVE
44,76.1,155,31.66,1,1,1,3,3,B_NEG,diabete_hypertension,ELEVE
44,97.7,172,33.02,0,0,1,3,3,O_NEG,aucun,ELEVE
41,107.4,180,33.16,0,1,1,3,3,A_NEG,hypertension,ELEVE
39,109.1,164,40.58,0,1,0,3,3,A_POS,hypertension,ELEVE
42,113.5,171,38.82,1,1,0,3,3,A_POS,diabete_hypertension,ELEVE
42,107.2,167,38.46,0,1,1,3,3,AB_NEG,hypertension,ELEVE
36,95.9,180,29.61,0,1,0,3,2,AB_POS,hypertension,ELEVE
39,81.4,165,29.88,0,0,0,3,2,B_POS,aucun,ELEVE
37,70.8,151,31.06,1,0,0,3,3,B_POS,diabete,ELEVE
36,104.2,179,32.51,1,1,1,3,3,AB_NEG,diabete_hypertension,ELEVE
38,82.1,173,27.44,1,0,1,3,2,A_NEG,diabete,ELEVE
45,98.4,177,31.41,1,0,0,3,3,O_POS,diabete,ELEVE
39,88.6,161,34.2,0,0,0,3,3,AB_POS,aucun,ELEVE
35,102.9,161,39.7,0,1,0,3,3,B_POS,hypertension,ELEVE
40,89.5,173,29.9,1,0,1,3,2,A_NEG,diabete,ELEVE
41,74.0,163,27.85,1,1,1,3,2,B_NEG,diabete_hypertension,ELEVE
37,113.3,167,40.61,1,0,0,3,3,O_POS,diabete,ELEVE
40,73.0,156,30.0,0,1,0,3,3,O_POS,hypertension,ELEVE
43,73.0,150,32.45,0,0,0,3,3,B_POS,aucun,ELEVE
42,97.2,156,39.96,1,0,1,3,3,AB_NEG,diabete,ELEVE
43,84.1,174,27.79,1,1,1,3,2,B_NEG,diabete_hypertension,ELEVE
41,90.4,165,33.19,1,0,0,3,3,O_POS,diabete,ELEVE
43,89.1,179,27.8,1,0,1,3,2,O_NEG,diabete,ELEVE
39,92.2,161,35.56,0,1,1,3,3,A_NEG,hypertension,ELEVE
39,86.8,150,38.59,1,1,1,3,3,AB_NEG,diabete_hypertension,ELEVE
41,134.9,181,41.19,0,0,1,3,3,A_NEG,aucun,ELEVE
35,93.7,173,31.3,1,0,1,3,3,O_NEG,diabete,ELEVE
36,92.1,154,38.85,0,0,0,3,3,A_POS,aucun,ELEVE
45,82.0,151,35.95,0,0,0,3,3,AB_POS,aucun,ELEVE
35,126.9,176,40.96,0,1,0,3,3,A_POS,hypertension,ELEVE
43,107.7,162,41.05,1,0,0,3,3,B_POS,diabete,ELEVE
35,65.3,152,28.28,0,1,1,3,2,O_NEG,hypertension,ELEVE
45,77.4,153,33.08,1,1,1,3,3,B_NEG,diabete_hypertension,ELEVE
42,89.9,151,39.41,1,0,1,3,3,B_NEG,diabete,ELEVE
39,67.5,151,29.61,1,1,0,3,2,B_POS,diabete_hypertension,ELEVE
40,85.8,171,29.36,1,0,0,3,2,O_POS,diabete,ELEVE
36,88.6,157,35.96,1,0,1,3,3,O_NEG,diabete,ELEVE
40,96.1,179,29.99,0,0,0,3,2,A_POS,aucun,ELEVE
45,91.5,159,36.19,0,1,1,3,3,O_NEG,hypertension,ELEVE
45,91.2,154,38.46,0,0,0,3,3,O_POS,aucun,ELEVE
38,93.2,156,38.28,0,1,1,3,3,A_NEG,hypertension,ELEVE
39,121.3,180,37.42,1,0,1,3,3,AB_NEG,diabete,ELEVE
37,72.8,157,29.52,0,0,1,3,2,A_NEG,aucun,ELEVE
38,88.0,152,38.09,1,1,0,3,3,B_POS,diabete_hypertension,ELEVE
39,92.5,166,33.55,1,0,1,3,3,AB_NEG,diabete,ELEVE
41,127.1,180,39.22,1,0,1,3,3,O_NEG,diabete,ELEVE
37,101.7,162,38.76,1,0,0,3,3,B_POS,diabete,ELEVE
41,79.2,166,28.74,0,1,1,3,2,AB_NEG,hypertension,ELEVE
37,83.8,170,28.98,0,0,0,3,2,O_POS,aucun,ELEVE
44,108.5,172,36.68,0,1,1,3,3,A_NEG,hypertension,ELEVE
37,111.9,176,36.11,1,1,1,3,3,O_NEG,diabete_hypertension,ELEVE
43,83.9,151,36.78,1,0,0,3,3,B_POS,diabete,ELEVE
39,87.6,155,36.46,1,0,0,3,3,AB_POS,diabete,ELEVE
39,89.6,164,33.32,1,0,1,3,3,A_NEG,diabete,ELEVE
45,89.0,150,39.57,1,0,0,3,3,A_POS,diabete,ELEVE
41,73.9,152,32.01,0,0,1,3,3,A_NEG,aucun,ELEVE
36,113.8,165,41.8,0,1,0,3,3,A_POS,hypertension,ELEVE
44,65.8,150,29.23,1,1,1,3,2,AB_NEG,diabete_hypertension,ELEVE
41,131.0,179,40.87,1,1,1,3,3,B_NEG,diabete_hypertension,ELEVE
39,82.6,151,36.21,1,0,1,3,3,O_NEG,diabete,ELEVE
44,91.3,174,30.14,1,1,0,3,3,O_POS,diabete_hypertension,ELEVE
36,97.8,176,31.57,0,0,1,3,3,A_NEG,aucun,ELEVE
36,74.2,151,32.56,1,1,1,3,3,O_NEG,diabete_hypertension,ELEVE
44,113.6,171,38.86,0,0,1,3,3,A_NEG,aucun,ELEVE
37,97.4,165,35.77,0,0,0,3,3,O_POS,aucun,ELEVE
38,119.9,175,39.14,1,1,1,3,3,A_NEG,diabete_hypertension,ELEVE
40,128.8,179,40.18,0,0,1,3,3,O_NEG,aucun,ELEVE
41,84.5,173,28.23,0,0,1,3,2,B_NEG,aucun,ELEVE
43,73.6,165,27.04,0,1,1,3,2,AB_NEG,hypertension,ELEVE
41,96.7,178,30.53,1,0,0,3,3,B_POS,diabete,ELEVE
42,83.8,158,33.58,0,1,1,3,3,O_NEG,hypertension,ELEVE
38,83.4,152,36.11,1,0,0,3,3,O_POS,diabete,ELEVE
42,75.7,157,30.71,0,1,0,3,3,B_POS,hypertension,ELEVE
44,117.3,180,36.2,1,1,0,3,3,O_POS,diabete_hypertension,ELEVE
36,117.7,173,39.34,1,0,0,3,3,AB_POS,diabete,ELEVE
37,113.6,179,35.47,1,0,0,3,3,AB_POS,diabete,ELEVE
35,127.7,175,41.7,1,1,0,3,3,AB_POS,diabete_hypertension,ELEVE
36,106.6,174,35.21,1,0,1,3,3,O_NEG,diabete,ELEVE
39,74.2,154,31.27,0,0,1,3,3,O_NEG,aucun,ELEVE
40,114.8,171,39.25,1,0,1,3,3,AB_NEG,diabete,ELEVE
44,70.4,152,30.47,0,0,0,3,3,A_POS,aucun,ELEVE
45,116.1,178,36.65,0,0,1,3,3,O_NEG,aucun,ELEVE
45,81.5,173,27.23,0,1,1,3,2,A_NEG,hypertension,ELEVE
40,68.6,154,28.94,1,1,0,3,2,O_POS,diabete_hypertension,ELEVE
40,83.1,168,29.43,0,0,0,3,2,A_POS,aucun,ELEVE
41,107.2,177,34.2,1,0,1,3,3,B_NEG,diabete,ELEVE
39,81.0,164,30.11,1,0,0,3,3,O_POS,diabete,ELEVE
37,102.2,160,39.93,1,1,1,3,3,A_NEG,diabete_hypertension,ELEVE
38,81.9,164,30.47,1,0,0,3,3,O_POS,diabete,ELEVE
41,78.3,167,28.09,1,1,0,3,2,AB_POS,diabete_hypertension,ELEVE
41,83.1,155,34.58,0,0,1,3,3,B_NEG,aucun,ELEVE
43,79.3,164,29.49,1,0,0,3,2,A_POS,diabete,ELEVE
38,90.2,177,28.79,0,1,0,3,2,B_POS,hypertension,ELEVE
39,89.9,154,37.93,0,1,0,3,3,O_POS,hypertension,ELEVE
36,112.8,172,38.13,1,1,0,3,3,A_POS,diabete_hypertension,ELEVE
45,71.7,155,29.86,1,1,0,3,2,B_POS,diabete_hypertension,ELEVE
36,105.3,162,40.11,1,0,1,3,3,O_NEG,diabete,ELEVE
41,86.8,151,38.05,0,1,0,3,3,A_POS,hypertension,ELEVE
43,116.6,172,39.41,1,0,1,3,3,O_NEG,diabete,ELEVE
43,89.5,161,34.53,1,1,1,3,3,B_NEG,diabete_hypertension,ELEVE
45,65.3,151,28.64,0,0,1,3,2,A_NEG,aucun,ELEVE
36,85.1,150,37.8,0,0,1,3,3,B_NEG,aucun,ELEVE
45,92.3,152,39.94,0,0,0,3,3,AB_POS,aucun,ELEVE
45,79.0,162,30.09,0,0,1,3,3,A_NEG,aucun,ELEVE
35,73.7,153,31.49,1,0,1,3,3,B_NEG,diabete,ELEVE
43,111.3,171,38.07,1,0,1,3,3,AB_NEG,diabete,ELEVE
36,102.5,158,41.05,0,1,1,3,3,A_NEG,hypertension,ELEVE
42,125.4,175,40.93,0,0,0,3,3,B_POS,aucun,ELEVE
36,76.7,166,27.82,1,0,0,3,2,O_POS,diabete,ELEVE
38,88.2,160,34.47,1,0,0,3,3,B_POS,diabete,ELEVE
44,77.3,159,30.56,1,1,0,3,3,A_POS,diabete_hypertension,ELEVE
44,109.3,177,34.87,0,0,1,3,3,O_NEG,aucun,ELEVE
35,80.1,161,30.91,0,0,0,3,3,AB_POS,aucun,ELEVE
42,89.5,163,33.7,1,1,0,3,3,B_POS,diabete_hypertension,ELEVE
44,95.8,173,32.02,0,1,1,3,3,O_NEG,hypertension,ELEVE
44,96.2,165,35.32,0,1,1,3,3,O_NEG,hypertension,ELEVE
37,86.0,150,38.21,0,0,1,3,3,AB_NEG,aucun,ELEVE
41,78.3,151,34.33,1,0,1,3,3,A_NEG,diabete,ELEVE
37,85.6,155,35.62,0,0,0,3,3,A_POS,aucun,ELEVE
40,119.2,179,37.21,0,0,0,3,3,B_POS,aucun,ELEVE
44,103.8,175,33.88,0,1,0,3,3,AB_POS,hypertension,ELEVE
36,89.9,151,39.44,1,0,0,3,3,O_POS,diabete,ELEVE
38,94.8,165,34.81,0,0,0,3,3,AB_POS,aucun,ELEVE
45,116.6,173,38.95,1,0,0,3,3,AB_POS,diabete,ELEVE
39,119.4,173,39.91,0,0,1,3,3,AB_NEG,aucun,ELEVE
42,83.4,153,35.63,1,1,1,3,3,AB_NEG,diabete_hypertension,ELEVE
42,91.2,167,32.69,0,1,1,3,3,O_NEG,hypertension,ELEVE
44,95.5,169,33.43,0,0,1,3,3,B_NEG,aucun,ELEVE
39,95.9,177,30.63,0,1,1,3,3,B_NEG,hypertension,ELEVE
37,97.0,169,33.95,1,1,1,3,3,B_NEG,diabete_hypertension,ELEVE
45,106.2,172,35.9,0,1,0,3,3,AB_POS,hypertension,ELEVE
43,84.8,162,32.32,0,0,1,3,3,O_NEG,aucun,ELEVE
45,109.9,171,37.57,0,1,1,3,3,A_NEG,hypertension,ELEVE
43,66.9,151,29.32,1,0,0,3,2,AB_POS,diabete,ELEVE
42,97.5,167,34.95,1,0,0,3,3,O_POS,diabete,ELEVE
40,123.6,172,41.78,1,0,0,3,3,A_POS,diabete,ELEVE
43,105.7,159,41.82,1,0,0,3,3,B_POS,diabete,ELEVE
37,69.1,156,28.39,0,0,1,3,2,A_NEG,aucun,ELEVE
40,88.0,154,37.13,1,0,1,3,3,B_NEG,diabete,ELEVE
44,91.7,171,31.35,1,1,0,3,3,B_POS,diabete_hypertension,ELEVE
44,76.5,158,30.66,0,1,1,3,3,A_NEG,hypertension,ELEVE
37,84.0,152,36.34,0,0,1,3,3,B_NEG,aucun,ELEVE
43,76.6,154,32.31,1,1,0,3,3,O_POS,diabete_hypertension,ELEVE
42,97.5,155,40.6,1,1,0,3,3,A_POS,diabete_hypertension,ELEVE
38,116.0,180,35.82,1,1,0,3,3,AB_POS,diabete_hypertension,ELEVE
45,114.4,166,41.5,1,1,1,3,3,B_NEG,diabete_hypertension,ELEVE
45,108.9,176,35.15,0,1,1,3,3,A_NEG,hypertension,ELEVE
40,124.7,174,41.18,1,0,0,3,3,B_POS,diabete,ELEVE
38,65.5,150,29.12,0,1,0,3,2,AB_POS,hypertension,ELEVE
35,132.3,178,41.77,0,0,0,3,3,O_POS,aucun,ELEVE
37,80.0,159,31.64,1,0,1,3,3,O_NEG,diabete,ELEVE
44,86.3,155,35.92,1,0,1,3,3,A_NEG,diabete,ELEVE
41,114.6,167,41.1,1,0,0,3,3,B_POS,diabete,ELEVE
44,118.6,170,41.04,1,0,1,3,3,AB_NEG,diabete,ELEVE
41,91.7,179,28.63,0,0,0,3,2,A_POS,aucun,ELEVE
37,98.2,164,36.51,0,1,0,3,3,B_POS,hypertension,ELEVE
40,71.3,153,30.45,1,0,0,3,3,AB_POS,diabete,ELEVE
36,63.6,151,27.88,1,0,0,3,2,O_POS,diabete,ELEVE
43,74.2,164,27.6,0,0,0,3,2,O_POS,aucun,ELEVE
43,96.9,160,37.85,1,1,0,3,3,A_POS,diabete_hypertension,ELEVE
36,97.2,154,40.97,1,0,0,3,3,A_POS,diabete,ELEVE
41,89.4,175,29.18,1,1,0,3,2,O_POS,diabete_hypertension,ELEVE
45,113.4,180,35.02,1,1,0,3,3,B_POS,diabete_hypertension,ELEVE
40,106.6,167,38.23,0,1,1,3,3,O_NEG,hypertension,ELEVE
42,113.5,169,39.75,1,1,1,3,3,AB_NEG,diabete_hypertension,ELEVE
45,114.6,181,34.98,0,1,0,3,3,AB_POS,hypertension,ELEVE
38,73.5,156,30.2,0,1,0,3,3,B_POS,hypertension,ELEVE
42,111.2,170,38.48,0,0,0,3,3,B_POS,aucun,ELEVE
43,117.2,177,37.42,0,1,1,3,3,A_NEG,hypertension,ELEVE
40,79.0,168,28.0,1,1,0,3,2,B_POS,diabete_hypertension,ELEVE
42,79.3,157,32.17,0,0,0,3,3,AB_POS,aucun,ELEVE
44,94.5,167,33.88,1,0,1,3,3,O_NEG,diabete,ELEVE
39,72.7,164,27.02,1,0,1,3,2,O_NEG,diabete,ELEVE
42,107.7,173,35.99,1,1,0,3,3,O_POS,diabete_hypertension,ELEVE
37,117.0,178,36.92,1,1,1,3,3,AB_NEG,diabete_hypertension,ELEVE
38,96.2,174,31.77,1,1,0,3,3,O_POS,diabete_hypertension,ELEVE
36,110.8,176,35.76,1,0,1,3,3,A_NEG,diabete,ELEVE
42,77.3,157,31.36,0,0,0,3,3,AB_POS,aucun,ELEVE
35,89.9,159,35.57,0,1,0,3,3,B_POS,hypertension,ELEVE
35,69.1,159,27.34,1,1,0,3,2,O_POS,diabete_hypertension,ELEVE
45,107.0,160,41.8,0,0,0,3,3,A_POS,aucun,ELEVE
37,80.3,160,31.35,1,1,0,3,3,B_POS,diabete_hypertension,ELEVE
40,97.9,171,33.47,0,0,1,3,3,AB_NEG,aucun,ELEVE
40,89.7,178,28.3,0,0,1,3,2,AB_NEG,aucun,ELEVE
40,65.6,151,28.75,0,0,0,3,2,AB_POS,aucun,ELEVE
39,99.1,179,30.92,0,0,1,3,3,A_NEG,aucun,ELEVE
40,110.2,162,42.0,1,0,1,3,3,AB_NEG,diabete,ELEVE
36,107.8,178,34.01,1,1,0,3,3,B_POS,diabete_hypertension,ELEVE
41,107.5,178,33.93,0,1,1,3,3,B_NEG,hypertension,ELEVE
42,105.2,179,32.83,0,1,1,3,3,A_NEG,hypertension,ELEVE
35,125.1,181,38.19,0,1,0,3,3,A_POS,hypertension,ELEVE
37,114.0,169,39.9,0,0,1,3,3,B_NEG,aucun,ELEVE
43,103.6,170,35.83,0,1,1,3,3,AB_NEG,hypertension,ELEVE
36,81.7,165,30.0,1,0,1,3,3,O_NEG,diabete,ELEVE
43,67.7,150,30.08,1,0,1,3,3,B_NEG,diabete,ELEVE
39,86.8,178,27.39,1,0,1,3,2,O_NEG,diabete,ELEVE
41,67.1,156,27.55,0,1,0,3,2,A_POS,hypertension,ELEVE
37,118.9,170,41.15,1,1,0,3,3,B_POS,diabete_hypertension,ELEVE
37,94.2,174,31.1,1,0,0,3,3,AB_POS,diabete,ELEVE
40,86.6,168,30.67,0,0,1,3,3,O_NEG,aucun,ELEVE
37,82.2,154,34.66,1,0,0,3,3,O_POS,diabete,ELEVE
36,88.6,151,38.87,0,1,1,3,3,O_NEG,hypertension,ELEVE
44,96.8,170,33.5,0,1,1,3,3,A_NEG,hypertension,ELEVE
42,92.8,151,40.72,1,1,1,3,3,B_NEG,diabete_hypertension,ELEVE
42,99.2,169,34.73,1,1,1,3,3,O_NEG,diabete_hypertension,ELEVE
40,120.7,180,37.25,1,0,0,3,3,AB_POS,diabete,ELEVE
36,77.5,156,31.85,1,1,1,3,3,B_NEG,diabete_hypertension,ELEVE
42,95.4,168,33.82,1,1,1,3,3,A_NEG,diabete_hypertension,ELEVE
